Year,Quarter,Month,DayofMonth,DayOfWeek,FlightDate,Reporting_Airline,DOT_ID_Reporting_Airline,IATA_CODE_Reporting_Airline,Tail_Number,Flight_Number_Reporting_Airline,OriginAirportID,OriginAirportSeqID,OriginCityMarketID,Origin,OriginCityName,OriginState,OriginStateFips,OriginStateName,OriginWac,DestAirportID,DestAirportSeqID,DestCityMarketID,Dest,DestCityName,DestState,DestStateFips,DestStateName,DestWac,CRSDepTime,DepTime,DepDelay,DepDelayMinutes,DepDel15,DepartureDelayGroups,DepTimeBlk,TaxiOut,WheelsOff,WheelsOn,TaxiIn,CRSArrTime,ArrTime,ArrDelay,ArrDelayMinutes,ArrDel15,ArrivalDelayGroups,ArrTimeBlk,Cancelled,CancellationCode,Diverted,CRSElapsedTime,ActualElapsedTime,AirTime,Flights,Distance,DistanceGroup,CarrierDelay,WeatherDelay,NASDelay,SecurityDelay,LateAircraftDelay,FirstDepTime,TotalAddGTime,LongestAddGTime,DivAirportLandings,DivReachedDest,DivActualElapsedTime,DivArrDelay,DivDistance,Div1Airport,Div1AirportID,Div1AirportSeqID,Div1WheelsOn,Div1TotalGTime,Div1LongestGTime,Div1WheelsOff,Div1TailNum,Div2Airport,Div2AirportID,Div2AirportSeqID,Div2WheelsOn,Div2TotalGTime,Div2LongestGTime,Div2WheelsOff,Div2TailNum,Div3Airport,Div3AirportID,Div3AirportSeqID,Div3WheelsOn,Div3TotalGTime,Div3LongestGTime,Div3WheelsOff,Div3TailNum,Div4Airport,Div4AirportID,Div4AirportSeqID,Div4WheelsOn,Div4TotalGTime,Div4LongestGTime,Div4WheelsOff,Div4TailNum,Div5Airport,Div5AirportID,Div5AirportSeqID,Div5WheelsOn,Div5TotalGTime,Div5LongestGTime,Div5WheelsOff,Div5TailNum
2018,1,1,17,3,17/01/2018,B6,20409,B6,N516JB,375,14100,1410005,34100,PHL,"Philadelphia, PA",PA,42,Pennsylvania,23,11697,1169706,32467,FLL,"Fort Lauderdale, FL",FL,12,Florida,33,700,652,-8,0,0,-1,0700-0759,34,726,958,6,958,1004,6,6,0,0,0900-0959,0,,0,178,192,152,1,992,4,,,,,,,,,0,,,,,,,,,,,,,,,,,,,,,,,,,,,,,,,,,,,,,,,,,,,,
2018,1,1,17,3,17/01/2018,B6,20409,B6,N565JB,376,11697,1169706,32467,FLL,"Fort Lauderdale, FL",FL,12,Florida,33,14100,1410005,34100,PHL,"Philadelphia, PA",PA,42,Pennsylvania,23,1127,1200,33,33,1,2,1100-1159,22,1222,1422,4,1411,1426,15,15,1,1,1400-1459,0,,0,164,146,120,1,992,4,4,0,0,0,11,,,,0,,,,,,,,,,,,,,,,,,,,,,,,,,,,,,,,,,,,,,,,,,,,
2018,1,1,17,3,17/01/2018,B6,20409,B6,N507JB,380,12954,1295406,32575,LGB,"Long Beach, CA",CA,6,California,91,12889,1288903,32211,LAS,"Las Vegas, NV",NV,32,Nevada,85,1311,1317,6,6,0,0,1300-1359,10,1327,1414,5,1419,1419,0,0,0,0,1400-1459,0,,0,68,62,47,1,231,1,,,,,,,,,0,,,,,,,,,,,,,,,,,,,,,,,,,,,,,,,,,,,,,,,,,,,,
2018,1,1,17,3,17/01/2018,B6,20409,B6,N197JB,381,10721,1072102,30721,BOS,"Boston, MA",MA,25,Massachusetts,13,14524,1452401,34524,RIC,"Richmond, VA",VA,51,Virginia,38,1751,,,,,,1700-1759,,,,,1942,,,,,,1900-1959,1,B,0,111,,,1,474,2,,,,,,,,,0,,,,,,,,,,,,,,,,,,,,,,,,,,,,,,,,,,,,,,,,,,,,
2018,1,1,17,3,17/01/2018,B6,20409,B6,N238JB,382,14524,1452401,34524,RIC,"Richmond, VA",VA,51,Virginia,38,10721,1072102,30721,BOS,"Boston, MA",MA,25,Massachusetts,13,840,,,,,,0800-0859,,,,,1008,,,,,,1000-1059,1,B,0,88,,,1,474,2,,,,,,,,,0,,,,,,,,,,,,,,,,,,,,,,,,,,,,,,,,,,,,,,,,,,,,
2018,1,1,17,3,17/01/2018,B6,20409,B6,N258JB,389,10721,1072102,30721,BOS,"Boston, MA",MA,25,Massachusetts,13,11278,1127805,30852,DCA,"Washington, DC",VA,51,Virginia,38,920,912,-8,0,0,-1,0900-0959,57,1009,1124,2,1102,1126,24,24,1,1,1100-1159,0,,0,102,134,75,1,399,2,0,0,24,0,0,,,,0,,,,,,,,,,,,,,,,,,,,,,,,,,,,,,,,,,,,,,,,,,,,
2018,1,1,17,3,17/01/2018,B6,20409,B6,N274JB,390,11278,1127805,30852,DCA,"Washington, DC",VA,51,Virginia,38,10721,1072102,30721,BOS,"Boston, MA",MA,25,Massachusetts,13,1038,,,,,,1000-1059,,,,,1206,,,,,,1200-1259,1,B,0,88,,,1,399,2,,,,,,,,,0,,,,,,,,,,,,,,,,,,,,,,,,,,,,,,,,,,,,,,,,,,,,
2018,1,1,17,3,17/01/2018,B6,20409,B6,N763JB,391,10721,1072102,30721,BOS,"Boston, MA",MA,25,Massachusetts,13,15304,1530402,33195,TPA,"Tampa, FL",FL,12,Florida,33,1928,,,,,,1900-1959,,,,,2257,,,,,,2200-2259,1,B,0,209,,,1,1185,5,,,,,,,,,0,,,,,,,,,,,,,,,,,,,,,,,,,,,,,,,,,,,,,,,,,,,,
2018,1,1,17,3,17/01/2018,B6,20409,B6,N594JB,392,15304,1530402,33195,TPA,"Tampa, FL",FL,12,Florida,33,10721,1072102,30721,BOS,"Boston, MA",MA,25,Massachusetts,13,1934,2022,48,48,1,3,1900-1959,15,2037,2253,12,2225,2305,40,40,1,2,2200-2259,0,,0,171,163,136,1,1185,5,0,0,4,0,36,,,,0,,,,,,,,,,,,,,,,,,,,,,,,,,,,,,,,,,,,,,,,,,,,
2018,1,1,17,3,17/01/2018,B6,20409,B6,N712JB,393,12478,1247805,31703,JFK,"New York, NY",NY,36,New York,22,11252,1125203,31252,DAB,"Daytona Beach, FL",FL,12,Florida,33,754,746,-8,0,0,-1,0700-0759,16,802,1034,4,1044,1038,-6,0,0,-1,1000-1059,0,,0,170,172,152,1,891,4,,,,,,,,,0,,,,,,,,,,,,,,,,,,,,,,,,,,,,,,,,,,,,,,,,,,,,
2018,1,1,17,3,17/01/2018,B6,20409,B6,N179JB,395,12197,1219702,31703,HPN,"White Plains, NY",NY,36,New York,22,13204,1320402,31454,MCO,"Orlando, FL",FL,12,Florida,33,1011,1007,-4,0,0,-1,1000-1059,11,1018,1305,7,1302,1312,10,10,0,0,1300-1359,0,,0,171,185,167,1,972,4,,,,,,,,,0,,,,,,,,,,,,,,,,,,,,,,,,,,,,,,,,,,,,,,,,,,,,
2018,1,1,17,3,17/01/2018,B6,20409,B6,N547JB,396,10397,1039707,30397,ATL,"Atlanta, GA",GA,13,Georgia,34,10721,1072102,30721,BOS,"Boston, MA",MA,25,Massachusetts,13,947,,,,,,0900-0959,,,,,1228,,,,,,1200-1259,1,B,0,161,,,1,946,4,,,,,,,,,0,,,,,,,,,,,,,,,,,,,,,,,,,,,,,,,,,,,,,,,,,,,,
2018,1,1,17,3,17/01/2018,B6,20409,B6,N547JB,397,10721,1072102,30721,BOS,"Boston, MA",MA,25,Massachusetts,13,10397,1039707,30397,ATL,"Atlanta, GA",GA,13,Georgia,34,600,,,,,,0600-0659,,,,,902,,,,,,0900-0959,1,B,0,182,,,1,946,4,,,,,,,,,0,,,,,,,,,,,,,,,,,,,,,,,,,,,,,,,,,,,,,,,,,,,,
2018,1,1,17,3,17/01/2018,B6,20409,B6,N580JB,398,13204,1320402,31454,MCO,"Orlando, FL",FL,12,Florida,33,12953,1295304,31703,LGA,"New York, NY",NY,36,New York,22,1224,1313,49,49,1,3,1200-1259,23,1336,1534,4,1459,1538,39,39,1,2,1400-1459,0,,0,155,145,118,1,950,4,0,0,39,0,0,,,,0,,,,,,,,,,,,,,,,,,,,,,,,,,,,,,,,,,,,,,,,,,,,
2018,1,1,17,3,17/01/2018,B6,20409,B6,N594JB,400,13495,1349505,33495,MSY,"New Orleans, LA",LA,22,Louisiana,72,10721,1072102,30721,BOS,"Boston, MA",MA,25,Massachusetts,13,1438,,,,,,1400-1459,,,,,1846,,,,,,1800-1859,1,B,0,188,,,1,1368,6,,,,,,,,,0,,,,,,,,,,,,,,,,,,,,,,,,,,,,,,,,,,,,,,,,,,,,
2018,1,1,17,3,17/01/2018,B6,20409,B6,N594JB,401,10721,1072102,30721,BOS,"Boston, MA",MA,25,Massachusetts,13,13495,1349505,33495,MSY,"New Orleans, LA",LA,22,Louisiana,72,1100,,,,,,1100-1159,,,,,1358,,,,,,1300-1359,1,B,0,238,,,1,1368,6,,,,,,,,,0,,,,,,,,,,,,,,,,,,,,,,,,,,,,,,,,,,,,,,,,,,,,
2018,1,1,17,3,17/01/2018,B6,20409,B6,N958JB,403,12478,1247805,31703,JFK,"New York, NY",NY,36,New York,22,14843,1484306,34819,SJU,"San Juan, PR",PR,72,Puerto Rico,3,948,940,-8,0,0,-1,0900-0959,48,1028,1450,8,1442,1458,16,16,1,1,1400-1459,0,,0,234,258,202,1,1598,7,0,0,16,0,0,,,,0,,,,,,,,,,,,,,,,,,,,,,,,,,,,,,,,,,,,,,,,,,,,
2018,1,1,17,3,17/01/2018,B6,20409,B6,N531JB,404,10397,1039707,30397,ATL,"Atlanta, GA",GA,13,Georgia,34,10721,1072102,30721,BOS,"Boston, MA",MA,25,Massachusetts,13,1241,1336,55,55,1,3,1200-1259,16,1352,1551,5,1521,1556,35,35,1,2,1500-1559,0,,0,160,140,119,1,946,4,6,0,0,0,29,,,,0,,,,,,,,,,,,,,,,,,,,,,,,,,,,,,,,,,,,,,,,,,,,
2018,1,1,17,3,17/01/2018,B6,20409,B6,N763JB,405,10721,1072102,30721,BOS,"Boston, MA",MA,25,Massachusetts,13,12954,1295406,32575,LGB,"Long Beach, CA",CA,6,California,91,1753,1820,27,27,1,1,1700-1759,10,1830,2052,3,2135,2055,-40,0,0,-2,2100-2159,0,,0,402,335,322,1,2602,11,,,,,,,,,0,,,,,,,,,,,,,,,,,,,,,,,,,,,,,,,,,,,,,,,,,,,,
2018,1,1,17,3,17/01/2018,B6,20409,B6,N637JB,406,12954,1295406,32575,LGB,"Long Beach, CA",CA,6,California,91,14747,1474703,30559,SEA,"Seattle, WA",WA,53,Washington,93,805,755,-10,0,0,-1,0800-0859,14,809,1035,7,1049,1042,-7,0,0,-1,1000-1059,0,,0,164,167,146,1,965,4,,,,,,,,,0,,,,,,,,,,,,,,,,,,,,,,,,,,,,,,,,,,,,,,,,,,,,
2018,1,1,17,3,17/01/2018,B6,20409,B6,N658JB,407,14747,1474703,30559,SEA,"Seattle, WA",WA,53,Washington,93,12954,1295406,32575,LGB,"Long Beach, CA",CA,6,California,91,1756,1815,19,19,1,1,1700-1759,12,1827,2041,4,2028,2045,17,17,1,1,2000-2059,0,,0,152,150,134,1,965,4,0,0,0,0,17,,,,0,,,,,,,,,,,,,,,,,,,,,,,,,,,,,,,,,,,,,,,,,,,,
2018,1,1,17,3,17/01/2018,B6,20409,B6,N358JB,408,12478,1247805,31703,JFK,"New York, NY",NY,36,New York,22,14321,1432105,34321,PWM,"Portland, ME",ME,23,Maine,12,1323,,,,,,1300-1359,,,,,1438,,,,,,1400-1459,1,B,0,75,,,1,273,2,,,,,,,,,0,,,,,,,,,,,,,,,,,,,,,,,,,,,,,,,,,,,,,,,,,,,,
2018,1,1,17,3,17/01/2018,B6,20409,B6,N982JB,415,12478,1247805,31703,JFK,"New York, NY",NY,36,New York,22,14771,1477104,32457,SFO,"San Francisco, CA",CA,6,California,91,920,913,-7,0,0,-1,0900-0959,35,948,1216,7,1310,1223,-47,0,0,-2,1300-1359,0,,0,410,370,328,1,2586,11,,,,,,,,,0,,,,,,,,,,,,,,,,,,,,,,,,,,,,,,,,,,,,,,,,,,,,
2018,1,1,17,3,17/01/2018,B6,20409,B6,N984JB,416,14771,1477104,32457,SFO,"San Francisco, CA",CA,6,California,91,12478,1247805,31703,JFK,"New York, NY",NY,36,New York,22,1140,1131,-9,0,0,-1,1100-1159,29,1200,2018,6,2011,2024,13,13,0,0,2000-2059,0,,0,331,353,318,1,2586,11,,,,,,,,,0,,,,,,,,,,,,,,,,,,,,,,,,,,,,,,,,,,,,,,,,,,,,
2018,1,1,17,3,17/01/2018,B6,20409,B6,N187JB,418,12478,1247805,31703,JFK,"New York, NY",NY,36,New York,22,10721,1072102,30721,BOS,"Boston, MA",MA,25,Massachusetts,13,1630,1724,54,54,1,3,1600-1659,32,1756,1829,10,1751,1839,48,48,1,3,1700-1759,0,,0,81,75,33,1,187,1,0,0,48,0,0,,,,0,,,,,,,,,,,,,,,,,,,,,,,,,,,,,,,,,,,,,,,,,,,,
2018,1,1,17,3,17/01/2018,B6,20409,B6,N990JB,423,12478,1247805,31703,JFK,"New York, NY",NY,36,New York,22,12892,1289208,32575,LAX,"Los Angeles, CA",CA,6,California,91,1035,1029,-6,0,0,-1,1000-1059,39,1108,1316,8,1403,1324,-39,0,0,-2,1400-1459,0,,0,388,355,308,1,2475,10,,,,,,,,,0,,,,,,,,,,,,,,,,,,,,,,,,,,,,,,,,,,,,,,,,,,,,
2018,1,1,17,3,17/01/2018,B6,20409,B6,N944JB,424,12892,1289208,32575,LAX,"Los Angeles, CA",CA,6,California,91,12478,1247805,31703,JFK,"New York, NY",NY,36,New York,22,1203,1154,-9,0,0,-1,1200-1259,18,1212,2041,9,2025,2050,25,25,1,1,2000-2059,0,,0,322,356,329,1,2475,10,0,0,25,0,0,,,,0,,,,,,,,,,,,,,,,,,,,,,,,,,,,,,,,,,,,,,,,,,,,
2018,1,1,17,3,17/01/2018,B6,20409,B6,N966JB,426,15304,1530402,33195,TPA,"Tampa, FL",FL,12,Florida,33,12478,1247805,31703,JFK,"New York, NY",NY,36,New York,22,1910,1919,9,9,0,0,1900-1959,18,1937,2137,5,2148,2142,-6,0,0,-1,2100-2159,0,,0,158,143,120,1,1005,5,,,,,,,,,0,,,,,,,,,,,,,,,,,,,,,,,,,,,,,,,,,,,,,,,,,,,,
2018,1,1,17,3,17/01/2018,B6,20409,B6,N346JB,427,10721,1072102,30721,BOS,"Boston, MA",MA,25,Massachusetts,13,10821,1082106,30852,BWI,"Baltimore, MD",MD,24,Maryland,35,800,,,,,,0800-0859,,,,,938,,,,,,0900-0959,1,B,0,98,,,1,369,2,,,,,,,,,0,,,,,,,,,,,,,,,,,,,,,,,,,,,,,,,,,,,,,,,,,,,,
2018,1,1,17,3,17/01/2018,B6,20409,B6,N307JB,433,11278,1127805,30852,DCA,"Washington, DC",VA,51,Virginia,38,14027,1402702,34027,PBI,"West Palm Beach/Palm Beach, FL",FL,12,Florida,33,945,1030,45,45,1,3,0900-0959,30,1100,1324,3,1222,1327,65,65,1,4,1200-1259,0,,0,157,177,144,1,857,4,45,0,20,0,0,,,,0,,,,,,,,,,,,,,,,,,,,,,,,,,,,,,,,,,,,,,,,,,,,
2018,1,1,17,3,17/01/2018,B6,20409,B6,N947JB,434,14771,1477104,32457,SFO,"San Francisco, CA",CA,6,California,91,10721,1072102,30721,BOS,"Boston, MA",MA,25,Massachusetts,13,800,755,-5,0,0,-1,0800-0859,19,814,1648,6,1629,1654,25,25,1,1,1600-1659,0,,0,329,359,334,1,2704,11,0,0,25,0,0,,,,0,,,,,,,,,,,,,,,,,,,,,,,,,,,,,,,,,,,,,,,,,,,,
2018,1,1,17,3,17/01/2018,B6,20409,B6,N595JB,438,13204,1320402,31454,MCO,"Orlando, FL",FL,12,Florida,33,10529,1052906,30529,BDL,"Hartford, CT",CT,9,Connecticut,11,1030,1027,-3,0,0,-1,1000-1059,19,1046,1239,8,1310,1247,-23,0,0,-2,1300-1359,0,,0,160,140,113,1,1050,5,,,,,,,,,0,,,,,,,,,,,,,,,,,,,,,,,,,,,,,,,,,,,,,,,,,,,,
2018,1,1,17,3,17/01/2018,B6,20409,B6,N316JB,440,11042,1104205,30647,CLE,"Cleveland, OH",OH,39,Ohio,44,10721,1072102,30721,BOS,"Boston, MA",MA,25,Massachusetts,13,1028,1027,-1,0,0,-1,1000-1059,25,1052,1219,5,1208,1224,16,16,1,1,1200-1259,0,,0,100,117,87,1,563,3,0,0,16,0,0,,,,0,,,,,,,,,,,,,,,,,,,,,,,,,,,,,,,,,,,,,,,,,,,,
2018,1,1,17,3,17/01/2018,B6,20409,B6,N283JB,441,10721,1072102,30721,BOS,"Boston, MA",MA,25,Massachusetts,13,11042,1104205,30647,CLE,"Cleveland, OH",OH,39,Ohio,44,744,,,,,,0700-0759,,,,,953,,,,,,0900-0959,1,B,0,129,,,1,563,3,,,,,,,,,0,,,,,,,,,,,,,,,,,,,,,,,,,,,,,,,,,,,,,,,,,,,,
2018,1,1,17,3,17/01/2018,B6,20409,B6,N329JB,445,15070,1507002,31703,SWF,"Newburgh/Poughkeepsie, NY",NY,36,New York,22,13204,1320402,31454,MCO,"Orlando, FL",FL,12,Florida,33,1744,1734,-10,0,0,-1,1700-1759,36,1810,2101,14,2045,2115,30,30,1,2,2000-2059,0,,0,181,221,171,1,989,4,0,0,30,0,0,,,,0,,,,,,,,,,,,,,,,,,,,,,,,,,,,,,,,,,,,,,,,,,,,
2018,1,1,17,3,17/01/2018,B6,20409,B6,N568JB,447,13796,1379608,32457,OAK,"Oakland, CA",CA,6,California,91,12954,1295406,32575,LGB,"Long Beach, CA",CA,6,California,91,1335,1323,-12,0,0,-1,1300-1359,9,1332,1434,3,1452,1437,-15,0,0,-1,1400-1459,0,,0,77,74,62,1,353,2,,,,,,,,,0,,,,,,,,,,,,,,,,,,,,,,,,,,,,,,,,,,,,,,,,,,,,
2018,1,1,17,3,17/01/2018,B6,20409,B6,N583JB,448,12954,1295406,32575,LGB,"Long Beach, CA",CA,6,California,91,13796,1379608,32457,OAK,"Oakland, CA",CA,6,California,91,2001,1953,-8,0,0,-1,2000-2059,9,2002,2055,7,2119,2102,-17,0,0,-2,2100-2159,0,,0,78,69,53,1,353,2,,,,,,,,,0,,,,,,,,,,,,,,,,,,,,,,,,,,,,,,,,,,,,,,,,,,,,
2018,1,1,17,3,17/01/2018,B6,20409,B6,N952JB,451,10721,1072102,30721,BOS,"Boston, MA",MA,25,Massachusetts,13,13204,1320402,31454,MCO,"Orlando, FL",FL,12,Florida,33,1105,,,,,,1100-1159,,,,,1428,,,,,,1400-1459,1,B,0,203,,,1,1121,5,,,,,,,,,0,,,,,,,,,,,,,,,,,,,,,,,,,,,,,,,,,,,,,,,,,,,,
2018,1,1,17,3,17/01/2018,B6,20409,B6,N828JB,453,12478,1247805,31703,JFK,"New York, NY",NY,36,New York,22,14027,1402702,34027,PBI,"West Palm Beach/Palm Beach, FL",FL,12,Florida,33,1018,1011,-7,0,0,-1,1000-1059,36,1047,1336,3,1320,1339,19,19,1,1,1300-1359,0,,0,182,208,169,1,1028,5,0,0,19,0,0,,,,0,,,,,,,,,,,,,,,,,,,,,,,,,,,,,,,,,,,,,,,,,,,,
2018,1,1,17,3,17/01/2018,B6,20409,B6,N905JB,454,14027,1402702,34027,PBI,"West Palm Beach/Palm Beach, FL",FL,12,Florida,33,12478,1247805,31703,JFK,"New York, NY",NY,36,New York,22,1916,1937,21,21,1,1,1900-1959,12,1949,2154,4,2200,2158,-2,0,0,-1,2200-2259,0,,0,164,141,125,1,1028,5,,,,,,,,,0,,,,,,,,,,,,,,,,,,,,,,,,,,,,,,,,,,,,,,,,,,,,
2018,1,1,17,3,17/01/2018,B6,20409,B6,N238JB,455,10721,1072102,30721,BOS,"Boston, MA",MA,25,Massachusetts,13,11278,1127805,30852,DCA,"Washington, DC",VA,51,Virginia,38,1043,,,,,,1000-1059,,,,,1223,,,,,,1200-1259,1,B,0,100,,,1,399,2,,,,,,,,,0,,,,,,,,,,,,,,,,,,,,,,,,,,,,,,,,,,,,,,,,,,,,
2018,1,1,17,3,17/01/2018,B6,20409,B6,N228JB,459,10721,1072102,30721,BOS,"Boston, MA",MA,25,Massachusetts,13,14100,1410005,34100,PHL,"Philadelphia, PA",PA,42,Pennsylvania,23,832,,,,,,0800-0859,,,,,1010,,,,,,1000-1059,1,B,0,98,,,1,280,2,,,,,,,,,0,,,,,,,,,,,,,,,,,,,,,,,,,,,,,,,,,,,,,,,,,,,,
2018,1,1,17,3,17/01/2018,B6,20409,B6,N535JB,460,11697,1169706,32467,FLL,"Fort Lauderdale, FL",FL,12,Florida,33,10529,1052906,30529,BDL,"Hartford, CT",CT,9,Connecticut,11,2033,2052,19,19,1,1,2000-2059,16,2108,2320,8,2328,2328,0,0,0,0,2300-2359,0,,0,175,156,132,1,1173,5,,,,,,,,,0,,,,,,,,,,,,,,,,,,,,,,,,,,,,,,,,,,,,,,,,,,,,
2018,1,1,17,3,17/01/2018,B6,20409,B6,N236JB,461,12953,1295304,31703,LGA,"New York, NY",NY,36,New York,22,14027,1402702,34027,PBI,"West Palm Beach/Palm Beach, FL",FL,12,Florida,33,730,720,-10,0,0,-1,0700-0759,17,737,1022,4,1039,1026,-13,0,0,-1,1000-1059,0,,0,189,186,165,1,1035,5,,,,,,,,,0,,,,,,,,,,,,,,,,,,,,,,,,,,,,,,,,,,,,,,,,,,,,
2018,1,1,17,3,17/01/2018,B6,20409,B6,N556JB,462,14843,1484306,34819,SJU,"San Juan, PR",PR,72,Puerto Rico,3,10721,1072102,30721,BOS,"Boston, MA",MA,25,Massachusetts,13,1406,1446,40,40,1,2,1400-1459,14,1500,1749,7,1718,1756,38,38,1,2,1700-1759,0,,0,252,250,229,1,1674,7,12,0,0,0,26,,,,0,,,,,,,,,,,,,,,,,,,,,,,,,,,,,,,,,,,,,,,,,,,,
2018,1,1,17,3,17/01/2018,B6,20409,B6,N746JB,465,10721,1072102,30721,BOS,"Boston, MA",MA,25,Massachusetts,13,14635,1463502,31714,RSW,"Fort Myers, FL",FL,12,Florida,33,603,558,-5,0,0,-1,0600-0659,50,648,1038,6,954,1044,50,50,1,3,0900-0959,0,,0,231,286,230,1,1249,5,0,0,50,0,0,,,,0,,,,,,,,,,,,,,,,,,,,,,,,,,,,,,,,,,,,,,,,,,,,
2018,1,1,17,3,17/01/2018,B6,20409,B6,N746JB,466,14635,1463502,31714,RSW,"Fort Myers, FL",FL,12,Florida,33,10721,1072102,30721,BOS,"Boston, MA",MA,25,Massachusetts,13,1035,1118,43,43,1,2,1000-1059,7,1125,1341,5,1336,1346,10,10,0,0,1300-1359,0,,0,181,148,136,1,1249,5,,,,,,,,,0,,,,,,,,,,,,,,,,,,,,,,,,,,,,,,,,,,,,,,,,,,,,
2018,1,1,17,3,17/01/2018,B6,20409,B6,N508JB,470,11697,1169706,32467,FLL,"Fort Lauderdale, FL",FL,12,Florida,33,10721,1072102,30721,BOS,"Boston, MA",MA,25,Massachusetts,13,1037,1026,-11,0,0,-1,1000-1059,16,1042,1310,13,1344,1323,-21,0,0,-2,1300-1359,0,,0,187,177,148,1,1237,5,,,,,,,,,0,,,,,,,,,,,,,,,,,,,,,,,,,,,,,,,,,,,,,,,,,,,,
2018,1,1,17,3,17/01/2018,B6,20409,B6,N805JB,471,10721,1072102,30721,BOS,"Boston, MA",MA,25,Massachusetts,13,14831,1483106,32457,SJC,"San Jose, CA",CA,6,California,91,1702,1752,50,50,1,3,1700-1759,43,1835,2121,2,2049,2123,34,34,1,2,2000-2059,0,,0,407,391,346,1,2689,11,21,0,0,0,13,,,,0,,,,,,,,,,,,,,,,,,,,,,,,,,,,,,,,,,,,,,,,,,,,
2018,1,1,17,3,17/01/2018,B6,20409,B6,N805JB,472,14831,1483106,32457,SJC,"San Jose, CA",CA,6,California,91,10721,1072102,30721,BOS,"Boston, MA",MA,25,Massachusetts,13,2139,2216,37,37,1,2,2100-2159,11,2227,646,18,605,704,59,59,1,3,0600-0659,0,,0,326,348,319,1,2689,11,3,0,22,0,34,,,,0,,,,,,,,,,,,,,,,,,,,,,,,,,,,,,,,,,,,,,,,,,,,
2018,1,1,17,3,17/01/2018,B6,20409,B6,N653JB,475,14307,1430705,30721,PVD,"Providence, RI",RI,44,Rhode Island,15,13204,1320402,31454,MCO,"Orlando, FL",FL,12,Florida,33,600,,,,,,0600-0659,,,,,911,,,,,,0900-0959,1,B,0,191,,,1,1072,5,,,,,,,,,0,,,,,,,,,,,,,,,,,,,,,,,,,,,,,,,,,,,,,,,,,,,,
2018,1,1,17,3,17/01/2018,B6,20409,B6,N607JB,476,13204,1320402,31454,MCO,"Orlando, FL",FL,12,Florida,33,14307,1430705,30721,PVD,"Providence, RI",RI,44,Rhode Island,15,2058,2134,36,36,1,2,2000-2059,10,2144,2342,3,2335,2345,10,10,0,0,2300-2359,0,,0,157,131,118,1,1072,5,,,,,,,,,0,,,,,,,,,,,,,,,,,,,,,,,,,,,,,,,,,,,,,,,,,,,,
2018,1,1,17,3,17/01/2018,B6,20409,B6,N603JB,477,12478,1247805,31703,JFK,"New York, NY",NY,36,New York,22,12451,1245102,31136,JAX,"Jacksonville, FL",FL,12,Florida,33,1557,1555,-2,0,0,-1,1500-1559,23,1618,1842,22,1844,1904,20,20,1,1,1800-1859,0,,0,167,189,144,1,828,4,0,0,20,0,0,,,,0,,,,,,,,,,,,,,,,,,,,,,,,,,,,,,,,,,,,,,,,,,,,
2018,1,1,17,3,17/01/2018,B6,20409,B6,N603JB,478,12451,1245102,31136,JAX,"Jacksonville, FL",FL,12,Florida,33,12478,1247805,31703,JFK,"New York, NY",NY,36,New York,22,1925,1944,19,19,1,1,1900-1959,23,2007,2142,6,2140,2148,8,8,0,0,2100-2159,0,,0,135,124,95,1,828,4,,,,,,,,,0,,,,,,,,,,,,,,,,,,,,,,,,,,,,,,,,,,,,,,,,,,,,
2018,1,1,17,3,17/01/2018,B6,20409,B6,N304JB,481,11278,1127805,30852,DCA,"Washington, DC",VA,51,Virginia,38,14635,1463502,31714,RSW,"Fort Myers, FL",FL,12,Florida,33,1438,1523,45,45,1,3,1400-1459,16,1539,1803,2,1721,1805,44,44,1,2,1700-1759,0,,0,163,162,144,1,892,4,12,0,0,0,32,,,,0,,,,,,,,,,,,,,,,,,,,,,,,,,,,,,,,,,,,,,,,,,,,
2018,1,1,17,3,17/01/2018,B6,20409,B6,N304JB,482,14635,1463502,31714,RSW,"Fort Myers, FL",FL,12,Florida,33,11278,1127805,30852,DCA,"Washington, DC",VA,51,Virginia,38,1756,1838,42,42,1,2,1700-1759,13,1851,2036,3,2015,2039,24,24,1,1,2000-2059,0,,0,139,121,105,1,892,4,2,0,0,0,22,,,,0,,,,,,,,,,,,,,,,,,,,,,,,,,,,,,,,,,,,,,,,,,,,
2018,1,1,17,3,17/01/2018,B6,20409,B6,N284JB,485,14576,1457606,34576,ROC,"Rochester, NY",NY,36,New York,22,12478,1247805,31703,JFK,"New York, NY",NY,36,New York,22,939,925,-14,0,0,-1,0900-0959,17,942,1042,7,1057,1049,-8,0,0,-1,1000-1059,0,,0,78,84,60,1,264,2,,,,,,,,,0,,,,,,,,,,,,,,,,,,,,,,,,,,,,,,,,,,,,,,,,,,,,
2018,1,1,17,3,17/01/2018,B6,20409,B6,N238JB,486,12478,1247805,31703,JFK,"New York, NY",NY,36,New York,22,14576,1457606,34576,ROC,"Rochester, NY",NY,36,New York,22,2245,17,92,92,1,6,2200-2259,18,35,125,8,7,133,86,86,1,5,0001-0559,0,,0,82,76,50,1,264,2,86,0,0,0,0,,,,0,,,,,,,,,,,,,,,,,,,,,,,,,,,,,,,,,,,,,,,,,,,,
2018,1,1,17,3,17/01/2018,B6,20409,B6,N985JB,487,10721,1072102,30721,BOS,"Boston, MA",MA,25,Massachusetts,13,12892,1289208,32575,LAX,"Los Angeles, CA",CA,6,California,91,1050,1044,-6,0,0,-1,1000-1059,52,1136,1406,11,1435,1417,-18,0,0,-2,1400-1459,0,,0,405,393,330,1,2611,11,,,,,,,,,0,,,,,,,,,,,,,,,,,,,,,,,,,,,,,,,,,,,,,,,,,,,,
2018,1,1,17,3,17/01/2018,B6,20409,B6,N969JB,488,12892,1289208,32575,LAX,"Los Angeles, CA",CA,6,California,91,10721,1072102,30721,BOS,"Boston, MA",MA,25,Massachusetts,13,1140,1136,-4,0,0,-1,1100-1159,21,1157,2028,9,2003,2037,34,34,1,2,2000-2059,0,,0,323,361,331,1,2611,11,0,0,34,0,0,,,,0,,,,,,,,,,,,,,,,,,,,,,,,,,,,,,,,,,,,,,,,,,,,
2018,1,1,17,3,17/01/2018,B6,20409,B6,N249JB,489,10721,1072102,30721,BOS,"Boston, MA",MA,25,Massachusetts,13,11278,1127805,30852,DCA,"Washington, DC",VA,51,Virginia,38,1214,1210,-4,0,0,-1,1200-1259,43,1253,1419,3,1354,1422,28,28,1,1,1300-1359,0,,0,100,132,86,1,399,2,0,0,28,0,0,,,,0,,,,,,,,,,,,,,,,,,,,,,,,,,,,,,,,,,,,,,,,,,,,
2018,1,1,17,3,17/01/2018,B6,20409,B6,N768JB,490,13204,1320402,31454,MCO,"Orlando, FL",FL,12,Florida,33,12478,1247805,31703,JFK,"New York, NY",NY,36,New York,22,936,1003,27,27,1,1,0900-0959,21,1024,1212,7,1205,1219,14,14,0,0,1200-1259,0,,0,149,136,108,1,944,4,,,,,,,,,0,,,,,,,,,,,,,,,,,,,,,,,,,,,,,,,,,,,,,,,,,,,,
2018,1,1,17,3,17/01/2018,B6,20409,B6,N805JB,493,10721,1072102,30721,BOS,"Boston, MA",MA,25,Massachusetts,13,11292,1129202,30325,DEN,"Denver, CO",CO,8,Colorado,82,729,,,,,,0700-0759,,,,,1025,,,,,,1000-1059,1,B,0,296,,,1,1754,8,,,,,,,,,0,,,,,,,,,,,,,,,,,,,,,,,,,,,,,,,,,,,,,,,,,,,,
2018,1,1,17,3,17/01/2018,B6,20409,B6,N821JB,494,11292,1129202,30325,DEN,"Denver, CO",CO,8,Colorado,82,10721,1072102,30721,BOS,"Boston, MA",MA,25,Massachusetts,13,1115,1536,261,261,1,12,1100-1159,27,1603,2142,13,1702,2155,293,293,1,12,1700-1759,0,,0,227,259,219,1,1754,8,261,0,32,0,0,,,,0,,,,,,,,,,,,,,,,,,,,,,,,,,,,,,,,,,,,,,,,,,,,
2018,1,1,17,3,17/01/2018,B6,20409,B6,N294JB,495,12197,1219702,31703,HPN,"White Plains, NY",NY,36,New York,22,13204,1320402,31454,MCO,"Orlando, FL",FL,12,Florida,33,1412,1415,3,3,0,0,1400-1459,10,1425,1709,10,1706,1719,13,13,0,0,1700-1759,0,,0,174,184,164,1,972,4,,,,,,,,,0,,,,,,,,,,,,,,,,,,,,,,,,,,,,,,,,,,,,,,,,,,,,
2018,1,1,17,3,17/01/2018,B6,20409,B6,N708JB,499,12953,1295304,31703,LGA,"New York, NY",NY,36,New York,22,13204,1320402,31454,MCO,"Orlando, FL",FL,12,Florida,33,2100,2126,26,26,1,1,2100-2159,16,2142,8,4,2350,12,22,22,1,1,2300-2359,0,,0,170,166,146,1,950,4,8,0,0,0,14,,,,0,,,,,,,,,,,,,,,,,,,,,,,,,,,,,,,,,,,,,,,,,,,,
2018,1,1,17,3,17/01/2018,B6,20409,B6,N712JB,500,11252,1125203,31252,DAB,"Daytona Beach, FL",FL,12,Florida,33,12478,1247805,31703,JFK,"New York, NY",NY,36,New York,22,1125,1121,-4,0,0,-1,1100-1159,10,1131,1312,13,1344,1325,-19,0,0,-2,1300-1359,0,,0,139,124,101,1,891,4,,,,,,,,,0,,,,,,,,,,,,,,,,,,,,,,,,,,,,,,,,,,,,,,,,,,,,
2018,1,1,17,3,17/01/2018,B6,20409,B6,N949JB,502,11697,1169706,32467,FLL,"Fort Lauderdale, FL",FL,12,Florida,33,12478,1247805,31703,JFK,"New York, NY",NY,36,New York,22,1007,1016,9,9,0,0,1000-1059,14,1030,1236,8,1255,1244,-11,0,0,-1,1200-1259,0,,0,168,148,126,1,1069,5,,,,,,,,,0,,,,,,,,,,,,,,,,,,,,,,,,,,,,,,,,,,,,,,,,,,,,
2018,1,1,17,3,17/01/2018,B6,20409,B6,N639JB,504,12954,1295406,32575,LGB,"Long Beach, CA",CA,6,California,91,10721,1072102,30721,BOS,"Boston, MA",MA,25,Massachusetts,13,2115,2113,-2,0,0,-1,2100-2159,12,2125,548,4,529,552,23,23,1,1,0001-0559,0,,0,314,339,323,1,2602,11,0,0,23,0,0,,,,0,,,,,,,,,,,,,,,,,,,,,,,,,,,,,,,,,,,,,,,,,,,,
2018,1,1,17,3,17/01/2018,B6,20409,B6,N358JB,507,14321,1432105,34321,PWM,"Portland, ME",ME,23,Maine,12,12478,1247805,31703,JFK,"New York, NY",NY,36,New York,22,1514,,,,,,1500-1559,,,,,1639,,,,,,1600-1659,1,B,0,85,,,1,273,2,,,,,,,,,0,,,,,,,,,,,,,,,,,,,,,,,,,,,,,,,,,,,,,,,,,,,,
2018,1,1,17,3,17/01/2018,B6,20409,B6,N346JB,508,12478,1247805,31703,JFK,"New York, NY",NY,36,New York,22,14321,1432105,34321,PWM,"Portland, ME",ME,23,Maine,12,951,,,,,,0900-0959,,,,,1111,,,,,,1100-1159,1,B,0,80,,,1,273,2,,,,,,,,,0,,,,,,,,,,,,,,,,,,,,,,,,,,,,,,,,,,,,,,,,,,,,
2018,1,1,17,3,17/01/2018,B6,20409,B6,N715JB,511,11697,1169706,32467,FLL,"Fort Lauderdale, FL",FL,12,Florida,33,10423,1042302,30423,AUS,"Austin, TX",TX,48,Texas,74,1556,1851,175,175,1,11,1500-1559,15,1906,2048,13,1807,2101,174,174,1,11,1800-1859,0,,0,191,190,162,1,1105,5,174,0,0,0,0,,,,0,,,,,,,,,,,,,,,,,,,,,,,,,,,,,,,,,,,,,,,,,,,,
2018,1,1,17,3,17/01/2018,B6,20409,B6,N715JB,512,10423,1042302,30423,AUS,"Austin, TX",TX,48,Texas,74,11697,1169706,32467,FLL,"Fort Lauderdale, FL",FL,12,Florida,33,1133,1140,7,7,0,0,1100-1159,13,1153,1507,3,1505,1510,5,5,0,0,1500-1559,0,,0,152,150,134,1,1105,5,,,,,,,,,0,,,,,,,,,,,,,,,,,,,,,,,,,,,,,,,,,,,,,,,,,,,,
2018,1,1,17,3,17/01/2018,B6,20409,B6,N589JB,514,12954,1295406,32575,LGB,"Long Beach, CA",CA,6,California,91,12478,1247805,31703,JFK,"New York, NY",NY,36,New York,22,1457,1513,16,16,1,1,1400-1459,12,1525,2342,4,2309,2346,37,37,1,2,2300-2359,0,,0,312,333,317,1,2465,10,4,0,21,0,12,,,,0,,,,,,,,,,,,,,,,,,,,,,,,,,,,,,,,,,,,,,,,,,,,
2018,1,1,17,3,17/01/2018,B6,20409,B6,N298JB,515,10721,1072102,30721,BOS,"Boston, MA",MA,25,Massachusetts,13,10792,1079206,30792,BUF,"Buffalo, NY",NY,36,New York,22,645,,,,,,0600-0659,,,,,824,,,,,,0800-0859,1,C,0,99,,,1,395,2,,,,,,,,,0,,,,,,,,,,,,,,,,,,,,,,,,,,,,,,,,,,,,,,,,,,,,
2018,1,1,17,3,17/01/2018,B6,20409,B6,N981JB,516,14771,1477104,32457,SFO,"San Francisco, CA",CA,6,California,91,12478,1247805,31703,JFK,"New York, NY",NY,36,New York,22,1310,1300,-10,0,0,-1,1300-1359,13,1313,2126,6,2139,2132,-7,0,0,-1,2100-2159,0,,0,329,332,313,1,2586,11,,,,,,,,,0,,,,,,,,,,,,,,,,,,,,,,,,,,,,,,,,,,,,,,,,,,,,
2018,1,1,17,3,17/01/2018,B6,20409,B6,N353JB,518,12478,1247805,31703,JFK,"New York, NY",NY,36,New York,22,10721,1072102,30721,BOS,"Boston, MA",MA,25,Massachusetts,13,805,800,-5,0,0,-1,0800-0859,21,821,854,5,915,859,-16,0,0,-2,0900-0959,0,,0,70,59,33,1,187,1,,,,,,,,,0,,,,,,,,,,,,,,,,,,,,,,,,,,,,,,,,,,,,,,,,,,,,
2018,1,1,17,3,17/01/2018,B6,20409,B6,N351JB,521,10721,1072102,30721,BOS,"Boston, MA",MA,25,Massachusetts,13,14027,1402702,34027,PBI,"West Palm Beach/Palm Beach, FL",FL,12,Florida,33,1340,1403,23,23,1,1,1300-1359,35,1438,1807,8,1707,1815,68,68,1,4,1700-1759,0,,0,207,252,209,1,1197,5,16,0,45,0,7,,,,0,,,,,,,,,,,,,,,,,,,,,,,,,,,,,,,,,,,,,,,,,,,,
2018,1,1,17,3,17/01/2018,B6,20409,B6,N351JB,522,14027,1402702,34027,PBI,"West Palm Beach/Palm Beach, FL",FL,12,Florida,33,10721,1072102,30721,BOS,"Boston, MA",MA,25,Massachusetts,13,1742,1901,79,79,1,5,1700-1759,30,1931,2153,8,2045,2201,76,76,1,5,2000-2059,0,,0,183,180,142,1,1197,5,0,0,15,0,61,,,,0,,,,,,,,,,,,,,,,,,,,,,,,,,,,,,,,,,,,,,,,,,,,
2018,1,1,17,3,17/01/2018,B6,20409,B6,N929JB,523,12478,1247805,31703,JFK,"New York, NY",NY,36,New York,22,12892,1289208,32575,LAX,"Los Angeles, CA",CA,6,California,91,1213,1204,-9,0,0,-1,1200-1259,34,1238,1446,6,1535,1452,-43,0,0,-2,1500-1559,0,,0,382,348,308,1,2475,10,,,,,,,,,0,,,,,,,,,,,,,,,,,,,,,,,,,,,,,,,,,,,,,,,,,,,,
2018,1,1,17,3,17/01/2018,B6,20409,B6,N943JB,524,12892,1289208,32575,LAX,"Los Angeles, CA",CA,6,California,91,12478,1247805,31703,JFK,"New York, NY",NY,36,New York,22,1315,1309,-6,0,0,-1,1300-1359,11,1320,2149,6,2133,2155,22,22,1,1,2100-2159,0,,0,318,346,329,1,2475,10,0,0,22,0,0,,,,0,,,,,,,,,,,,,,,,,,,,,,,,,,,,,,,,,,,,,,,,,,,,
2018,1,1,17,3,17/01/2018,B6,20409,B6,N793JB,525,12478,1247805,31703,JFK,"New York, NY",NY,36,New York,22,15304,1530402,33195,TPA,"Tampa, FL",FL,12,Florida,33,648,643,-5,0,0,-1,0600-0659,49,732,1016,8,948,1024,36,36,1,2,0900-0959,0,,0,180,221,164,1,1005,5,0,0,36,0,0,,,,0,,,,,,,,,,,,,,,,,,,,,,,,,,,,,,,,,,,,,,,,,,,,
2018,1,1,17,3,17/01/2018,B6,20409,B6,N568JB,531,14869,1486903,34614,SLC,"Salt Lake City, UT",UT,49,Utah,87,12954,1295406,32575,LGB,"Long Beach, CA",CA,6,California,91,1901,2007,66,66,1,4,1900-1959,10,2017,2037,3,1954,2040,46,46,1,3,1900-1959,0,,0,113,93,80,1,588,3,46,0,0,0,0,,,,0,,,,,,,,,,,,,,,,,,,,,,,,,,,,,,,,,,,,,,,,,,,,
2018,1,1,17,3,17/01/2018,B6,20409,B6,N568JB,532,12954,1295406,32575,LGB,"Long Beach, CA",CA,6,California,91,14869,1486903,34614,SLC,"Salt Lake City, UT",UT,49,Utah,87,1537,1530,-7,0,0,-1,1500-1559,11,1541,1809,3,1821,1812,-9,0,0,-1,1800-1859,0,,0,104,102,88,1,588,3,,,,,,,,,0,,,,,,,,,,,,,,,,,,,,,,,,,,,,,,,,,,,,,,,,,,,,
2018,1,1,17,3,17/01/2018,B6,20409,B6,N595JB,533,10529,1052906,30529,BDL,"Hartford, CT",CT,9,Connecticut,11,15304,1530402,33195,TPA,"Tampa, FL",FL,12,Florida,33,1355,1348,-7,0,0,-1,1300-1359,25,1413,1718,6,1708,1724,16,16,1,1,1700-1759,0,,0,193,216,185,1,1111,5,0,0,16,0,0,,,,0,,,,,,,,,,,,,,,,,,,,,,,,,,,,,,,,,,,,,,,,,,,,
2018,1,1,17,3,17/01/2018,B6,20409,B6,N982JB,534,14771,1477104,32457,SFO,"San Francisco, CA",CA,6,California,91,10721,1072102,30721,BOS,"Boston, MA",MA,25,Massachusetts,13,1420,1427,7,7,0,0,1400-1459,12,1439,2254,12,2250,2306,16,16,1,1,2200-2259,0,,0,330,339,315,1,2704,11,0,7,9,0,0,,,,0,,,,,,,,,,,,,,,,,,,,,,,,,,,,,,,,,,,,,,,,,,,,
2018,1,1,17,3,17/01/2018,B6,20409,B6,N279JB,535,15070,1507002,31703,SWF,"Newburgh/Poughkeepsie, NY",NY,36,New York,22,11697,1169706,32467,FLL,"Fort Lauderdale, FL",FL,12,Florida,33,1920,1913,-7,0,0,-1,1900-1959,25,1938,2236,5,2236,2241,5,5,0,0,2200-2259,0,,0,196,208,178,1,1118,5,,,,,,,,,0,,,,,,,,,,,,,,,,,,,,,,,,,,,,,,,,,,,,,,,,,,,,
2018,1,1,17,3,17/01/2018,B6,20409,B6,N279JB,536,11697,1169706,32467,FLL,"Fort Lauderdale, FL",FL,12,Florida,33,15070,1507002,31703,SWF,"Newburgh/Poughkeepsie, NY",NY,36,New York,22,1543,1539,-4,0,0,-1,1500-1559,11,1550,1807,7,1844,1814,-30,0,0,-2,1800-1859,0,,0,181,155,137,1,1118,5,,,,,,,,,0,,,,,,,,,,,,,,,,,,,,,,,,,,,,,,,,,,,,,,,,,,,,
2018,1,1,17,3,17/01/2018,B6,20409,B6,N527JB,537,10529,1052906,30529,BDL,"Hartford, CT",CT,9,Connecticut,11,13204,1320402,31454,MCO,"Orlando, FL",FL,12,Florida,33,1719,1946,147,147,1,9,1700-1759,21,2007,2304,11,2023,2315,172,172,1,11,2000-2059,0,,0,184,209,177,1,1050,5,1,0,25,0,146,,,,0,,,,,,,,,,,,,,,,,,,,,,,,,,,,,,,,,,,,,,,,,,,,
2018,1,1,17,3,17/01/2018,B6,20409,B6,N636JB,543,11618,1161802,31703,EWR,"Newark, NJ",NJ,34,New Jersey,21,14027,1402702,34027,PBI,"West Palm Beach/Palm Beach, FL",FL,12,Florida,33,1816,1850,34,34,1,2,1800-1859,12,1902,2142,3,2115,2145,30,30,1,2,2100-2159,0,,0,179,175,160,1,1023,5,6,0,0,0,24,,,,0,,,,,,,,,,,,,,,,,,,,,,,,,,,,,,,,,,,,,,,,,,,,
2018,1,1,17,3,17/01/2018,B6,20409,B6,N236JB,548,15304,1530402,33195,TPA,"Tampa, FL",FL,12,Florida,33,12197,1219702,31703,HPN,"White Plains, NY",NY,36,New York,22,1819,1822,3,3,0,0,1800-1859,14,1836,2040,3,2100,2043,-17,0,0,-2,2100-2159,0,,0,161,141,124,1,1032,5,,,,,,,,,0,,,,,,,,,,,,,,,,,,,,,,,,,,,,,,,,,,,,,,,,,,,,
2018,1,1,17,3,17/01/2018,B6,20409,B6,N375JB,549,11278,1127805,30852,DCA,"Washington, DC",VA,51,Virginia,38,15304,1530402,33195,TPA,"Tampa, FL",FL,12,Florida,33,1259,1434,95,95,1,6,1200-1259,16,1450,1710,6,1529,1716,107,107,1,7,1500-1559,0,,0,150,162,140,1,814,4,53,0,12,0,42,,,,0,,,,,,,,,,,,,,,,,,,,,,,,,,,,,,,,,,,,,,,,,,,,
2018,1,1,17,3,17/01/2018,B6,20409,B6,N958JB,553,12478,1247805,31703,JFK,"New York, NY",NY,36,New York,22,14027,1402702,34027,PBI,"West Palm Beach/Palm Beach, FL",FL,12,Florida,33,1949,1942,-7,0,0,-1,1900-1959,44,2026,2318,8,2259,2326,27,27,1,1,2200-2259,0,,0,190,224,172,1,1028,5,0,0,27,0,0,,,,0,,,,,,,,,,,,,,,,,,,,,,,,,,,,,,,,,,,,,,,,,,,,
2018,1,1,17,3,17/01/2018,B6,20409,B6,N503JB,563,13930,1393006,30977,ORD,"Chicago, IL",IL,17,Illinois,41,11697,1169706,32467,FLL,"Fort Lauderdale, FL",FL,12,Florida,33,700,710,10,10,0,0,0700-0759,37,747,1132,7,1119,1139,20,20,1,1,1100-1159,0,,0,199,209,165,1,1182,5,10,0,10,0,0,,,,0,,,,,,,,,,,,,,,,,,,,,,,,,,,,,,,,,,,,,,,,,,,,
2018,1,1,17,3,17/01/2018,B6,20409,B6,N503JB,563,11697,1169706,32467,FLL,"Fort Lauderdale, FL",FL,12,Florida,33,14843,1484306,34819,SJU,"San Juan, PR",PR,72,Puerto Rico,3,1215,1240,25,25,1,1,1200-1259,16,1256,1604,3,1546,1607,21,21,1,1,1500-1559,0,,0,151,147,128,1,1046,5,18,0,0,0,3,,,,0,,,,,,,,,,,,,,,,,,,,,,,,,,,,,,,,,,,,,,,,,,,,
2018,1,1,17,3,17/01/2018,B6,20409,B6,N706JB,566,14843,1484306,34819,SJU,"San Juan, PR",PR,72,Puerto Rico,3,11697,1169706,32467,FLL,"Fort Lauderdale, FL",FL,12,Florida,33,1814,1802,-12,0,0,-1,1800-1859,12,1814,1933,4,2004,1937,-27,0,0,-2,2000-2059,0,,0,170,155,139,1,1046,5,,,,,,,,,0,,,,,,,,,,,,,,,,,,,,,,,,,,,,,,,,,,,,,,,,,,,,
2018,1,1,17,3,17/01/2018,B6,20409,B6,N706JB,566,11697,1169706,32467,FLL,"Fort Lauderdale, FL",FL,12,Florida,33,13930,1393006,30977,ORD,"Chicago, IL",IL,17,Illinois,41,2049,2039,-10,0,0,-1,2000-2059,20,2059,2241,11,2301,2252,-9,0,0,-1,2300-2359,0,,0,192,193,162,1,1182,5,,,,,,,,,0,,,,,,,,,,,,,,,,,,,,,,,,,,,,,,,,,,,,,,,,,,,,
2018,1,1,17,3,17/01/2018,B6,20409,B6,N585JB,569,10721,1072102,30721,BOS,"Boston, MA",MA,25,Massachusetts,13,11697,1169706,32467,FLL,"Fort Lauderdale, FL",FL,12,Florida,33,620,720,60,60,1,4,0600-0659,73,833,1151,5,952,1156,124,124,1,8,0900-0959,0,,0,212,276,198,1,1237,5,0,38,64,0,22,,,,0,,,,,,,,,,,,,,,,,,,,,,,,,,,,,,,,,,,,,,,,,,,,
2018,1,1,17,3,17/01/2018,B6,20409,B6,N519JB,570,11697,1169706,32467,FLL,"Fort Lauderdale, FL",FL,12,Florida,33,10721,1072102,30721,BOS,"Boston, MA",MA,25,Massachusetts,13,1356,1423,27,27,1,1,1300-1359,43,1506,1744,11,1704,1755,51,51,1,3,1700-1759,0,,0,188,212,158,1,1237,5,0,0,51,0,0,,,,0,,,,,,,,,,,,,,,,,,,,,,,,,,,,,,,,,,,,,,,,,,,,
2018,1,1,17,3,17/01/2018,B6,20409,B6,N570JB,573,11618,1161802,31703,EWR,"Newark, NJ",NJ,34,New Jersey,21,15304,1530402,33195,TPA,"Tampa, FL",FL,12,Florida,33,700,651,-9,0,0,-1,0700-0759,35,726,1013,4,956,1017,21,21,1,1,0900-0959,0,,0,176,206,167,1,997,4,0,0,21,0,0,,,,0,,,,,,,,,,,,,,,,,,,,,,,,,,,,,,,,,,,,,,,,,,,,
2018,1,1,17,3,17/01/2018,B6,20409,B6,N570JB,574,15304,1530402,33195,TPA,"Tampa, FL",FL,12,Florida,33,11618,1161802,31703,EWR,"Newark, NJ",NJ,34,New Jersey,21,1038,1057,19,19,1,1,1000-1059,17,1114,1305,26,1320,1331,11,11,0,0,1300-1359,0,,0,162,154,111,1,997,4,,,,,,,,,0,,,,,,,,,,,,,,,,,,,,,,,,,,,,,,,,,,,,,,,,,,,,
2018,1,1,17,3,17/01/2018,B6,20409,B6,N712JB,575,12478,1247805,31703,JFK,"New York, NY",NY,36,New York,22,13495,1349505,33495,MSY,"New Orleans, LA",LA,22,Louisiana,72,1429,,,,,,1400-1459,,,,,1704,,,,,,1700-1759,1,B,0,215,,,1,1182,5,,,,,,,,,0,,,,,,,,,,,,,,,,,,,,,,,,,,,,,,,,,,,,,,,,,,,,
2018,1,1,17,3,17/01/2018,B6,20409,B6,N712JB,576,13495,1349505,33495,MSY,"New Orleans, LA",LA,22,Louisiana,72,12478,1247805,31703,JFK,"New York, NY",NY,36,New York,22,1746,,,,,,1700-1759,,,,,2136,,,,,,2100-2159,1,B,0,170,,,1,1182,5,,,,,,,,,0,,,,,,,,,,,,,,,,,,,,,,,,,,,,,,,,,,,,,,,,,,,,
2018,1,1,17,3,17/01/2018,B6,20409,B6,N981JB,577,11697,1169706,32467,FLL,"Fort Lauderdale, FL",FL,12,Florida,33,14771,1477104,32457,SFO,"San Francisco, CA",CA,6,California,91,830,824,-6,0,0,-1,0800-0859,17,841,1123,12,1200,1135,-25,0,0,-2,1200-1259,0,,0,390,371,342,1,2584,11,,,,,,,,,0,,,,,,,,,,,,,,,,,,,,,,,,,,,,,,,,,,,,,,,,,,,,
2018,1,1,17,3,17/01/2018,B6,20409,B6,N935JB,578,14771,1477104,32457,SFO,"San Francisco, CA",CA,6,California,91,11697,1169706,32467,FLL,"Fort Lauderdale, FL",FL,12,Florida,33,802,755,-7,0,0,-1,0800-0859,16,811,1616,7,1621,1623,2,2,0,0,1600-1659,0,,0,319,328,305,1,2584,11,,,,,,,,,0,,,,,,,,,,,,,,,,,,,,,,,,,,,,,,,,,,,,,,,,,,,,
2018,1,1,17,3,17/01/2018,B6,20409,B6,N641JB,581,12478,1247805,31703,JFK,"New York, NY",NY,36,New York,22,12191,1219102,31453,HOU,"Houston, TX",TX,48,Texas,74,1429,1427,-2,0,0,-1,1400-1459,33,1500,1718,2,1747,1720,-27,0,0,-2,1700-1759,0,,0,258,233,198,1,1428,6,,,,,,,,,0,,,,,,,,,,,,,,,,,,,,,,,,,,,,,,,,,,,,,,,,,,,,
2018,1,1,17,3,17/01/2018,B6,20409,B6,N768JB,583,12478,1247805,31703,JFK,"New York, NY",NY,36,New York,22,13204,1320402,31454,MCO,"Orlando, FL",FL,12,Florida,33,600,555,-5,0,0,-1,0600-0659,18,613,848,13,851,901,10,10,0,0,0800-0859,0,,0,171,186,155,1,944,4,,,,,,,,,0,,,,,,,,,,,,,,,,,,,,,,,,,,,,,,,,,,,,,,,,,,,,
2018,1,1,17,3,17/01/2018,B6,20409,B6,N971JB,584,13204,1320402,31454,MCO,"Orlando, FL",FL,12,Florida,33,12478,1247805,31703,JFK,"New York, NY",NY,36,New York,22,1355,1404,9,9,0,0,1300-1359,13,1417,1604,4,1630,1608,-22,0,0,-2,1600-1659,0,,0,155,124,107,1,944,4,,,,,,,,,0,,,,,,,,,,,,,,,,,,,,,,,,,,,,,,,,,,,,,,,,,,,,
2018,1,1,17,3,17/01/2018,B6,20409,B6,N267JB,585,14576,1457606,34576,ROC,"Rochester, NY",NY,36,New York,22,12478,1247805,31703,JFK,"New York, NY",NY,36,New York,22,1357,1431,34,34,1,2,1300-1359,8,1439,1543,5,1516,1548,32,32,1,2,1500-1559,0,,0,79,77,64,1,264,2,6,0,0,0,26,,,,0,,,,,,,,,,,,,,,,,,,,,,,,,,,,,,,,,,,,,,,,,,,,
2018,1,1,17,3,17/01/2018,B6,20409,B6,N358JB,586,12478,1247805,31703,JFK,"New York, NY",NY,36,New York,22,14576,1457606,34576,ROC,"Rochester, NY",NY,36,New York,22,1429,1428,-1,0,0,-1,1400-1459,23,1451,1546,9,1556,1555,-1,0,0,-1,1500-1559,0,,0,87,87,55,1,264,2,,,,,,,,,0,,,,,,,,,,,,,,,,,,,,,,,,,,,,,,,,,,,,,,,,,,,,
2018,1,1,17,3,17/01/2018,B6,20409,B6,N206JB,589,11278,1127805,30852,DCA,"Washington, DC",VA,51,Virginia,38,12451,1245102,31136,JAX,"Jacksonville, FL",FL,12,Florida,33,858,856,-2,0,0,-1,0800-0859,26,922,1120,5,1116,1125,9,9,0,0,1100-1159,0,,0,138,149,118,1,634,3,,,,,,,,,0,,,,,,,,,,,,,,,,,,,,,,,,,,,,,,,,,,,,,,,,,,,,
2018,1,1,17,3,17/01/2018,B6,20409,B6,N249JB,590,11278,1127805,30852,DCA,"Washington, DC",VA,51,Virginia,38,10721,1072102,30721,BOS,"Boston, MA",MA,25,Massachusetts,13,1429,1514,45,45,1,3,1400-1459,13,1527,1633,5,1555,1638,43,43,1,2,1500-1559,0,,0,86,84,66,1,399,2,21,0,0,0,22,,,,0,,,,,,,,,,,,,,,,,,,,,,,,,,,,,,,,,,,,,,,,,,,,
2018,1,1,17,3,17/01/2018,B6,20409,B6,N566JB,597,10721,1072102,30721,BOS,"Boston, MA",MA,25,Massachusetts,13,14747,1474703,30559,SEA,"Seattle, WA",WA,53,Washington,93,859,859,0,0,0,0,0800-0859,40,939,1220,10,1226,1230,4,4,0,0,1200-1259,0,,0,387,391,341,1,2496,10,,,,,,,,,0,,,,,,,,,,,,,,,,,,,,,,,,,,,,,,,,,,,,,,,,,,,,
2018,1,1,17,3,17/01/2018,B6,20409,B6,N566JB,598,14747,1474703,30559,SEA,"Seattle, WA",WA,53,Washington,93,10721,1072102,30721,BOS,"Boston, MA",MA,25,Massachusetts,13,1316,1356,40,40,1,2,1300-1359,29,1425,2213,9,2126,2222,56,56,1,3,2100-2159,0,,0,310,326,288,1,2496,10,0,36,16,0,4,,,,0,,,,,,,,,,,,,,,,,,,,,,,,,,,,,,,,,,,,,,,,,,,,
2018,1,1,17,3,17/01/2018,B6,20409,B6,N192JB,599,10529,1052906,30529,BDL,"Hartford, CT",CT,9,Connecticut,11,11278,1127805,30852,DCA,"Washington, DC",VA,51,Virginia,38,1915,1856,-19,0,0,-2,1900-1959,13,1909,2021,9,2044,2030,-14,0,0,-1,2000-2059,0,,0,89,94,72,1,313,2,,,,,,,,,0,,,,,,,,,,,,,,,,,,,,,,,,,,,,,,,,,,,,,,,,,,,,
2018,1,1,17,3,17/01/2018,B6,20409,B6,N949JB,601,12478,1247805,31703,JFK,"New York, NY",NY,36,New York,22,11697,1169706,32467,FLL,"Fort Lauderdale, FL",FL,12,Florida,33,600,553,-7,0,0,-1,0600-0659,26,619,901,10,907,911,4,4,0,0,0900-0959,0,,0,187,198,162,1,1069,5,,,,,,,,,0,,,,,,,,,,,,,,,,,,,,,,,,,,,,,,,,,,,,,,,,,,,,
2018,1,1,17,3,17/01/2018,B6,20409,B6,N834JB,602,14107,1410702,30466,PHX,"Phoenix, AZ",AZ,4,Arizona,81,10721,1072102,30721,BOS,"Boston, MA",MA,25,Massachusetts,13,2359,2345,-14,0,0,-1,2300-2359,12,2357,634,7,643,641,-2,0,0,-1,0600-0659,0,,0,284,296,277,1,2300,10,,,,,,,,,0,,,,,,,,,,,,,,,,,,,,,,,,,,,,,,,,,,,,,,,,,,,,
2018,1,1,17,3,17/01/2018,B6,20409,B6,N804JB,603,10721,1072102,30721,BOS,"Boston, MA",MA,25,Massachusetts,13,14107,1410702,30466,PHX,"Phoenix, AZ",AZ,4,Arizona,81,1752,1910,78,78,1,5,1700-1759,66,2016,2310,19,2159,2329,90,90,1,6,2100-2159,0,,0,367,379,294,1,2300,10,0,0,12,54,24,,,,0,,,,,,,,,,,,,,,,,,,,,,,,,,,,,,,,,,,,,,,,,,,,
2018,1,1,17,3,17/01/2018,B6,20409,B6,N907JB,611,12478,1247805,31703,JFK,"New York, NY",NY,36,New York,22,12889,1288903,32211,LAS,"Las Vegas, NV",NV,32,Nevada,85,1916,1912,-4,0,0,-1,1900-1959,20,1932,2108,6,2218,2114,-64,0,0,-2,2200-2259,0,,0,362,302,276,1,2248,9,,,,,,,,,0,,,,,,,,,,,,,,,,,,,,,,,,,,,,,,,,,,,,,,,,,,,,
2018,1,1,17,3,17/01/2018,B6,20409,B6,N636JB,612,14635,1463502,31714,RSW,"Fort Myers, FL",FL,12,Florida,33,11618,1161802,31703,EWR,"Newark, NJ",NJ,34,New Jersey,21,1440,1539,59,59,1,3,1400-1459,13,1552,1756,7,1736,1803,27,27,1,1,1700-1759,0,,0,176,144,124,1,1068,5,0,0,27,0,0,,,,0,,,,,,,,,,,,,,,,,,,,,,,,,,,,,,,,,,,,,,,,,,,,
2018,1,1,17,3,17/01/2018,B6,20409,B6,N923JB,615,12478,1247805,31703,JFK,"New York, NY",NY,36,New York,22,14771,1477104,32457,SFO,"San Francisco, CA",CA,6,California,91,1140,1212,32,32,1,2,1100-1159,31,1243,1515,6,1520,1521,1,1,0,0,1500-1559,0,,0,400,369,332,1,2586,11,,,,,,,,,0,,,,,,,,,,,,,,,,,,,,,,,,,,,,,,,,,,,,,,,,,,,,
2018,1,1,17,3,17/01/2018,B6,20409,B6,N961JB,616,14771,1477104,32457,SFO,"San Francisco, CA",CA,6,California,91,12478,1247805,31703,JFK,"New York, NY",NY,36,New York,22,1550,1607,17,17,1,1,1500-1559,28,1635,53,8,16,101,45,45,1,3,0001-0559,0,,0,326,354,318,1,2586,11,17,0,28,0,0,,,,0,,,,,,,,,,,,,,,,,,,,,,,,,,,,,,,,,,,,,,,,,,,,
2018,1,1,17,3,17/01/2018,B6,20409,B6,N980JB,619,10721,1072102,30721,BOS,"Boston, MA",MA,25,Massachusetts,13,14679,1467903,33570,SAN,"San Diego, CA",CA,6,California,91,700,656,-4,0,0,-1,0700-0759,58,754,1012,5,1039,1017,-22,0,0,-2,1000-1059,0,,0,399,381,318,1,2588,11,,,,,,,,,0,,,,,,,,,,,,,,,,,,,,,,,,,,,,,,,,,,,,,,,,,,,,
2018,1,1,17,3,17/01/2018,B6,20409,B6,N980JB,620,14679,1467903,33570,SAN,"San Diego, CA",CA,6,California,91,10721,1072102,30721,BOS,"Boston, MA",MA,25,Massachusetts,13,1150,1152,2,2,0,0,1100-1159,28,1220,2056,8,2013,2104,51,51,1,3,2000-2059,0,,0,323,372,336,1,2588,11,2,0,49,0,0,,,,0,,,,,,,,,,,,,,,,,,,,,,,,,,,,,,,,,,,,,,,,,,,,
2018,1,1,17,3,17/01/2018,B6,20409,B6,N991JB,624,12892,1289208,32575,LAX,"Los Angeles, CA",CA,6,California,91,12478,1247805,31703,JFK,"New York, NY",NY,36,New York,22,1415,1434,19,19,1,1,1400-1459,11,1445,2253,3,2229,2256,27,27,1,1,2200-2259,0,,0,314,322,308,1,2475,10,19,0,8,0,0,,,,0,,,,,,,,,,,,,,,,,,,,,,,,,,,,,,,,,,,,,,,,,,,,
2018,1,1,17,3,17/01/2018,B6,20409,B6,N346JB,626,10821,1082106,30852,BWI,"Baltimore, MD",MD,24,Maryland,35,10721,1072102,30721,BOS,"Boston, MA",MA,25,Massachusetts,13,1013,,,,,,1000-1059,,,,,1132,,,,,,1100-1159,1,B,0,79,,,1,369,2,,,,,,,,,0,,,,,,,,,,,,,,,,,,,,,,,,,,,,,,,,,,,,,,,,,,,,
2018,1,1,17,3,17/01/2018,B6,20409,B6,N971JB,629,13204,1320402,31454,MCO,"Orlando, FL",FL,12,Florida,33,10732,1073203,30732,BQN,"Aguadilla, PR",PR,72,Puerto Rico,3,2138,2212,34,34,1,2,2100-2159,13,2225,140,8,118,148,30,30,1,2,0001-0559,0,,0,160,156,135,1,1129,5,14,0,0,0,16,,,,0,,,,,,,,,,,,,,,,,,,,,,,,,,,,,,,,,,,,,,,,,,,,
2018,1,1,17,3,17/01/2018,B6,20409,B6,N965JB,630,10732,1073203,30732,BQN,"Aguadilla, PR",PR,72,Puerto Rico,3,13204,1320402,31454,MCO,"Orlando, FL",FL,12,Florida,33,238,332,54,54,1,3,0001-0559,8,340,506,3,433,509,36,36,1,2,0001-0559,0,,0,175,157,146,1,1129,5,0,0,0,0,36,,,,0,,,,,,,,,,,,,,,,,,,,,,,,,,,,,,,,,,,,,,,,,,,,
2018,1,1,17,3,17/01/2018,B6,20409,B6,N355JB,631,10721,1072102,30721,BOS,"Boston, MA",MA,25,Massachusetts,13,12953,1295304,31703,LGA,"New York, NY",NY,36,New York,22,645,,,,,,0600-0659,,,,,808,,,,,,0800-0859,1,C,0,83,,,1,184,1,,,,,,,,,0,,,,,,,,,,,,,,,,,,,,,,,,,,,,,,,,,,,,,,,,,,,,
2018,1,1,17,3,17/01/2018,B6,20409,B6,N334JB,632,12953,1295304,31703,LGA,"New York, NY",NY,36,New York,22,10721,1072102,30721,BOS,"Boston, MA",MA,25,Massachusetts,13,900,859,-1,0,0,-1,0900-0959,58,957,1040,9,1025,1049,24,24,1,1,1000-1059,0,,0,85,110,43,1,184,1,0,0,24,0,0,,,,0,,,,,,,,,,,,,,,,,,,,,,,,,,,,,,,,,,,,,,,,,,,,
2018,1,1,17,3,17/01/2018,B6,20409,B6,N346JB,640,11042,1104205,30647,CLE,"Cleveland, OH",OH,39,Ohio,44,10721,1072102,30721,BOS,"Boston, MA",MA,25,Massachusetts,13,1856,1903,7,7,0,0,1800-1859,,,,,2037,,,,,,2000-2059,1,A,0,101,,,1,563,3,,,,,,1903,31,31,0,,,,,,,,,,,,,,,,,,,,,,,,,,,,,,,,,,,,,,,,,,,,
2018,1,1,17,3,17/01/2018,B6,20409,B6,N346JB,641,10721,1072102,30721,BOS,"Boston, MA",MA,25,Massachusetts,13,11042,1104205,30647,CLE,"Cleveland, OH",OH,39,Ohio,44,1615,1611,-4,0,0,-1,1600-1659,18,1629,1756,9,1821,1805,-16,0,0,-2,1800-1859,0,,0,126,114,87,1,563,3,,,,,,,,,0,,,,,,,,,,,,,,,,,,,,,,,,,,,,,,,,,,,,,,,,,,,,
2018,1,1,17,3,17/01/2018,B6,20409,B6,N584JB,644,14027,1402702,34027,PBI,"West Palm Beach/Palm Beach, FL",FL,12,Florida,33,11618,1161802,31703,EWR,"Newark, NJ",NJ,34,New Jersey,21,930,920,-10,0,0,-1,0900-0959,12,932,1133,8,1218,1141,-37,0,0,-2,1200-1259,0,,0,168,141,121,1,1023,5,,,,,,,,,0,,,,,,,,,,,,,,,,,,,,,,,,,,,,,,,,,,,,,,,,,,,,
2018,1,1,17,3,17/01/2018,B6,20409,B6,N266JB,645,14524,1452401,34524,RIC,"Richmond, VA",VA,51,Virginia,38,11697,1169706,32467,FLL,"Fort Lauderdale, FL",FL,12,Florida,33,1634,1729,55,55,1,3,1600-1659,30,1759,2021,6,1858,2027,89,89,1,5,1800-1859,0,,0,144,178,142,1,805,4,10,0,34,0,45,,,,0,,,,,,,,,,,,,,,,,,,,,,,,,,,,,,,,,,,,,,,,,,,,
2018,1,1,17,3,17/01/2018,B6,20409,B6,N266JB,646,11697,1169706,32467,FLL,"Fort Lauderdale, FL",FL,12,Florida,33,14524,1452401,34524,RIC,"Richmond, VA",VA,51,Virginia,38,1342,1435,53,53,1,3,1300-1359,17,1452,1631,18,1559,1649,50,50,1,3,1500-1559,0,,0,137,134,99,1,805,4,13,0,0,0,37,,,,0,,,,,,,,,,,,,,,,,,,,,,,,,,,,,,,,,,,,,,,,,,,,
2018,1,1,17,3,17/01/2018,B6,20409,B6,N547JB,647,10721,1072102,30721,BOS,"Boston, MA",MA,25,Massachusetts,13,14869,1486903,34614,SLC,"Salt Lake City, UT",UT,49,Utah,87,1900,1918,18,18,1,1,1900-1959,21,1939,2218,3,2237,2221,-16,0,0,-2,2200-2259,0,,0,337,303,279,1,2105,9,,,,,,,,,0,,,,,,,,,,,,,,,,,,,,,,,,,,,,,,,,,,,,,,,,,,,,
2018,1,1,17,3,17/01/2018,B6,20409,B6,N547JB,648,14869,1486903,34614,SLC,"Salt Lake City, UT",UT,49,Utah,87,10721,1072102,30721,BOS,"Boston, MA",MA,25,Massachusetts,13,2327,2321,-6,0,0,-1,2300-2359,18,2339,550,3,555,553,-2,0,0,-1,0001-0559,0,,0,268,272,251,1,2105,9,,,,,,,,,0,,,,,,,,,,,,,,,,,,,,,,,,,,,,,,,,,,,,,,,,,,,,
2018,1,1,17,3,17/01/2018,B6,20409,B6,N258JB,654,11278,1127805,30852,DCA,"Washington, DC",VA,51,Virginia,38,10721,1072102,30721,BOS,"Boston, MA",MA,25,Massachusetts,13,1140,1200,20,20,1,1,1100-1159,15,1215,1320,8,1305,1328,23,23,1,1,1300-1359,0,,0,85,88,65,1,399,2,4,0,3,0,16,,,,0,,,,,,,,,,,,,,,,,,,,,,,,,,,,,,,,,,,,,,,,,,,,
2018,1,1,17,3,17/01/2018,B6,20409,B6,N612JB,655,15096,1509602,35096,SYR,"Syracuse, NY",NY,36,New York,22,13204,1320402,31454,MCO,"Orlando, FL",FL,12,Florida,33,720,715,-5,0,0,-1,0700-0759,30,745,1028,11,1036,1039,3,3,0,0,1000-1059,0,,0,196,204,163,1,1053,5,,,,,,,,,0,,,,,,,,,,,,,,,,,,,,,,,,,,,,,,,,,,,,,,,,,,,,
2018,1,1,17,3,17/01/2018,B6,20409,B6,N623JB,656,13204,1320402,31454,MCO,"Orlando, FL",FL,12,Florida,33,15096,1509602,35096,SYR,"Syracuse, NY",NY,36,New York,22,2025,2037,12,12,0,0,2000-2059,10,2047,2302,5,2304,2307,3,3,0,0,2300-2359,0,,0,159,150,135,1,1053,5,,,,,,,,,0,,,,,,,,,,,,,,,,,,,,,,,,,,,,,,,,,,,,,,,,,,,,
2018,1,1,17,3,17/01/2018,B6,20409,B6,N625JB,657,11042,1104205,30647,CLE,"Cleveland, OH",OH,39,Ohio,44,11697,1169706,32467,FLL,"Fort Lauderdale, FL",FL,12,Florida,33,700,657,-3,0,0,-1,0700-0759,27,724,956,5,955,1001,6,6,0,0,0900-0959,0,,0,175,184,152,1,1062,5,,,,,,,,,0,,,,,,,,,,,,,,,,,,,,,,,,,,,,,,,,,,,,,,,,,,,,
2018,1,1,17,3,17/01/2018,B6,20409,B6,N517JB,658,11697,1169706,32467,FLL,"Fort Lauderdale, FL",FL,12,Florida,33,11042,1104205,30647,CLE,"Cleveland, OH",OH,39,Ohio,44,1940,2031,51,51,1,3,1900-1959,12,2043,2305,13,2238,2318,40,40,1,2,2200-2259,0,,0,178,167,142,1,1062,5,3,0,0,0,37,,,,0,,,,,,,,,,,,,,,,,,,,,,,,,,,,,,,,,,,,,,,,,,,,
2018,1,1,17,3,17/01/2018,B6,20409,B6,N258JB,660,14100,1410005,34100,PHL,"Philadelphia, PA",PA,42,Pennsylvania,23,10721,1072102,30721,BOS,"Boston, MA",MA,25,Massachusetts,13,1559,1659,60,60,1,4,1500-1559,42,1741,1825,7,1718,1832,74,74,1,4,1700-1759,0,,0,79,93,44,1,280,2,0,0,43,0,31,,,,0,,,,,,,,,,,,,,,,,,,,,,,,,,,,,,,,,,,,,,,,,,,,
2018,1,1,17,3,17/01/2018,B6,20409,B6,N796JB,665,10721,1072102,30721,BOS,"Boston, MA",MA,25,Massachusetts,13,14635,1463502,31714,RSW,"Fort Myers, FL",FL,12,Florida,33,830,822,-8,0,0,-1,0800-0859,53,915,1241,7,1212,1248,36,36,1,2,1200-1259,0,,0,222,266,206,1,1249,5,0,0,36,0,0,,,,0,,,,,,,,,,,,,,,,,,,,,,,,,,,,,,,,,,,,,,,,,,,,
2018,1,1,17,3,17/01/2018,B6,20409,B6,N648JB,667,13204,1320402,31454,MCO,"Orlando, FL",FL,12,Florida,33,14254,1425404,34254,PSE,"Ponce, PR",PR,72,Puerto Rico,3,2145,2226,41,41,1,2,2100-2159,15,2241,204,5,138,209,31,31,1,2,0001-0559,0,,0,173,163,143,1,1179,5,23,0,0,0,8,,,,0,,,,,,,,,,,,,,,,,,,,,,,,,,,,,,,,,,,,,,,,,,,,
2018,1,1,17,3,17/01/2018,B6,20409,B6,N588JB,668,14254,1425404,34254,PSE,"Ponce, PR",PR,72,Puerto Rico,3,13204,1320402,31454,MCO,"Orlando, FL",FL,12,Florida,33,250,240,-10,0,0,-1,0001-0559,10,250,436,6,455,442,-13,0,0,-1,0001-0559,0,,0,185,182,166,1,1179,5,,,,,,,,,0,,,,,,,,,,,,,,,,,,,,,,,,,,,,,,,,,,,,,,,,,,,,
2018,1,1,17,3,17/01/2018,B6,20409,B6,N651JB,672,11697,1169706,32467,FLL,"Fort Lauderdale, FL",FL,12,Florida,33,12953,1295304,31703,LGA,"New York, NY",NY,36,New York,22,1801,1845,44,44,1,2,1800-1859,15,1900,2118,3,2058,2121,23,23,1,1,2000-2059,0,,0,177,156,138,1,1076,5,0,0,23,0,0,,,,0,,,,,,,,,,,,,,,,,,,,,,,,,,,,,,,,,,,,,,,,,,,,
2018,1,1,17,3,17/01/2018,B6,20409,B6,N231JB,675,12478,1247805,31703,JFK,"New York, NY",NY,36,New York,22,13495,1349505,33495,MSY,"New Orleans, LA",LA,22,Louisiana,72,847,,,,,,0800-0859,,,,,1123,,,,,,1100-1159,1,B,0,216,,,1,1182,5,,,,,,,,,0,,,,,,,,,,,,,,,,,,,,,,,,,,,,,,,,,,,,,,,,,,,,
2018,1,1,17,3,17/01/2018,B6,20409,B6,N641JB,677,12478,1247805,31703,JFK,"New York, NY",NY,36,New York,22,12451,1245102,31136,JAX,"Jacksonville, FL",FL,12,Florida,33,807,758,-9,0,0,-1,0800-0859,21,819,1043,4,1047,1047,0,0,0,0,1000-1059,0,,0,160,169,144,1,828,4,,,,,,,,,0,,,,,,,,,,,,,,,,,,,,,,,,,,,,,,,,,,,,,,,,,,,,
2018,1,1,17,3,17/01/2018,B6,20409,B6,N641JB,678,12451,1245102,31136,JAX,"Jacksonville, FL",FL,12,Florida,33,12478,1247805,31703,JFK,"New York, NY",NY,36,New York,22,1127,1130,3,3,0,0,1100-1159,14,1144,1320,2,1337,1322,-15,0,0,-1,1300-1359,0,,0,130,112,96,1,828,4,,,,,,,,,0,,,,,,,,,,,,,,,,,,,,,,,,,,,,,,,,,,,,,,,,,,,,
2018,1,1,17,3,17/01/2018,B6,20409,B6,N637JB,679,12889,1288903,32211,LAS,"Las Vegas, NV",NV,32,Nevada,85,12954,1295406,32575,LGB,"Long Beach, CA",CA,6,California,91,2031,2023,-8,0,0,-1,2000-2059,12,2035,2117,5,2135,2122,-13,0,0,-1,2100-2159,0,,0,64,59,42,1,231,1,,,,,,,,,0,,,,,,,,,,,,,,,,,,,,,,,,,,,,,,,,,,,,,,,,,,,,
2018,1,1,17,3,17/01/2018,B6,20409,B6,N766JB,680,12954,1295406,32575,LGB,"Long Beach, CA",CA,6,California,91,12889,1288903,32211,LAS,"Las Vegas, NV",NV,32,Nevada,85,1657,1646,-11,0,0,-1,1600-1659,10,1656,1741,4,1805,1745,-20,0,0,-2,1800-1859,0,,0,68,59,45,1,231,1,,,,,,,,,0,,,,,,,,,,,,,,,,,,,,,,,,,,,,,,,,,,,,,,,,,,,,
2018,1,1,17,3,17/01/2018,B6,20409,B6,N374JB,682,14524,1452401,34524,RIC,"Richmond, VA",VA,51,Virginia,38,10721,1072102,30721,BOS,"Boston, MA",MA,25,Massachusetts,13,2017,2033,16,16,1,1,2000-2059,36,2109,2224,5,2143,2229,46,46,1,3,2100-2159,0,,0,86,116,75,1,474,2,0,0,46,0,0,,,,0,,,,,,,,,,,,,,,,,,,,,,,,,,,,,,,,,,,,,,,,,,,,
2018,1,1,17,3,17/01/2018,B6,20409,B6,N358JB,685,14576,1457606,34576,ROC,"Rochester, NY",NY,36,New York,22,12478,1247805,31703,JFK,"New York, NY",NY,36,New York,22,1631,1625,-6,0,0,-1,1600-1659,9,1634,1730,8,1753,1738,-15,0,0,-1,1700-1759,0,,0,82,73,56,1,264,2,,,,,,,,,0,,,,,,,,,,,,,,,,,,,,,,,,,,,,,,,,,,,,,,,,,,,,
2018,1,1,17,3,17/01/2018,B6,20409,B6,N267JB,686,12478,1247805,31703,JFK,"New York, NY",NY,36,New York,22,14576,1457606,34576,ROC,"Rochester, NY",NY,36,New York,22,1203,1220,17,17,1,1,1200-1259,33,1253,1348,7,1322,1355,33,33,1,2,1300-1359,0,,0,79,95,55,1,264,2,17,0,16,0,0,,,,0,,,,,,,,,,,,,,,,,,,,,,,,,,,,,,,,,,,,,,,,,,,,
2018,1,1,17,3,17/01/2018,B6,20409,B6,N986JB,687,10721,1072102,30721,BOS,"Boston, MA",MA,25,Massachusetts,13,12892,1289208,32575,LAX,"Los Angeles, CA",CA,6,California,91,1740,1744,4,4,0,0,1700-1759,29,1813,2030,5,2128,2035,-53,0,0,-2,2100-2159,0,,0,408,351,317,1,2611,11,,,,,,,,,0,,,,,,,,,,,,,,,,,,,,,,,,,,,,,,,,,,,,,,,,,,,,
2018,1,1,17,3,17/01/2018,B6,20409,B6,N985JB,688,12892,1289208,32575,LAX,"Los Angeles, CA",CA,6,California,91,10721,1072102,30721,BOS,"Boston, MA",MA,25,Massachusetts,13,1545,1532,-13,0,0,-1,1500-1559,20,1552,24,5,6,29,23,23,1,1,0001-0559,0,,0,321,357,332,1,2611,11,0,0,23,0,0,,,,0,,,,,,,,,,,,,,,,,,,,,,,,,,,,,,,,,,,,,,,,,,,,
2018,1,1,17,3,17/01/2018,B6,20409,B6,N970JB,690,13204,1320402,31454,MCO,"Orlando, FL",FL,12,Florida,33,12478,1247805,31703,JFK,"New York, NY",NY,36,New York,22,1507,1601,54,54,1,3,1500-1559,11,1612,1759,4,1743,1803,20,20,1,1,1700-1759,0,,0,156,122,107,1,944,4,3,0,0,0,17,,,,0,,,,,,,,,,,,,,,,,,,,,,,,,,,,,,,,,,,,,,,,,,,,
2018,1,1,17,3,17/01/2018,B6,20409,B6,N656JB,694,11697,1169706,32467,FLL,"Fort Lauderdale, FL",FL,12,Florida,33,10821,1082106,30852,BWI,"Baltimore, MD",MD,24,Maryland,35,2059,2057,-2,0,0,-1,2000-2059,12,2109,2300,7,2325,2307,-18,0,0,-2,2300-2359,0,,0,146,130,111,1,925,4,,,,,,,,,0,,,,,,,,,,,,,,,,,,,,,,,,,,,,,,,,,,,,,,,,,,,,
2018,1,1,17,3,17/01/2018,B6,20409,B6,N504JB,696,10397,1039707,30397,ATL,"Atlanta, GA",GA,13,Georgia,34,10721,1072102,30721,BOS,"Boston, MA",MA,25,Massachusetts,13,1702,2230,328,328,1,12,1700-1759,54,2324,122,8,1945,130,345,345,1,12,1900-1959,0,,0,163,180,118,1,946,4,328,0,17,0,0,,,,0,,,,,,,,,,,,,,,,,,,,,,,,,,,,,,,,,,,,,,,,,,,,
2018,1,1,17,3,17/01/2018,B6,20409,B6,N547JB,697,10721,1072102,30721,BOS,"Boston, MA",MA,25,Massachusetts,13,10397,1039707,30397,ATL,"Atlanta, GA",GA,13,Georgia,34,1325,,,,,,1300-1359,,,,,1622,,,,,,1600-1659,1,B,0,177,,,1,946,4,,,,,,,,,0,,,,,,,,,,,,,,,,,,,,,,,,,,,,,,,,,,,,,,,,,,,,
2018,1,1,17,3,17/01/2018,B6,20409,B6,N569JB,698,13204,1320402,31454,MCO,"Orlando, FL",FL,12,Florida,33,12953,1295304,31703,LGA,"New York, NY",NY,36,New York,22,1920,1959,39,39,1,2,1900-1959,14,2013,2208,5,2158,2213,15,15,1,1,2100-2159,0,,0,158,134,115,1,950,4,0,0,7,0,8,,,,0,,,,,,,,,,,,,,,,,,,,,,,,,,,,,,,,,,,,,,,,,,,,
2018,1,1,17,3,17/01/2018,B6,20409,B6,N307JB,699,10529,1052906,30529,BDL,"Hartford, CT",CT,9,Connecticut,11,11278,1127805,30852,DCA,"Washington, DC",VA,51,Virginia,38,926,,,,,,0900-0959,,,,,1058,,,,,,1000-1059,1,B,0,92,,,1,313,2,,,,,,,,,0,,,,,,,,,,,,,,,,,,,,,,,,,,,,,,,,,,,,,,,,,,,,
2018,1,1,17,3,17/01/2018,B6,20409,B6,N937JB,700,12892,1289208,32575,LAX,"Los Angeles, CA",CA,6,California,91,11697,1169706,32467,FLL,"Fort Lauderdale, FL",FL,12,Florida,33,800,756,-4,0,0,-1,0800-0859,14,810,1545,6,1548,1551,3,3,0,0,1500-1559,0,,0,288,295,275,1,2343,10,,,,,,,,,0,,,,,,,,,,,,,,,,,,,,,,,,,,,,,,,,,,,,,,,,,,,,
2018,1,1,17,3,17/01/2018,B6,20409,B6,N987JB,701,11697,1169706,32467,FLL,"Fort Lauderdale, FL",FL,12,Florida,33,12892,1289208,32575,LAX,"Los Angeles, CA",CA,6,California,91,924,916,-8,0,0,-1,0900-0959,16,932,1139,4,1223,1143,-40,0,0,-2,1200-1259,0,,0,359,327,307,1,2343,10,,,,,,,,,0,,,,,,,,,,,,,,,,,,,,,,,,,,,,,,,,,,,,,,,,,,,,
2018,1,1,17,3,17/01/2018,B6,20409,B6,N284JB,702,12478,1247805,31703,JFK,"New York, NY",NY,36,New York,22,10792,1079206,30792,BUF,"Buffalo, NY",NY,36,New York,22,1134,1133,-1,0,0,-1,1100-1159,37,1210,1311,2,1258,1313,15,15,1,1,1200-1259,0,,0,84,100,61,1,301,2,0,0,15,0,0,,,,0,,,,,,,,,,,,,,,,,,,,,,,,,,,,,,,,,,,,,,,,,,,,
2018,1,1,17,3,17/01/2018,B6,20409,B6,N656JB,705,11618,1161802,31703,EWR,"Newark, NJ",NJ,34,New Jersey,21,11697,1169706,32467,FLL,"Fort Lauderdale, FL",FL,12,Florida,33,1700,1651,-9,0,0,-1,1700-1759,20,1711,2001,7,2011,2008,-3,0,0,-1,2000-2059,0,,0,191,197,170,1,1065,5,,,,,,,,,0,,,,,,,,,,,,,,,,,,,,,,,,,,,,,,,,,,,,,,,,,,,,
2018,1,1,17,3,17/01/2018,B6,20409,B6,N585JB,706,11697,1169706,32467,FLL,"Fort Lauderdale, FL",FL,12,Florida,33,11618,1161802,31703,EWR,"Newark, NJ",NJ,34,New Jersey,21,1900,2011,71,71,1,4,1900-1959,18,2029,2243,10,2158,2253,55,55,1,3,2100-2159,0,,0,178,162,134,1,1065,5,0,0,55,0,0,,,,0,,,,,,,,,,,,,,,,,,,,,,,,,,,,,,,,,,,,,,,,,,,,
2018,1,1,17,3,17/01/2018,B6,20409,B6,N962JB,711,12478,1247805,31703,JFK,"New York, NY",NY,36,New York,22,12889,1288903,32211,LAS,"Las Vegas, NV",NV,32,Nevada,85,2045,2040,-5,0,0,-1,2000-2059,24,2104,2240,29,2344,2309,-35,0,0,-2,2300-2359,0,,0,359,329,276,1,2248,9,,,,,,,,,0,,,,,,,,,,,,,,,,,,,,,,,,,,,,,,,,,,,,,,,,,,,,
2018,1,1,17,3,17/01/2018,B6,20409,B6,N508JB,714,11298,1129806,30194,DFW,"Dallas/Fort Worth, TX",TX,48,Texas,74,10721,1072102,30721,BOS,"Boston, MA",MA,25,Massachusetts,13,1840,1855,15,15,1,1,1800-1859,31,1926,2349,8,2310,2357,47,47,1,3,2300-2359,0,,0,210,242,203,1,1562,7,0,0,47,0,0,,,,0,,,,,,,,,,,,,,,,,,,,,,,,,,,,,,,,,,,,,,,,,,,,
2018,1,1,17,3,17/01/2018,B6,20409,B6,N249JB,717,10721,1072102,30721,BOS,"Boston, MA",MA,25,Massachusetts,13,12478,1247805,31703,JFK,"New York, NY",NY,36,New York,22,1016,,,,,,1000-1059,,,,,1128,,,,,,1100-1159,1,B,0,72,,,1,187,1,,,,,,,,,0,,,,,,,,,,,,,,,,,,,,,,,,,,,,,,,,,,,,,,,,,,,,
2018,1,1,17,3,17/01/2018,B6,20409,B6,N231JB,718,12478,1247805,31703,JFK,"New York, NY",NY,36,New York,22,10721,1072102,30721,BOS,"Boston, MA",MA,25,Massachusetts,13,2250,8,78,78,1,5,2200-2259,15,23,59,5,2358,104,66,66,1,4,2300-2359,0,,0,68,56,36,1,187,1,66,0,0,0,0,,,,0,,,,,,,,,,,,,,,,,,,,,,,,,,,,,,,,,,,,,,,,,,,,
2018,1,1,17,3,17/01/2018,B6,20409,B6,N827JB,722,14027,1402702,34027,PBI,"West Palm Beach/Palm Beach, FL",FL,12,Florida,33,10721,1072102,30721,BOS,"Boston, MA",MA,25,Massachusetts,13,1100,1102,2,2,0,0,1100-1159,13,1115,1333,8,1404,1341,-23,0,0,-2,1400-1459,0,,0,184,159,138,1,1197,5,,,,,,,,,0,,,,,,,,,,,,,,,,,,,,,,,,,,,,,,,,,,,,,,,,,,,,
2018,1,1,17,3,17/01/2018,B6,20409,B6,N228JB,724,13204,1320402,31454,MCO,"Orlando, FL",FL,12,Florida,33,11278,1127805,30852,DCA,"Washington, DC",VA,51,Virginia,38,1436,1504,28,28,1,1,1400-1459,14,1518,1646,5,1645,1651,6,6,0,0,1600-1659,0,,0,129,107,88,1,759,4,,,,,,,,,0,,,,,,,,,,,,,,,,,,,,,,,,,,,,,,,,,,,,,,,,,,,,
2018,1,1,17,3,17/01/2018,B6,20409,B6,N568JB,726,12954,1295406,32575,LGB,"Long Beach, CA",CA,6,California,91,14831,1483106,32457,SJC,"San Jose, CA",CA,6,California,91,2040,2114,34,34,1,2,2000-2059,9,2123,2213,10,2159,2223,24,24,1,1,2100-2159,0,,0,79,69,50,1,324,2,0,0,0,0,24,,,,0,,,,,,,,,,,,,,,,,,,,,,,,,,,,,,,,,,,,,,,,,,,,
2018,1,1,17,3,17/01/2018,B6,20409,B6,N249JB,727,10721,1072102,30721,BOS,"Boston, MA",MA,25,Massachusetts,13,10821,1082106,30852,BWI,"Baltimore, MD",MD,24,Maryland,35,600,,,,,,0600-0659,,,,,743,,,,,,0700-0759,1,B,0,103,,,1,369,2,,,,,,,,,0,,,,,,,,,,,,,,,,,,,,,,,,,,,,,,,,,,,,,,,,,,,,
2018,1,1,17,3,17/01/2018,B6,20409,B6,N588JB,728,13204,1320402,31454,MCO,"Orlando, FL",FL,12,Florida,33,11618,1161802,31703,EWR,"Newark, NJ",NJ,34,New Jersey,21,600,603,3,3,0,0,0600-0659,15,618,814,15,831,829,-2,0,0,-1,0800-0859,0,,0,151,146,116,1,937,4,,,,,,,,,0,,,,,,,,,,,,,,,,,,,,,,,,,,,,,,,,,,,,,,,,,,,,
2018,1,1,17,3,17/01/2018,B6,20409,B6,N355JB,731,10721,1072102,30721,BOS,"Boston, MA",MA,25,Massachusetts,13,12953,1295304,31703,LGA,"New York, NY",NY,36,New York,22,840,1038,118,118,1,7,0800-0859,48,1126,1227,5,1000,1232,152,152,1,10,1000-1059,0,,0,80,114,61,1,184,1,0,0,152,0,0,836,47,47,0,,,,,,,,,,,,,,,,,,,,,,,,,,,,,,,,,,,,,,,,,,,,
2018,1,1,17,3,17/01/2018,B6,20409,B6,N334JB,732,12953,1295304,31703,LGA,"New York, NY",NY,36,New York,22,10721,1072102,30721,BOS,"Boston, MA",MA,25,Massachusetts,13,1045,,,,,,1000-1059,,,,,1206,,,,,,1200-1259,1,B,0,81,,,1,184,1,,,,,,,,,0,,,,,,,,,,,,,,,,,,,,,,,,,,,,,,,,,,,,,,,,,,,,
2018,1,1,17,3,17/01/2018,B6,20409,B6,N706JB,733,13204,1320402,31454,MCO,"Orlando, FL",FL,12,Florida,33,14843,1484306,34819,SJU,"San Juan, PR",PR,72,Puerto Rico,3,1340,1336,-4,0,0,-1,1300-1359,14,1350,1712,6,1725,1718,-7,0,0,-1,1700-1759,0,,0,165,162,142,1,1189,5,,,,,,,,,0,,,,,,,,,,,,,,,,,,,,,,,,,,,,,,,,,,,,,,,,,,,,
2018,1,1,17,3,17/01/2018,B6,20409,B6,N629JB,735,14771,1477104,32457,SFO,"San Francisco, CA",CA,6,California,91,12954,1295406,32575,LGB,"Long Beach, CA",CA,6,California,91,600,549,-11,0,0,-1,0600-0659,25,614,713,5,722,718,-4,0,0,-1,0700-0759,0,,0,82,89,59,1,354,2,,,,,,,,,0,,,,,,,,,,,,,,,,,,,,,,,,,,,,,,,,,,,,,,,,,,,,
2018,1,1,17,3,17/01/2018,B6,20409,B6,N589JB,736,12954,1295406,32575,LGB,"Long Beach, CA",CA,6,California,91,14771,1477104,32457,SFO,"San Francisco, CA",CA,6,California,91,1039,1111,32,32,1,2,1000-1059,17,1128,1225,6,1210,1231,21,21,1,1,1200-1259,0,,0,91,80,57,1,354,2,0,0,21,0,0,,,,0,,,,,,,,,,,,,,,,,,,,,,,,,,,,,,,,,,,,,,,,,,,,
2018,1,1,17,3,17/01/2018,B6,20409,B6,N661JB,737,10529,1052906,30529,BDL,"Hartford, CT",CT,9,Connecticut,11,13204,1320402,31454,MCO,"Orlando, FL",FL,12,Florida,33,803,,,,,,0800-0859,,,,,1115,,,,,,1100-1159,1,B,0,192,,,1,1050,5,,,,,,,,,0,,,,,,,,,,,,,,,,,,,,,,,,,,,,,,,,,,,,,,,,,,,,
2018,1,1,17,3,17/01/2018,B6,20409,B6,N827JB,741,10721,1072102,30721,BOS,"Boston, MA",MA,25,Massachusetts,13,14986,1498603,34986,SRQ,"Sarasota/Bradenton, FL",FL,12,Florida,33,1025,,,,,,1000-1059,,,,,1400,,,,,,1400-1459,1,B,0,215,,,1,1220,5,,,,,,,,,0,,,,,,,,,,,,,,,,,,,,,,,,,,,,,,,,,,,,,,,,,,,,
2018,1,1,17,3,17/01/2018,B6,20409,B6,N712JB,745,12478,1247805,31703,JFK,"New York, NY",NY,36,New York,22,14254,1425404,34254,PSE,"Ponce, PR",PR,72,Puerto Rico,3,2359,2356,-3,0,0,-1,2300-2359,15,11,440,4,450,444,-6,0,0,-1,0001-0559,0,,0,231,228,209,1,1617,7,,,,,,,,,0,,,,,,,,,,,,,,,,,,,,,,,,,,,,,,,,,,,,,,,,,,,,
2018,1,1,17,3,17/01/2018,B6,20409,B6,N559JB,746,14254,1425404,34254,PSE,"Ponce, PR",PR,72,Puerto Rico,3,12478,1247805,31703,JFK,"New York, NY",NY,36,New York,22,600,542,-18,0,0,-2,0600-0659,12,554,828,5,907,833,-34,0,0,-2,0900-0959,0,,0,247,231,214,1,1617,7,,,,,,,,,0,,,,,,,,,,,,,,,,,,,,,,,,,,,,,,,,,,,,,,,,,,,,
2018,1,1,17,3,17/01/2018,B6,20409,B6,N962JB,748,12889,1288903,32211,LAS,"Las Vegas, NV",NV,32,Nevada,85,12478,1247805,31703,JFK,"New York, NY",NY,36,New York,22,1140,1135,-5,0,0,-1,1100-1159,14,1149,1938,4,1934,1942,8,8,0,0,1900-1959,0,,0,294,307,289,1,2248,9,,,,,,,,,0,,,,,,,,,,,,,,,,,,,,,,,,,,,,,,,,,,,,,,,,,,,,
2018,1,1,17,3,17/01/2018,B6,20409,B6,N828JB,754,14027,1402702,34027,PBI,"West Palm Beach/Palm Beach, FL",FL,12,Florida,33,12478,1247805,31703,JFK,"New York, NY",NY,36,New York,22,1400,1438,38,38,1,2,1400-1459,12,1450,1646,6,1645,1652,7,7,0,0,1600-1659,0,,0,165,134,116,1,1028,5,,,,,,,,,0,,,,,,,,,,,,,,,,,,,,,,,,,,,,,,,,,,,,,,,,,,,,
2018,1,1,17,3,17/01/2018,B6,20409,B6,N203JB,755,10721,1072102,30721,BOS,"Boston, MA",MA,25,Massachusetts,13,11278,1127805,30852,DCA,"Washington, DC",VA,51,Virginia,38,1610,1634,24,24,1,1,1600-1659,42,1716,1834,3,1753,1837,44,44,1,2,1700-1759,0,,0,103,123,78,1,399,2,20,0,20,0,4,,,,0,,,,,,,,,,,,,,,,,,,,,,,,,,,,,,,,,,,,,,,,,,,,
2018,1,1,17,3,17/01/2018,B6,20409,B6,N306JB,759,10721,1072102,30721,BOS,"Boston, MA",MA,25,Massachusetts,13,14100,1410005,34100,PHL,"Philadelphia, PA",PA,42,Pennsylvania,23,1545,1820,155,155,1,10,1500-1559,25,1845,1956,5,1727,2001,154,154,1,10,1700-1759,0,,0,102,101,71,1,280,2,11,0,0,0,143,,,,0,,,,,,,,,,,,,,,,,,,,,,,,,,,,,,,,,,,,,,,,,,,,
2018,1,1,17,3,17/01/2018,B6,20409,B6,N229JB,760,14100,1410005,34100,PHL,"Philadelphia, PA",PA,42,Pennsylvania,23,10721,1072102,30721,BOS,"Boston, MA",MA,25,Massachusetts,13,2000,2046,46,46,1,3,2000-2059,40,2126,2223,8,2117,2231,74,74,1,4,2100-2159,0,,0,77,105,57,1,280,2,46,0,28,0,0,,,,0,,,,,,,,,,,,,,,,,,,,,,,,,,,,,,,,,,,,,,,,,,,,
2018,1,1,17,3,17/01/2018,B6,20409,B6,N580JB,761,12953,1295304,31703,LGA,"New York, NY",NY,36,New York,22,14027,1402702,34027,PBI,"West Palm Beach/Palm Beach, FL",FL,12,Florida,33,1600,1625,25,25,1,1,1600-1659,45,1710,1956,8,1916,2004,48,48,1,3,1900-1959,0,,0,196,219,166,1,1035,5,7,0,23,0,18,,,,0,,,,,,,,,,,,,,,,,,,,,,,,,,,,,,,,,,,,,,,,,,,,
2018,1,1,17,3,17/01/2018,B6,20409,B6,N206JB,783,10721,1072102,30721,BOS,"Boston, MA",MA,25,Massachusetts,13,14492,1449202,34492,RDU,"Raleigh/Durham, NC",NC,37,North Carolina,36,1529,1628,59,59,1,3,1500-1559,30,1658,1856,67,1739,2003,144,144,1,9,1700-1759,0,,0,130,215,118,1,612,3,59,0,85,0,0,,,,0,,,,,,,,,,,,,,,,,,,,,,,,,,,,,,,,,,,,,,,,,,,,
2018,1,1,17,3,17/01/2018,B6,20409,B6,N970JB,789,12478,1247805,31703,JFK,"New York, NY",NY,36,New York,22,13204,1320402,31454,MCO,"Orlando, FL",FL,12,Florida,33,1108,1105,-3,0,0,-1,1100-1159,48,1153,1438,16,1407,1454,47,47,1,3,1400-1459,0,,0,179,229,165,1,944,4,0,0,47,0,0,,,,0,,,,,,,,,,,,,,,,,,,,,,,,,,,,,,,,,,,,,,,,,,,,
2018,1,1,17,3,17/01/2018,B6,20409,B6,N228JB,790,11278,1127805,30852,DCA,"Washington, DC",VA,51,Virginia,38,10721,1072102,30721,BOS,"Boston, MA",MA,25,Massachusetts,13,1725,1740,15,15,1,1,1700-1759,27,1807,1903,7,1856,1910,14,14,0,0,1800-1859,0,,0,91,90,56,1,399,2,,,,,,,,,0,,,,,,,,,,,,,,,,,,,,,,,,,,,,,,,,,,,,,,,,,,,,
2018,1,1,17,3,17/01/2018,B6,20409,B6,N524JB,794,10423,1042302,30423,AUS,"Austin, TX",TX,48,Texas,74,12478,1247805,31703,JFK,"New York, NY",NY,36,New York,22,600,600,0,0,0,0,0600-0659,14,614,958,7,1027,1005,-22,0,0,-2,1000-1059,0,,0,207,185,164,1,1521,7,,,,,,,,,0,,,,,,,,,,,,,,,,,,,,,,,,,,,,,,,,,,,,,,,,,,,,
2018,1,1,17,3,17/01/2018,B6,20409,B6,N834JB,795,12478,1247805,31703,JFK,"New York, NY",NY,36,New York,22,10423,1042302,30423,AUS,"Austin, TX",TX,48,Texas,74,945,957,12,12,0,0,0900-0959,43,1040,1259,4,1309,1303,-6,0,0,-1,1300-1359,0,,0,264,246,199,1,1521,7,,,,,,,,,0,,,,,,,,,,,,,,,,,,,,,,,,,,,,,,,,,,,,,,,,,,,,
2018,1,1,17,3,17/01/2018,B6,20409,B6,N531JB,796,10397,1039707,30397,ATL,"Atlanta, GA",GA,13,Georgia,34,10721,1072102,30721,BOS,"Boston, MA",MA,25,Massachusetts,13,1947,2126,99,99,1,6,1900-1959,19,2145,2346,5,2229,2351,82,82,1,5,2200-2259,0,,0,162,145,121,1,946,4,20,0,0,0,62,,,,0,,,,,,,,,,,,,,,,,,,,,,,,,,,,,,,,,,,,,,,,,,,,
2018,1,1,17,3,17/01/2018,B6,20409,B6,N531JB,797,10721,1072102,30721,BOS,"Boston, MA",MA,25,Massachusetts,13,10397,1039707,30397,ATL,"Atlanta, GA",GA,13,Georgia,34,1607,1706,59,59,1,3,1600-1659,44,1750,2014,8,1907,2022,75,75,1,5,1900-1959,0,,0,180,196,144,1,946,4,30,0,16,0,29,,,,0,,,,,,,,,,,,,,,,,,,,,,,,,,,,,,,,,,,,,,,,,,,,
2018,1,1,17,3,17/01/2018,B6,20409,B6,N307JB,798,11278,1127805,30852,DCA,"Washington, DC",VA,51,Virginia,38,10529,1052906,30529,BDL,"Hartford, CT",CT,9,Connecticut,11,725,,,,,,0700-0759,,,,,841,,,,,,0800-0859,1,B,0,76,,,1,313,2,,,,,,,,,0,,,,,,,,,,,,,,,,,,,,,,,,,,,,,,,,,,,,,,,,,,,,
2018,1,1,17,3,17/01/2018,B6,20409,B6,N570JB,801,13204,1320402,31454,MCO,"Orlando, FL",FL,12,Florida,33,14869,1486903,34614,SLC,"Salt Lake City, UT",UT,49,Utah,87,1904,1943,39,39,1,2,1900-1959,15,1958,2214,2,2202,2216,14,14,0,0,2200-2259,0,,0,298,273,256,1,1931,8,,,,,,,,,0,,,,,,,,,,,,,,,,,,,,,,,,,,,,,,,,,,,,,,,,,,,,
2018,1,1,17,3,17/01/2018,B6,20409,B6,N709JB,802,14869,1486903,34614,SLC,"Salt Lake City, UT",UT,49,Utah,87,13204,1320402,31454,MCO,"Orlando, FL",FL,12,Florida,33,2248,2244,-4,0,0,-1,2200-2259,12,2256,453,6,501,459,-2,0,0,-1,0001-0559,0,,0,253,255,237,1,1931,8,,,,,,,,,0,,,,,,,,,,,,,,,,,,,,,,,,,,,,,,,,,,,,,,,,,,,,
2018,1,1,17,3,17/01/2018,B6,20409,B6,N559JB,803,12478,1247805,31703,JFK,"New York, NY",NY,36,New York,22,14843,1484306,34819,SJU,"San Juan, PR",PR,72,Puerto Rico,3,1315,1311,-4,0,0,-1,1300-1359,42,1353,1814,5,1805,1819,14,14,0,0,1800-1859,0,,0,230,248,201,1,1598,7,,,,,,,,,0,,,,,,,,,,,,,,,,,,,,,,,,,,,,,,,,,,,,,,,,,,,,
2018,1,1,17,3,17/01/2018,B6,20409,B6,N562JB,811,11618,1161802,31703,EWR,"Newark, NJ",NJ,34,New Jersey,21,14635,1463502,31714,RSW,"Fort Myers, FL",FL,12,Florida,33,610,558,-12,0,0,-1,0600-0659,15,613,927,5,920,932,12,12,0,0,0900-0959,0,,0,190,214,194,1,1068,5,,,,,,,,,0,,,,,,,,,,,,,,,,,,,,,,,,,,,,,,,,,,,,,,,,,,,,
2018,1,1,17,3,17/01/2018,B6,20409,B6,N562JB,812,14635,1463502,31714,RSW,"Fort Myers, FL",FL,12,Florida,33,11618,1161802,31703,EWR,"Newark, NJ",NJ,34,New Jersey,21,1003,955,-8,0,0,-1,1000-1059,12,1007,1208,21,1252,1229,-23,0,0,-2,1200-1259,0,,0,169,154,121,1,1068,5,,,,,,,,,0,,,,,,,,,,,,,,,,,,,,,,,,,,,,,,,,,,,,,,,,,,,,
2018,1,1,17,3,17/01/2018,B6,20409,B6,N605JB,813,12197,1219702,31703,HPN,"White Plains, NY",NY,36,New York,22,11697,1169706,32467,FLL,"Fort Lauderdale, FL",FL,12,Florida,33,1840,1943,63,63,1,4,1800-1859,13,1956,2250,5,2145,2255,70,70,1,4,2100-2159,0,,0,185,192,174,1,1097,5,13,0,7,0,50,,,,0,,,,,,,,,,,,,,,,,,,,,,,,,,,,,,,,,,,,,,,,,,,,
2018,1,1,17,3,17/01/2018,B6,20409,B6,N266JB,814,11697,1169706,32467,FLL,"Fort Lauderdale, FL",FL,12,Florida,33,12197,1219702,31703,HPN,"White Plains, NY",NY,36,New York,22,1933,2115,102,102,1,6,1900-1959,21,2136,2350,4,2226,2354,88,88,1,5,2200-2259,0,,0,173,159,134,1,1097,5,16,0,0,0,72,,,,0,,,,,,,,,,,,,,,,,,,,,,,,,,,,,,,,,,,,,,,,,,,,
2018,1,1,17,3,17/01/2018,B6,20409,B6,N187JB,815,10721,1072102,30721,BOS,"Boston, MA",MA,25,Massachusetts,13,10792,1079206,30792,BUF,"Buffalo, NY",NY,36,New York,22,1630,,,,,,1600-1659,,,,,1807,,,,,,1800-1859,1,B,0,97,,,1,395,2,,,,,,,,,0,,,,,,,,,,,,,,,,,,,,,,,,,,,,,,,,,,,,,,,,,,,,
2018,1,1,17,3,17/01/2018,B6,20409,B6,N298JB,816,10792,1079206,30792,BUF,"Buffalo, NY",NY,36,New York,22,10721,1072102,30721,BOS,"Boston, MA",MA,25,Massachusetts,13,859,,,,,,0800-0859,,,,,1021,,,,,,1000-1059,1,C,0,82,,,1,395,2,,,,,,,,,0,,,,,,,,,,,,,,,,,,,,,,,,,,,,,,,,,,,,,,,,,,,,
2018,1,1,17,3,17/01/2018,B6,20409,B6,N228JB,823,11278,1127805,30852,DCA,"Washington, DC",VA,51,Virginia,38,13204,1320402,31454,MCO,"Orlando, FL",FL,12,Florida,33,1137,1126,-11,0,0,-1,1100-1159,21,1147,1410,13,1401,1423,22,22,1,1,1400-1459,0,,0,144,177,143,1,759,4,0,0,22,0,0,,,,0,,,,,,,,,,,,,,,,,,,,,,,,,,,,,,,,,,,,,,,,,,,,
2018,1,1,17,3,17/01/2018,B6,20409,B6,N354JB,824,13204,1320402,31454,MCO,"Orlando, FL",FL,12,Florida,33,11278,1127805,30852,DCA,"Washington, DC",VA,51,Virginia,38,1853,2005,72,72,1,4,1800-1859,14,2019,2151,4,2059,2155,56,56,1,3,2000-2059,0,,0,126,110,92,1,759,4,9,0,0,0,47,,,,0,,,,,,,,,,,,,,,,,,,,,,,,,,,,,,,,,,,,,,,,,,,,
2018,1,1,17,3,17/01/2018,B6,20409,B6,N583JB,825,14831,1483106,32457,SJC,"San Jose, CA",CA,6,California,91,12954,1295406,32575,LGB,"Long Beach, CA",CA,6,California,91,843,830,-13,0,0,-1,0800-0859,13,843,937,3,959,940,-19,0,0,-2,0900-0959,0,,0,76,70,54,1,324,2,,,,,,,,,0,,,,,,,,,,,,,,,,,,,,,,,,,,,,,,,,,,,,,,,,,,,,
2018,1,1,17,3,17/01/2018,B6,20409,B6,N583JB,826,12954,1295406,32575,LGB,"Long Beach, CA",CA,6,California,91,14831,1483106,32457,SJC,"San Jose, CA",CA,6,California,91,645,631,-14,0,0,-1,0600-0659,30,701,755,4,803,759,-4,0,0,-1,0800-0859,0,,0,78,88,54,1,324,2,,,,,,,,,0,,,,,,,,,,,,,,,,,,,,,,,,,,,,,,,,,,,,,,,,,,,,
2018,1,1,17,3,17/01/2018,B6,20409,B6,N663JB,828,13204,1320402,31454,MCO,"Orlando, FL",FL,12,Florida,33,11618,1161802,31703,EWR,"Newark, NJ",NJ,34,New Jersey,21,1422,1704,162,162,1,10,1400-1459,13,1717,1902,12,1706,1914,128,128,1,8,1700-1759,0,,0,164,130,105,1,937,4,0,0,128,0,0,1500,82,82,0,,,,,,,,,,,,,,,,,,,,,,,,,,,,,,,,,,,,,,,,,,,,
2018,1,1,17,3,17/01/2018,B6,20409,B6,N355JB,831,10721,1072102,30721,BOS,"Boston, MA",MA,25,Massachusetts,13,12953,1295304,31703,LGA,"New York, NY",NY,36,New York,22,1130,,,,,,1100-1159,,,,,1249,,,,,,1200-1259,1,C,0,79,,,1,184,1,,,,,,,,,0,,,,,,,,,,,,,,,,,,,,,,,,,,,,,,,,,,,,,,,,,,,,
2018,1,1,17,3,17/01/2018,B6,20409,B6,N355JB,832,12953,1295304,31703,LGA,"New York, NY",NY,36,New York,22,10721,1072102,30721,BOS,"Boston, MA",MA,25,Massachusetts,13,1359,1347,-12,0,0,-1,1300-1359,41,1428,1458,7,1512,1505,-7,0,0,-1,1500-1559,0,,0,73,78,30,1,184,1,,,,,,,,,0,,,,,,,,,,,,,,,,,,,,,,,,,,,,,,,,,,,,,,,,,,,,
2018,1,1,17,3,17/01/2018,B6,20409,B6,N947JB,833,10721,1072102,30721,BOS,"Boston, MA",MA,25,Massachusetts,13,14771,1477104,32457,SFO,"San Francisco, CA",CA,6,California,91,1840,1832,-8,0,0,-1,1800-1859,54,1926,2236,11,2238,2247,9,9,0,0,2200-2259,0,,0,418,435,370,1,2704,11,,,,,,,,,0,,,,,,,,,,,,,,,,,,,,,,,,,,,,,,,,,,,,,,,,,,,,
2018,1,1,17,3,17/01/2018,B6,20409,B6,N968JB,834,14771,1477104,32457,SFO,"San Francisco, CA",CA,6,California,91,10721,1072102,30721,BOS,"Boston, MA",MA,25,Massachusetts,13,2040,2100,20,20,1,1,2000-2059,18,2118,534,5,508,539,31,31,1,2,0001-0559,0,,0,328,339,316,1,2704,11,20,0,11,0,0,,,,0,,,,,,,,,,,,,,,,,,,,,,,,,,,,,,,,,,,,,,,,,,,,
2018,1,1,17,3,17/01/2018,B6,20409,B6,N907JB,838,10732,1073203,30732,BQN,"Aguadilla, PR",PR,72,Puerto Rico,3,12478,1247805,31703,JFK,"New York, NY",NY,36,New York,22,604,554,-10,0,0,-1,0600-0659,9,603,822,3,859,825,-34,0,0,-2,0800-0859,0,,0,235,211,199,1,1576,7,,,,,,,,,0,,,,,,,,,,,,,,,,,,,,,,,,,,,,,,,,,,,,,,,,,,,,
2018,1,1,17,3,17/01/2018,B6,20409,B6,N959JB,839,12478,1247805,31703,JFK,"New York, NY",NY,36,New York,22,10732,1073203,30732,BQN,"Aguadilla, PR",PR,72,Puerto Rico,3,2358,2358,0,0,0,0,2300-2359,20,18,441,7,444,448,4,4,0,0,0001-0559,0,,0,226,230,203,1,1576,7,,,,,,,,,0,,,,,,,,,,,,,,,,,,,,,,,,,,,,,,,,,,,,,,,,,,,,
2018,1,1,17,3,17/01/2018,B6,20409,B6,N273JB,840,15096,1509602,35096,SYR,"Syracuse, NY",NY,36,New York,22,10721,1072102,30721,BOS,"Boston, MA",MA,25,Massachusetts,13,540,536,-4,0,0,-1,0001-0559,41,617,703,7,700,710,10,10,0,0,0700-0759,0,,0,80,94,46,1,265,2,,,,,,,,,0,,,,,,,,,,,,,,,,,,,,,,,,,,,,,,,,,,,,,,,,,,,,
2018,1,1,17,3,17/01/2018,B6,20409,B6,N784JB,841,12478,1247805,31703,JFK,"New York, NY",NY,36,New York,22,14685,1468502,34685,SAV,"Savannah, GA",GA,13,Georgia,34,711,706,-5,0,0,-1,0700-0759,13,719,918,4,938,922,-16,0,0,-2,0900-0959,0,,0,147,136,119,1,718,3,,,,,,,,,0,,,,,,,,,,,,,,,,,,,,,,,,,,,,,,,,,,,,,,,,,,,,
2018,1,1,17,3,17/01/2018,B6,20409,B6,N784JB,842,14685,1468502,34685,SAV,"Savannah, GA",GA,13,Georgia,34,12478,1247805,31703,JFK,"New York, NY",NY,36,New York,22,1018,1012,-6,0,0,-1,1000-1059,9,1021,1140,3,1215,1143,-32,0,0,-2,1200-1259,0,,0,117,91,79,1,718,3,,,,,,,,,0,,,,,,,,,,,,,,,,,,,,,,,,,,,,,,,,,,,,,,,,,,,,
2018,1,1,17,3,17/01/2018,B6,20409,B6,N192JB,843,11278,1127805,30852,DCA,"Washington, DC",VA,51,Virginia,38,10994,1099402,30994,CHS,"Charleston, SC",SC,45,South Carolina,37,1259,1250,-9,0,0,-1,1200-1259,10,1300,1429,7,1446,1436,-10,0,0,-1,1400-1459,0,,0,107,106,89,1,444,2,,,,,,,,,0,,,,,,,,,,,,,,,,,,,,,,,,,,,,,,,,,,,,,,,,,,,,
2018,1,1,17,3,17/01/2018,B6,20409,B6,N192JB,844,10994,1099402,30994,CHS,"Charleston, SC",SC,45,South Carolina,37,11278,1127805,30852,DCA,"Washington, DC",VA,51,Virginia,38,1521,1519,-2,0,0,-1,1500-1559,8,1527,1621,2,1649,1623,-26,0,0,-2,1600-1659,0,,0,88,64,54,1,444,2,,,,,,,,,0,,,,,,,,,,,,,,,,,,,,,,,,,,,,,,,,,,,,,,,,,,,,
2018,1,1,17,3,17/01/2018,B6,20409,B6,N206JB,845,10721,1072102,30721,BOS,"Boston, MA",MA,25,Massachusetts,13,15096,1509602,35096,SYR,"Syracuse, NY",NY,36,New York,22,2210,45,155,155,1,10,2200-2259,15,100,152,5,2335,157,142,142,1,9,2300-2359,0,,0,85,72,52,1,265,2,15,0,0,0,127,,,,0,,,,,,,,,,,,,,,,,,,,,,,,,,,,,,,,,,,,,,,,,,,,
2018,1,1,17,3,17/01/2018,B6,20409,B6,N329JB,846,13204,1320402,31454,MCO,"Orlando, FL",FL,12,Florida,33,15070,1507002,31703,SWF,"Newburgh/Poughkeepsie, NY",NY,36,New York,22,1352,1347,-5,0,0,-1,1300-1359,20,1407,1609,12,1636,1621,-15,0,0,-1,1600-1659,0,,0,164,154,122,1,989,4,,,,,,,,,0,,,,,,,,,,,,,,,,,,,,,,,,,,,,,,,,,,,,,,,,,,,,
2018,1,1,17,3,17/01/2018,B6,20409,B6,N203JB,854,11278,1127805,30852,DCA,"Washington, DC",VA,51,Virginia,38,10721,1072102,30721,BOS,"Boston, MA",MA,25,Massachusetts,13,1850,1953,63,63,1,4,1800-1859,15,2008,2106,7,2019,2113,54,54,1,3,2000-2059,0,,0,89,80,58,1,399,2,0,0,39,0,15,,,,0,,,,,,,,,,,,,,,,,,,,,,,,,,,,,,,,,,,,,,,,,,,,
2018,1,1,17,3,17/01/2018,B6,20409,B6,N346JB,860,14100,1410005,34100,PHL,"Philadelphia, PA",PA,42,Pennsylvania,23,10721,1072102,30721,BOS,"Boston, MA",MA,25,Massachusetts,13,600,,,,,,0600-0659,,,,,722,,,,,,0700-0759,1,B,0,82,,,1,280,2,,,,,,,,,0,,,,,,,,,,,,,,,,,,,,,,,,,,,,,,,,,,,,,,,,,,,,
2018,1,1,17,3,17/01/2018,B6,20409,B6,N556JB,861,10721,1072102,30721,BOS,"Boston, MA",MA,25,Massachusetts,13,14843,1484306,34819,SJU,"San Juan, PR",PR,72,Puerto Rico,3,813,813,0,0,0,0,0800-0859,65,918,1349,4,1316,1353,37,37,1,2,1300-1359,0,,0,243,280,211,1,1674,7,0,0,37,0,0,,,,0,,,,,,,,,,,,,,,,,,,,,,,,,,,,,,,,,,,,,,,,,,,,
2018,1,1,17,3,17/01/2018,B6,20409,B6,N536JB,862,14843,1484306,34819,SJU,"San Juan, PR",PR,72,Puerto Rico,3,10721,1072102,30721,BOS,"Boston, MA",MA,25,Massachusetts,13,501,,,,,,0001-0559,,,,,809,,,,,,0800-0859,1,B,0,248,,,1,1674,7,,,,,,,,,0,,,,,,,,,,,,,,,,,,,,,,,,,,,,,,,,,,,,,,,,,,,,
2018,1,1,17,3,17/01/2018,B6,20409,B6,N965JB,865,10721,1072102,30721,BOS,"Boston, MA",MA,25,Massachusetts,13,14635,1463502,31714,RSW,"Fort Myers, FL",FL,12,Florida,33,1116,1123,7,7,0,0,1100-1159,39,1202,1532,19,1500,1551,51,51,1,3,1500-1559,0,,0,224,268,210,1,1249,5,7,0,44,0,0,,,,0,,,,,,,,,,,,,,,,,,,,,,,,,,,,,,,,,,,,,,,,,,,,
2018,1,1,17,3,17/01/2018,B6,20409,B6,N952JB,866,14635,1463502,31714,RSW,"Fort Myers, FL",FL,12,Florida,33,10721,1072102,30721,BOS,"Boston, MA",MA,25,Massachusetts,13,700,653,-7,0,0,-1,0700-0759,10,703,922,7,1000,929,-31,0,0,-2,1000-1059,0,,0,180,156,139,1,1249,5,,,,,,,,,0,,,,,,,,,,,,,,,,,,,,,,,,,,,,,,,,,,,,,,,,,,,,
2018,1,1,17,3,17/01/2018,B6,20409,B6,N519JB,877,10721,1072102,30721,BOS,"Boston, MA",MA,25,Massachusetts,13,12889,1288903,32211,LAS,"Las Vegas, NV",NV,32,Nevada,85,1754,1849,55,55,1,3,1700-1759,15,1904,2104,6,2108,2110,2,2,0,0,2100-2159,0,,0,374,321,300,1,2381,10,,,,,,,,,0,,,,,,,,,,,,,,,,,,,,,,,,,,,,,,,,,,,,,,,,,,,,
2018,1,1,17,3,17/01/2018,B6,20409,B6,N519JB,878,12889,1288903,32211,LAS,"Las Vegas, NV",NV,32,Nevada,85,10721,1072102,30721,BOS,"Boston, MA",MA,25,Massachusetts,13,2158,2200,2,2,0,0,2100-2159,13,2213,603,12,555,615,20,20,1,1,0001-0559,0,,0,297,315,290,1,2381,10,2,0,18,0,0,,,,0,,,,,,,,,,,,,,,,,,,,,,,,,,,,,,,,,,,,,,,,,,,,
2018,1,1,17,3,17/01/2018,B6,20409,B6,N507JB,879,12889,1288903,32211,LAS,"Las Vegas, NV",NV,32,Nevada,85,12954,1295406,32575,LGB,"Long Beach, CA",CA,6,California,91,1459,1456,-3,0,0,-1,1400-1459,10,1506,1547,3,1604,1550,-14,0,0,-1,1600-1659,0,,0,65,54,41,1,231,1,,,,,,,,,0,,,,,,,,,,,,,,,,,,,,,,,,,,,,,,,,,,,,,,,,,,,,
2018,1,1,17,3,17/01/2018,B6,20409,B6,N589JB,880,12954,1295406,32575,LGB,"Long Beach, CA",CA,6,California,91,12889,1288903,32211,LAS,"Las Vegas, NV",NV,32,Nevada,85,700,656,-4,0,0,-1,0700-0759,12,708,754,7,809,801,-8,0,0,-1,0800-0859,0,,0,69,65,46,1,231,1,,,,,,,,,0,,,,,,,,,,,,,,,,,,,,,,,,,,,,,,,,,,,,,,,,,,,,
2018,1,1,17,3,17/01/2018,B6,20409,B6,N959JB,883,12478,1247805,31703,JFK,"New York, NY",NY,36,New York,22,13204,1320402,31454,MCO,"Orlando, FL",FL,12,Florida,33,1546,1557,11,11,0,0,1500-1559,14,1611,1854,10,1855,1904,9,9,0,0,1800-1859,0,,0,189,187,163,1,944,4,,,,,,,,,0,,,,,,,,,,,,,,,,,,,,,,,,,,,,,,,,,,,,,,,,,,,,
2018,1,1,17,3,17/01/2018,B6,20409,B6,N178JB,885,12478,1247805,31703,JFK,"New York, NY",NY,36,New York,22,14492,1449202,34492,RDU,"Raleigh/Durham, NC",NC,37,North Carolina,36,736,732,-4,0,0,-1,0700-0759,24,756,921,5,920,926,6,6,0,0,0900-0959,0,,0,104,114,85,1,427,2,,,,,,,,,0,,,,,,,,,,,,,,,,,,,,,,,,,,,,,,,,,,,,,,,,,,,,
2018,1,1,17,3,17/01/2018,B6,20409,B6,N178JB,886,14492,1449202,34492,RDU,"Raleigh/Durham, NC",NC,37,North Carolina,36,12478,1247805,31703,JFK,"New York, NY",NY,36,New York,22,955,955,0,0,0,0,0900-0959,74,1109,1207,7,1123,1214,51,51,1,3,1100-1159,0,,0,88,139,58,1,427,2,0,0,51,0,0,,,,0,,,,,,,,,,,,,,,,,,,,,,,,,,,,,,,,,,,,,,,,,,,,
2018,1,1,17,3,17/01/2018,B6,20409,B6,N274JB,889,11278,1127805,30852,DCA,"Washington, DC",VA,51,Virginia,38,10994,1099402,30994,CHS,"Charleston, SC",SC,45,South Carolina,37,1859,52,353,353,1,12,1800-1859,40,132,244,5,2041,249,368,368,1,12,2000-2059,0,,0,102,117,72,1,444,2,353,0,15,0,0,,,,0,,,,,,,,,,,,,,,,,,,,,,,,,,,,,,,,,,,,,,,,,,,,
2018,1,1,17,3,17/01/2018,B6,20409,B6,N591JB,891,10721,1072102,30721,BOS,"Boston, MA",MA,25,Massachusetts,13,15304,1530402,33195,TPA,"Tampa, FL",FL,12,Florida,33,726,727,1,1,0,0,0700-0759,62,829,1155,5,1057,1200,63,63,1,4,1000-1059,0,,0,211,273,206,1,1185,5,1,0,62,0,0,,,,0,,,,,,,,,,,,,,,,,,,,,,,,,,,,,,,,,,,,,,,,,,,,
2018,1,1,17,3,17/01/2018,B6,20409,B6,N661JB,892,15304,1530402,33195,TPA,"Tampa, FL",FL,12,Florida,33,10721,1072102,30721,BOS,"Boston, MA",MA,25,Massachusetts,13,1142,1231,49,49,1,3,1100-1159,16,1247,1454,3,1435,1457,22,22,1,1,1400-1459,0,,0,173,146,127,1,1185,5,22,0,0,0,0,,,,0,,,,,,,,,,,,,,,,,,,,,,,,,,,,,,,,,,,,,,,,,,,,
2018,1,1,17,3,17/01/2018,B6,20409,B6,N506JB,903,10529,1052906,30529,BDL,"Hartford, CT",CT,9,Connecticut,11,14635,1463502,31714,RSW,"Fort Myers, FL",FL,12,Florida,33,1033,,,,,,1000-1059,,,,,1400,,,,,,1400-1459,1,B,0,207,,,1,1180,5,,,,,,,,,0,,,,,,,,,,,,,,,,,,,,,,,,,,,,,,,,,,,,,,,,,,,,
2018,1,1,17,3,17/01/2018,B6,20409,B6,N613JB,904,14635,1463502,31714,RSW,"Fort Myers, FL",FL,12,Florida,33,10529,1052906,30529,BDL,"Hartford, CT",CT,9,Connecticut,11,1336,1541,125,125,1,8,1300-1359,13,1554,1803,8,1630,1811,101,101,1,6,1600-1659,0,,0,174,150,129,1,1180,5,5,0,0,0,96,,,,0,,,,,,,,,,,,,,,,,,,,,,,,,,,,,,,,,,,,,,,,,,,,
2018,1,1,17,3,17/01/2018,B6,20409,B6,N615JB,905,11618,1161802,31703,EWR,"Newark, NJ",NJ,34,New Jersey,21,11697,1169706,32467,FLL,"Fort Lauderdale, FL",FL,12,Florida,33,2100,2124,24,24,1,1,2100-2159,11,2135,24,7,1,31,30,30,1,2,0001-0559,0,,0,181,187,169,1,1065,5,10,0,6,0,14,,,,0,,,,,,,,,,,,,,,,,,,,,,,,,,,,,,,,,,,,,,,,,,,,
2018,1,1,17,3,17/01/2018,B6,20409,B6,N323JB,906,13930,1393006,30977,ORD,"Chicago, IL",IL,17,Illinois,41,12478,1247805,31703,JFK,"New York, NY",NY,36,New York,22,1048,1028,-20,0,0,-2,1000-1059,13,1041,1323,6,1359,1329,-30,0,0,-2,1300-1359,0,,0,131,121,102,1,740,3,,,,,,,,,0,,,,,,,,,,,,,,,,,,,,,,,,,,,,,,,,,,,,,,,,,,,,
2018,1,1,17,3,17/01/2018,B6,20409,B6,N354JB,913,12197,1219702,31703,HPN,"White Plains, NY",NY,36,New York,22,11697,1169706,32467,FLL,"Fort Lauderdale, FL",FL,12,Florida,33,830,843,13,13,0,0,0800-0859,30,913,1216,11,1142,1227,45,45,1,3,1100-1159,0,,0,192,224,183,1,1097,5,13,0,32,0,0,,,,0,,,,,,,,,,,,,,,,,,,,,,,,,,,,,,,,,,,,,,,,,,,,
2018,1,1,17,3,17/01/2018,B6,20409,B6,N605JB,914,11697,1169706,32467,FLL,"Fort Lauderdale, FL",FL,12,Florida,33,12197,1219702,31703,HPN,"White Plains, NY",NY,36,New York,22,757,746,-11,0,0,-1,0700-0759,26,812,1027,3,1050,1030,-20,0,0,-2,1000-1059,0,,0,173,164,135,1,1097,5,,,,,,,,,0,,,,,,,,,,,,,,,,,,,,,,,,,,,,,,,,,,,,,,,,,,,,
2018,1,1,17,3,17/01/2018,B6,20409,B6,N968JB,915,12478,1247805,31703,JFK,"New York, NY",NY,36,New York,22,14771,1477104,32457,SFO,"San Francisco, CA",CA,6,California,91,1600,1616,16,16,1,1,1600-1659,13,1629,1900,9,1953,1909,-44,0,0,-2,1900-1959,0,,0,413,353,331,1,2586,11,,,,,,,,,0,,,,,,,,,,,,,,,,,,,,,,,,,,,,,,,,,,,,,,,,,,,,
2018,1,1,17,3,17/01/2018,B6,20409,B6,N923JB,916,14771,1477104,32457,SFO,"San Francisco, CA",CA,6,California,91,12478,1247805,31703,JFK,"New York, NY",NY,36,New York,22,2105,2102,-3,0,0,-1,2100-2159,14,2116,520,6,527,526,-1,0,0,-1,0001-0559,0,,0,322,324,304,1,2586,11,,,,,,,,,0,,,,,,,,,,,,,,,,,,,,,,,,,,,,,,,,,,,,,,,,,,,,
2018,1,1,17,3,17/01/2018,B6,20409,B6,N353JB,917,10721,1072102,30721,BOS,"Boston, MA",MA,25,Massachusetts,13,12478,1247805,31703,JFK,"New York, NY",NY,36,New York,22,515,517,2,2,0,0,0001-0559,13,530,614,5,629,619,-10,0,0,-1,0600-0659,0,,0,74,62,44,1,187,1,,,,,,,,,0,,,,,,,,,,,,,,,,,,,,,,,,,,,,,,,,,,,,,,,,,,,,
2018,1,1,17,3,17/01/2018,B6,20409,B6,N249JB,918,12478,1247805,31703,JFK,"New York, NY",NY,36,New York,22,10721,1072102,30721,BOS,"Boston, MA",MA,25,Massachusetts,13,1855,2015,80,80,1,5,1800-1859,33,2048,2120,7,2013,2127,74,74,1,4,2000-2059,0,,0,78,72,32,1,187,1,0,0,35,0,39,,,,0,,,,,,,,,,,,,,,,,,,,,,,,,,,,,,,,,,,,,,,,,,,,
2018,1,1,17,3,17/01/2018,B6,20409,B6,N648JB,927,11618,1161802,31703,EWR,"Newark, NJ",NJ,34,New Jersey,21,13204,1320402,31454,MCO,"Orlando, FL",FL,12,Florida,33,1045,1042,-3,0,0,-1,1000-1059,30,1112,1352,12,1338,1404,26,26,1,1,1300-1359,0,,0,173,202,160,1,937,4,0,0,26,0,0,,,,0,,,,,,,,,,,,,,,,,,,,,,,,,,,,,,,,,,,,,,,,,,,,
2018,1,1,17,3,17/01/2018,B6,20409,B6,N630JB,929,12478,1247805,31703,JFK,"New York, NY",NY,36,New York,22,14635,1463502,31714,RSW,"Fort Myers, FL",FL,12,Florida,33,712,709,-3,0,0,-1,0700-0759,16,725,1019,3,1035,1022,-13,0,0,-1,1000-1059,0,,0,203,193,174,1,1074,5,,,,,,,,,0,,,,,,,,,,,,,,,,,,,,,,,,,,,,,,,,,,,,,,,,,,,,
2018,1,1,17,3,17/01/2018,B6,20409,B6,N630JB,930,14635,1463502,31714,RSW,"Fort Myers, FL",FL,12,Florida,33,12478,1247805,31703,JFK,"New York, NY",NY,36,New York,22,1115,1109,-6,0,0,-1,1100-1159,10,1119,1324,8,1401,1332,-29,0,0,-2,1400-1459,0,,0,166,143,125,1,1074,5,,,,,,,,,0,,,,,,,,,,,,,,,,,,,,,,,,,,,,,,,,,,,,,,,,,,,,
2018,1,1,17,3,17/01/2018,B6,20409,B6,N641JB,932,12191,1219102,31453,HOU,"Houston, TX",TX,48,Texas,74,10721,1072102,30721,BOS,"Boston, MA",MA,25,Massachusetts,13,1829,1830,1,1,0,0,1800-1859,15,1845,2256,12,2300,2308,8,8,0,0,2300-2359,0,,0,211,218,191,1,1609,7,,,,,,,,,0,,,,,,,,,,,,,,,,,,,,,,,,,,,,,,,,,,,,,,,,,,,,
2018,1,1,17,3,17/01/2018,B6,20409,B6,N329JB,933,13204,1320402,31454,MCO,"Orlando, FL",FL,12,Florida,33,14843,1484306,34819,SJU,"San Juan, PR",PR,72,Puerto Rico,3,2127,2202,35,35,1,2,2100-2159,13,2215,137,4,111,141,30,30,1,2,0001-0559,0,,0,164,159,142,1,1189,5,15,0,0,0,15,,,,0,,,,,,,,,,,,,,,,,,,,,,,,,,,,,,,,,,,,,,,,,,,,
2018,1,1,17,3,17/01/2018,B6,20409,B6,N198JB,934,14843,1484306,34819,SJU,"San Juan, PR",PR,72,Puerto Rico,3,13204,1320402,31454,MCO,"Orlando, FL",FL,12,Florida,33,520,502,-18,0,0,-2,0001-0559,10,512,652,8,725,700,-25,0,0,-2,0700-0759,0,,0,185,178,160,1,1189,5,,,,,,,,,0,,,,,,,,,,,,,,,,,,,,,,,,,,,,,,,,,,,,,,,,,,,,
2018,1,1,17,3,17/01/2018,B6,20409,B6,N827JB,940,14986,1498603,34986,SRQ,"Sarasota/Bradenton, FL",FL,12,Florida,33,10721,1072102,30721,BOS,"Boston, MA",MA,25,Massachusetts,13,1445,,,,,,1400-1459,,,,,1747,,,,,,1700-1759,1,B,0,182,,,1,1220,5,,,,,,,,,0,,,,,,,,,,,,,,,,,,,,,,,,,,,,,,,,,,,,,,,,,,,,
2018,1,1,17,3,17/01/2018,B6,20409,B6,N565JB,943,11697,1169706,32467,FLL,"Fort Lauderdale, FL",FL,12,Florida,33,12954,1295406,32575,LGB,"Long Beach, CA",CA,6,California,91,1837,1900,23,23,1,1,1800-1859,13,1913,2115,6,2132,2121,-11,0,0,-1,2100-2159,0,,0,355,321,302,1,2327,10,,,,,,,,,0,,,,,,,,,,,,,,,,,,,,,,,,,,,,,,,,,,,,,,,,,,,,
2018,1,1,17,3,17/01/2018,B6,20409,B6,N658JB,944,12954,1295406,32575,LGB,"Long Beach, CA",CA,6,California,91,11697,1169706,32467,FLL,"Fort Lauderdale, FL",FL,12,Florida,33,2118,2142,24,24,1,1,2100-2159,11,2153,526,7,501,533,32,32,1,2,0001-0559,0,,0,283,291,273,1,2327,10,7,0,8,0,17,,,,0,,,,,,,,,,,,,,,,,,,,,,,,,,,,,,,,,,,,,,,,,,,,
2018,1,1,17,3,17/01/2018,B6,20409,B6,N968JB,948,12889,1288903,32211,LAS,"Las Vegas, NV",NV,32,Nevada,85,12478,1247805,31703,JFK,"New York, NY",NY,36,New York,22,700,648,-12,0,0,-1,0700-0759,11,659,1449,12,1449,1501,12,12,0,0,1400-1459,0,,0,289,313,290,1,2248,9,,,,,,,,,0,,,,,,,,,,,,,,,,,,,,,,,,,,,,,,,,,,,,,,,,,,,,
2018,1,1,17,3,17/01/2018,B6,20409,B6,N955JB,951,10721,1072102,30721,BOS,"Boston, MA",MA,25,Massachusetts,13,13204,1320402,31454,MCO,"Orlando, FL",FL,12,Florida,33,1435,1432,-3,0,0,-1,1400-1459,31,1503,1806,9,1759,1815,16,16,1,1,1700-1759,0,,0,204,223,183,1,1121,5,0,0,16,0,0,,,,0,,,,,,,,,,,,,,,,,,,,,,,,,,,,,,,,,,,,,,,,,,,,
2018,1,1,17,3,17/01/2018,B6,20409,B6,N805JB,952,13204,1320402,31454,MCO,"Orlando, FL",FL,12,Florida,33,10721,1072102,30721,BOS,"Boston, MA",MA,25,Massachusetts,13,1240,1355,75,75,1,5,1200-1259,15,1410,1627,4,1531,1631,60,60,1,4,1500-1559,0,,0,171,156,137,1,1121,5,0,0,11,0,49,,,,0,,,,,,,,,,,,,,,,,,,,,,,,,,,,,,,,,,,,,,,,,,,,
2018,1,1,17,3,17/01/2018,B6,20409,B6,N307JB,953,11697,1169706,32467,FLL,"Fort Lauderdale, FL",FL,12,Florida,33,14843,1484306,34819,SJU,"San Juan, PR",PR,72,Puerto Rico,3,2000,2043,43,43,1,2,2000-2059,14,2057,9,2,2329,11,42,42,1,2,2300-2359,0,,0,149,148,132,1,1046,5,20,0,0,0,22,,,,0,,,,,,,,,,,,,,,,,,,,,,,,,,,,,,,,,,,,,,,,,,,,
2018,1,1,17,3,17/01/2018,B6,20409,B6,N328JB,954,14843,1484306,34819,SJU,"San Juan, PR",PR,72,Puerto Rico,3,11697,1169706,32467,FLL,"Fort Lauderdale, FL",FL,12,Florida,33,857,847,-10,0,0,-1,0800-0859,9,856,1016,4,1046,1020,-26,0,0,-2,1000-1059,0,,0,169,153,140,1,1046,5,,,,,,,,,0,,,,,,,,,,,,,,,,,,,,,,,,,,,,,,,,,,,,,,,,,,,,
2018,1,1,17,3,17/01/2018,B6,20409,B6,N663JB,959,10529,1052906,30529,BDL,"Hartford, CT",CT,9,Connecticut,11,11697,1169706,32467,FLL,"Fort Lauderdale, FL",FL,12,Florida,33,701,,,,,,0700-0759,,,,,1025,,,,,,1000-1059,1,B,0,204,,,1,1173,5,,,,,,,,,0,,,,,,,,,,,,,,,,,,,,,,,,,,,,,,,,,,,,,,,,,,,,
2018,1,1,17,3,17/01/2018,B6,20409,B6,N634JB,966,14635,1463502,31714,RSW,"Fort Myers, FL",FL,12,Florida,33,10721,1072102,30721,BOS,"Boston, MA",MA,25,Massachusetts,13,2127,,,,,,2100-2159,,,,,21,,,,,,0001-0559,1,B,0,174,,,1,1249,5,,,,,,,,,0,,,,,,,,,,,,,,,,,,,,,,,,,,,,,,,,,,,,,,,,,,,,
2018,1,1,17,3,17/01/2018,B6,20409,B6,N198JB,969,14524,1452401,34524,RIC,"Richmond, VA",VA,51,Virginia,38,13204,1320402,31454,MCO,"Orlando, FL",FL,12,Florida,33,1135,1126,-9,0,0,-1,1100-1159,27,1153,1349,8,1344,1357,13,13,0,0,1300-1359,0,,0,129,151,116,1,667,3,,,,,,,,,0,,,,,,,,,,,,,,,,,,,,,,,,,,,,,,,,,,,,,,,,,,,,
2018,1,1,17,3,17/01/2018,B6,20409,B6,N198JB,970,13204,1320402,31454,MCO,"Orlando, FL",FL,12,Florida,33,14524,1452401,34524,RIC,"Richmond, VA",VA,51,Virginia,38,905,900,-5,0,0,-1,0900-0959,22,922,1043,5,1059,1048,-11,0,0,-1,1000-1059,0,,0,114,108,81,1,667,3,,,,,,,,,0,,,,,,,,,,,,,,,,,,,,,,,,,,,,,,,,,,,,,,,,,,,,
2018,1,1,17,3,17/01/2018,B6,20409,B6,N535JB,971,12953,1295304,31703,LGA,"New York, NY",NY,36,New York,22,11697,1169706,32467,FLL,"Fort Lauderdale, FL",FL,12,Florida,33,945,935,-10,0,0,-1,0900-0959,66,1041,1334,4,1309,1338,29,29,1,1,1300-1359,0,,0,204,243,173,1,1076,5,0,0,29,0,0,,,,0,,,,,,,,,,,,,,,,,,,,,,,,,,,,,,,,,,,,,,,,,,,,
2018,1,1,17,3,17/01/2018,B6,20409,B6,N565JB,975,14100,1410005,34100,PHL,"Philadelphia, PA",PA,42,Pennsylvania,23,11697,1169706,32467,FLL,"Fort Lauderdale, FL",FL,12,Florida,33,1454,1516,22,22,1,1,1400-1459,20,1536,1805,5,1747,1810,23,23,1,1,1700-1759,0,,0,173,174,149,1,992,4,10,0,1,0,12,,,,0,,,,,,,,,,,,,,,,,,,,,,,,,,,,,,,,,,,,,,,,,,,,
2018,1,1,17,3,17/01/2018,B6,20409,B6,N621JB,976,11697,1169706,32467,FLL,"Fort Lauderdale, FL",FL,12,Florida,33,14100,1410005,34100,PHL,"Philadelphia, PA",PA,42,Pennsylvania,23,2112,2121,9,9,0,0,2100-2159,12,2133,2328,6,2350,2334,-16,0,0,-2,2300-2359,0,,0,158,133,115,1,992,4,,,,,,,,,0,,,,,,,,,,,,,,,,,,,,,,,,,,,,,,,,,,,,,,,,,,,,
2018,1,1,17,3,17/01/2018,B6,20409,B6,N273JB,984,14492,1449202,34492,RDU,"Raleigh/Durham, NC",NC,37,North Carolina,36,10721,1072102,30721,BOS,"Boston, MA",MA,25,Massachusetts,13,1551,1854,183,183,1,12,1500-1559,97,2031,2202,7,1742,2209,267,267,1,12,1700-1759,0,,0,111,195,91,1,612,3,145,0,84,0,38,,,,0,,,,,,,,,,,,,,,,,,,,,,,,,,,,,,,,,,,,,,,,,,,,
2018,1,1,17,3,17/01/2018,B6,20409,B6,N969JB,987,10721,1072102,30721,BOS,"Boston, MA",MA,25,Massachusetts,13,12892,1289208,32575,LAX,"Los Angeles, CA",CA,6,California,91,2120,2149,29,29,1,1,2100-2159,20,2209,39,9,59,48,-11,0,0,-1,0001-0559,0,,0,399,359,330,1,2611,11,,,,,,,,,0,,,,,,,,,,,,,,,,,,,,,,,,,,,,,,,,,,,,,,,,,,,,
2018,1,1,17,3,17/01/2018,B6,20409,B6,N986JB,988,12892,1289208,32575,LAX,"Los Angeles, CA",CA,6,California,91,10721,1072102,30721,BOS,"Boston, MA",MA,25,Massachusetts,13,2240,2229,-11,0,0,-1,2200-2259,22,2251,713,4,701,717,16,16,1,1,0700-0759,0,,0,321,348,322,1,2611,11,0,0,16,0,0,,,,0,,,,,,,,,,,,,,,,,,,,,,,,,,,,,,,,,,,,,,,,,,,,
2018,1,1,17,3,17/01/2018,B6,20409,B6,N354JB,989,10721,1072102,30721,BOS,"Boston, MA",MA,25,Massachusetts,13,11278,1127805,30852,DCA,"Washington, DC",VA,51,Virginia,38,1740,,,,,,1700-1759,,,,,1928,,,,,,1900-1959,1,B,0,108,,,1,399,2,,,,,,,,,0,,,,,,,,,,,,,,,,,,,,,,,,,,,,,,,,,,,,,,,,,,,,
2018,1,1,17,3,17/01/2018,B6,20409,B6,N971JB,990,13204,1320402,31454,MCO,"Orlando, FL",FL,12,Florida,33,12478,1247805,31703,JFK,"New York, NY",NY,36,New York,22,602,600,-2,0,0,-1,0600-0659,15,615,802,6,832,808,-24,0,0,-2,0800-0859,0,,0,150,128,107,1,944,4,,,,,,,,,0,,,,,,,,,,,,,,,,,,,,,,,,,,,,,,,,,,,,,,,,,,,,
2018,1,1,17,3,17/01/2018,B6,20409,B6,N763JB,992,15304,1530402,33195,TPA,"Tampa, FL",FL,12,Florida,33,10721,1072102,30721,BOS,"Boston, MA",MA,25,Massachusetts,13,1408,1407,-1,0,0,-1,1400-1459,11,1418,1640,6,1703,1646,-17,0,0,-2,1700-1759,0,,0,175,159,142,1,1185,5,,,,,,,,,0,,,,,,,,,,,,,,,,,,,,,,,,,,,,,,,,,,,,,,,,,,,,
2018,1,1,17,3,17/01/2018,B6,20409,B6,N746JB,993,10721,1072102,30721,BOS,"Boston, MA",MA,25,Massachusetts,13,11292,1129202,30325,DEN,"Denver, CO",CO,8,Colorado,82,1937,1930,-7,0,0,-1,1900-1959,39,2009,2157,7,2227,2204,-23,0,0,-2,2200-2259,0,,0,290,274,228,1,1754,8,,,,,,,,,0,,,,,,,,,,,,,,,,,,,,,,,,,,,,,,,,,,,,,,,,,,,,
2018,1,1,17,3,17/01/2018,B6,20409,B6,N746JB,994,11292,1129202,30325,DEN,"Denver, CO",CO,8,Colorado,82,10721,1072102,30721,BOS,"Boston, MA",MA,25,Massachusetts,13,2317,2311,-6,0,0,-1,2300-2359,11,2322,450,3,500,453,-7,0,0,-1,0001-0559,0,,0,223,222,208,1,1754,8,,,,,,,,,0,,,,,,,,,,,,,,,,,,,,,,,,,,,,,,,,,,,,,,,,,,,,
2018,1,1,17,3,17/01/2018,B6,20409,B6,N594JB,996,10397,1039707,30397,ATL,"Atlanta, GA",GA,13,Georgia,34,10721,1072102,30721,BOS,"Boston, MA",MA,25,Massachusetts,13,700,740,40,40,1,2,0700-0759,85,905,1101,8,942,1109,87,87,1,5,0900-0959,0,,0,162,209,116,1,946,4,40,0,47,0,0,,,,0,,,,,,,,,,,,,,,,,,,,,,,,,,,,,,,,,,,,,,,,,,,,
2018,1,1,17,3,17/01/2018,B6,20409,B6,N657JB,997,10721,1072102,30721,BOS,"Boston, MA",MA,25,Massachusetts,13,10397,1039707,30397,ATL,"Atlanta, GA",GA,13,Georgia,34,1855,1857,2,2,0,0,1800-1859,52,1949,2207,33,2155,2240,45,45,1,3,2100-2159,0,,0,180,223,138,1,946,4,2,0,43,0,0,,,,0,,,,,,,,,,,,,,,,,,,,,,,,,,,,,,,,,,,,,,,,,,,,
2018,1,1,17,3,17/01/2018,B6,20409,B6,N358JB,1001,10792,1079206,30792,BUF,"Buffalo, NY",NY,36,New York,22,12478,1247805,31703,JFK,"New York, NY",NY,36,New York,22,2043,2033,-10,0,0,-1,2000-2059,11,2044,2156,6,2209,2202,-7,0,0,-1,2200-2259,0,,0,86,89,72,1,301,2,,,,,,,,,0,,,,,,,,,,,,,,,,,,,,,,,,,,,,,,,,,,,,,,,,,,,,
2018,1,1,17,3,17/01/2018,B6,20409,B6,N658JB,1006,12954,1295406,32575,LGB,"Long Beach, CA",CA,6,California,91,14747,1474703,30559,SEA,"Seattle, WA",WA,53,Washington,93,1431,1501,30,30,1,2,1400-1459,14,1515,1730,5,1716,1735,19,19,1,1,1700-1759,0,,0,165,154,135,1,965,4,4,0,0,0,15,,,,0,,,,,,,,,,,,,,,,,,,,,,,,,,,,,,,,,,,,,,,,,,,,
2018,1,1,17,3,17/01/2018,B6,20409,B6,N637JB,1007,14747,1474703,30559,SEA,"Seattle, WA",WA,53,Washington,93,12954,1295406,32575,LGB,"Long Beach, CA",CA,6,California,91,1131,1122,-9,0,0,-1,1100-1159,17,1139,1349,4,1407,1353,-14,0,0,-1,1400-1459,0,,0,156,151,130,1,965,4,,,,,,,,,0,,,,,,,,,,,,,,,,,,,,,,,,,,,,,,,,,,,,,,,,,,,,
2018,1,1,17,3,17/01/2018,B6,20409,B6,N258JB,1011,10721,1072102,30721,BOS,"Boston, MA",MA,25,Massachusetts,13,13930,1393006,30977,ORD,"Chicago, IL",IL,17,Illinois,41,1703,1936,153,153,1,10,1700-1759,40,2016,2121,5,1907,2126,139,139,1,9,1900-1959,0,,0,184,170,125,1,867,4,72,0,0,0,67,,,,0,,,,,,,,,,,,,,,,,,,,,,,,,,,,,,,,,,,,,,,,,,,,
2018,1,1,17,3,17/01/2018,B6,20409,B6,N351JB,1012,13930,1393006,30977,ORD,"Chicago, IL",IL,17,Illinois,41,10721,1072102,30721,BOS,"Boston, MA",MA,25,Massachusetts,13,940,925,-15,0,0,-1,0900-0959,43,1008,1308,9,1251,1317,26,26,1,1,1200-1259,0,,0,131,172,120,1,867,4,0,0,26,0,0,,,,0,,,,,,,,,,,,,,,,,,,,,,,,,,,,,,,,,,,,,,,,,,,,
2018,1,1,17,3,17/01/2018,B6,20409,B6,N703JB,1013,12478,1247805,31703,JFK,"New York, NY",NY,36,New York,22,12954,1295406,32575,LGB,"Long Beach, CA",CA,6,California,91,1735,1730,-5,0,0,-1,1700-1759,19,1749,1953,3,2056,1956,-60,0,0,-2,2000-2059,0,,0,381,326,304,1,2465,10,,,,,,,,,0,,,,,,,,,,,,,,,,,,,,,,,,,,,,,,,,,,,,,,,,,,,,
2018,1,1,17,3,17/01/2018,B6,20409,B6,N309JB,1017,12451,1245102,31136,JAX,"Jacksonville, FL",FL,12,Florida,33,11697,1169706,32467,FLL,"Fort Lauderdale, FL",FL,12,Florida,33,700,653,-7,0,0,-1,0700-0759,15,708,800,8,818,808,-10,0,0,-1,0800-0859,0,,0,78,75,52,1,319,2,,,,,,,,,0,,,,,,,,,,,,,,,,,,,,,,,,,,,,,,,,,,,,,,,,,,,,
2018,1,1,17,3,17/01/2018,B6,20409,B6,N309JB,1018,11697,1169706,32467,FLL,"Fort Lauderdale, FL",FL,12,Florida,33,12451,1245102,31136,JAX,"Jacksonville, FL",FL,12,Florida,33,853,847,-6,0,0,-1,0800-0859,18,905,954,7,1009,1001,-8,0,0,-1,1000-1059,0,,0,76,74,49,1,319,2,,,,,,,,,0,,,,,,,,,,,,,,,,,,,,,,,,,,,,,,,,,,,,,,,,,,,,
2018,1,1,17,3,17/01/2018,B6,20409,B6,N634JB,1022,14027,1402702,34027,PBI,"West Palm Beach/Palm Beach, FL",FL,12,Florida,33,10721,1072102,30721,BOS,"Boston, MA",MA,25,Massachusetts,13,600,558,-2,0,0,-1,0600-0659,11,609,831,15,857,846,-11,0,0,-1,0800-0859,0,,0,177,168,142,1,1197,5,,,,,,,,,0,,,,,,,,,,,,,,,,,,,,,,,,,,,,,,,,,,,,,,,,,,,,
2018,1,1,17,3,17/01/2018,B6,20409,B6,N375JB,1023,11278,1127805,30852,DCA,"Washington, DC",VA,51,Virginia,38,13204,1320402,31454,MCO,"Orlando, FL",FL,12,Florida,33,1859,2133,154,154,1,10,1800-1859,13,2146,2355,14,2123,9,166,166,1,11,2100-2159,0,,0,144,156,129,1,759,4,9,0,12,0,145,,,,0,,,,,,,,,,,,,,,,,,,,,,,,,,,,,,,,,,,,,,,,,,,,
2018,1,1,17,3,17/01/2018,B6,20409,B6,N187JB,1027,10721,1072102,30721,BOS,"Boston, MA",MA,25,Massachusetts,13,10821,1082106,30852,BWI,"Baltimore, MD",MD,24,Maryland,35,1720,1920,120,120,1,8,1700-1759,15,1935,2052,10,1901,2102,121,121,1,8,1900-1959,0,,0,101,102,77,1,369,2,0,0,73,0,48,,,,0,,,,,,,,,,,,,,,,,,,,,,,,,,,,,,,,,,,,,,,,,,,,
2018,1,1,17,3,17/01/2018,B6,20409,B6,N569JB,1031,10721,1072102,30721,BOS,"Boston, MA",MA,25,Massachusetts,13,12191,1219102,31453,HOU,"Houston, TX",TX,48,Texas,74,702,,,,,,0700-0759,,,,,1040,,,,,,1000-1059,1,B,0,278,,,1,1609,7,,,,,,,,,0,,,,,,,,,,,,,,,,,,,,,,,,,,,,,,,,,,,,,,,,,,,,
2018,1,1,17,3,17/01/2018,B6,20409,B6,N706JB,1034,14843,1484306,34819,SJU,"San Juan, PR",PR,72,Puerto Rico,3,13204,1320402,31454,MCO,"Orlando, FL",FL,12,Florida,33,1044,1033,-11,0,0,-1,1000-1059,10,1043,1214,11,1255,1225,-30,0,0,-2,1200-1259,0,,0,191,172,151,1,1189,5,,,,,,,,,0,,,,,,,,,,,,,,,,,,,,,,,,,,,,,,,,,,,,,,,,,,,,
2018,1,1,17,3,17/01/2018,B6,20409,B6,N337JB,1035,15024,1502403,34945,STT,"Charlotte Amalie, VI",VI,78,U.S. Virgin Islands,4,14843,1484306,34819,SJU,"San Juan, PR",PR,72,Puerto Rico,3,940,930,-10,0,0,-1,0900-0959,9,939,959,5,1020,1004,-16,0,0,-2,1000-1059,0,,0,40,34,20,1,68,1,,,,,,,,,0,,,,,,,,,,,,,,,,,,,,,,,,,,,,,,,,,,,,,,,,,,,,
2018,1,1,17,3,17/01/2018,B6,20409,B6,N715JB,1038,10423,1042302,30423,AUS,"Austin, TX",TX,48,Texas,74,10721,1072102,30721,BOS,"Boston, MA",MA,25,Massachusetts,13,1847,2147,180,180,1,12,1800-1859,12,2159,217,4,2331,221,170,170,1,11,2300-2359,0,,0,224,214,198,1,1698,7,6,0,0,0,164,,,,0,,,,,,,,,,,,,,,,,,,,,,,,,,,,,,,,,,,,,,,,,,,,
2018,1,1,17,3,17/01/2018,B6,20409,B6,N821JB,1039,10721,1072102,30721,BOS,"Boston, MA",MA,25,Massachusetts,13,10423,1042302,30423,AUS,"Austin, TX",TX,48,Texas,74,700,,,,,,0700-0759,,,,,1053,,,,,,1000-1059,1,B,0,293,,,1,1698,7,,,,,,,,,0,,,,,,,,,,,,,,,,,,,,,,,,,,,,,,,,,,,,,,,,,,,,
2018,1,1,17,3,17/01/2018,B6,20409,B6,N793JB,1041,12478,1247805,31703,JFK,"New York, NY",NY,36,New York,22,14685,1468502,34685,SAV,"Savannah, GA",GA,13,Georgia,34,1429,1445,16,16,1,1,1400-1459,35,1520,1729,6,1658,1735,37,37,1,2,1600-1659,0,,0,149,170,129,1,718,3,16,0,21,0,0,,,,0,,,,,,,,,,,,,,,,,,,,,,,,,,,,,,,,,,,,,,,,,,,,
2018,1,1,17,3,17/01/2018,B6,20409,B6,N793JB,1042,14685,1468502,34685,SAV,"Savannah, GA",GA,13,Georgia,34,12478,1247805,31703,JFK,"New York, NY",NY,36,New York,22,1745,1810,25,25,1,1,1700-1759,10,1820,1944,6,1950,1950,0,0,0,0,1900-1959,0,,0,125,100,84,1,718,3,,,,,,,,,0,,,,,,,,,,,,,,,,,,,,,,,,,,,,,,,,,,,,,,,,,,,,
2018,1,1,17,3,17/01/2018,B6,20409,B6,N588JB,1043,11618,1161802,31703,EWR,"Newark, NJ",NJ,34,New Jersey,21,14027,1402702,34027,PBI,"West Palm Beach/Palm Beach, FL",FL,12,Florida,33,911,926,15,15,1,1,0900-0959,61,1027,1313,7,1219,1320,61,61,1,4,1200-1259,0,,0,188,234,166,1,1023,5,15,0,46,0,0,,,,0,,,,,,,,,,,,,,,,,,,,,,,,,,,,,,,,,,,,,,,,,,,,
2018,1,1,17,3,17/01/2018,B6,20409,B6,N592JB,1052,14843,1484306,34819,SJU,"San Juan, PR",PR,72,Puerto Rico,3,15304,1530402,33195,TPA,"Tampa, FL",FL,12,Florida,33,1149,1146,-3,0,0,-1,1100-1159,12,1158,1336,5,1359,1341,-18,0,0,-2,1300-1359,0,,0,190,175,158,1,1237,5,,,,,,,,,0,,,,,,,,,,,,,,,,,,,,,,,,,,,,,,,,,,,,,,,,,,,,
2018,1,1,17,3,17/01/2018,B6,20409,B6,N706JB,1053,11697,1169706,32467,FLL,"Fort Lauderdale, FL",FL,12,Florida,33,14843,1484306,34819,SJU,"San Juan, PR",PR,72,Puerto Rico,3,600,553,-7,0,0,-1,0600-0659,14,607,913,2,926,915,-11,0,0,-1,0900-0959,0,,0,146,142,126,1,1046,5,,,,,,,,,0,,,,,,,,,,,,,,,,,,,,,,,,,,,,,,,,,,,,,,,,,,,,
2018,1,1,17,3,17/01/2018,B6,20409,B6,N258JB,1059,10721,1072102,30721,BOS,"Boston, MA",MA,25,Massachusetts,13,14100,1410005,34100,PHL,"Philadelphia, PA",PA,42,Pennsylvania,23,1345,1406,21,21,1,1,1300-1359,42,1448,1556,4,1524,1600,36,36,1,2,1500-1559,0,,0,99,114,68,1,280,2,8,0,15,0,13,,,,0,,,,,,,,,,,,,,,,,,,,,,,,,,,,,,,,,,,,,,,,,,,,
2018,1,1,17,3,17/01/2018,B6,20409,B6,N634JB,1065,10721,1072102,30721,BOS,"Boston, MA",MA,25,Massachusetts,13,14635,1463502,31714,RSW,"Fort Myers, FL",FL,12,Florida,33,1702,,,,,,1700-1759,,,,,2046,,,,,,2000-2059,1,B,0,224,,,1,1249,5,,,,,,,,,0,,,,,,,,,,,,,,,,,,,,,,,,,,,,,,,,,,,,,,,,,,,,
2018,1,1,17,3,17/01/2018,B6,20409,B6,N965JB,1066,14635,1463502,31714,RSW,"Fort Myers, FL",FL,12,Florida,33,10721,1072102,30721,BOS,"Boston, MA",MA,25,Massachusetts,13,1600,1751,111,111,1,7,1600-1659,18,1809,2030,9,1907,2039,92,92,1,6,1900-1959,0,,0,187,168,141,1,1249,5,0,0,50,0,42,,,,0,,,,,,,,,,,,,,,,,,,,,,,,,,,,,,,,,,,,,,,,,,,,
2018,1,1,17,3,17/01/2018,B6,20409,B6,N179JB,1068,14027,1402702,34027,PBI,"West Palm Beach/Palm Beach, FL",FL,12,Florida,33,12197,1219702,31703,HPN,"White Plains, NY",NY,36,New York,22,652,643,-9,0,0,-1,0600-0659,10,653,904,6,936,910,-26,0,0,-2,0900-0959,0,,0,164,147,131,1,1056,5,,,,,,,,,0,,,,,,,,,,,,,,,,,,,,,,,,,,,,,,,,,,,,,,,,,,,,
2018,1,1,17,3,17/01/2018,B6,20409,B6,N627JB,1070,11697,1169706,32467,FLL,"Fort Lauderdale, FL",FL,12,Florida,33,10721,1072102,30721,BOS,"Boston, MA",MA,25,Massachusetts,13,2123,2140,17,17,1,1,2100-2159,14,2154,14,4,23,18,-5,0,0,-1,0001-0559,0,,0,180,158,140,1,1237,5,,,,,,,,,0,,,,,,,,,,,,,,,,,,,,,,,,,,,,,,,,,,,,,,,,,,,,
2018,1,1,17,3,17/01/2018,B6,20409,B6,N648JB,1075,14307,1430705,30721,PVD,"Providence, RI",RI,44,Rhode Island,15,13204,1320402,31454,MCO,"Orlando, FL",FL,12,Florida,33,1745,1756,11,11,0,0,1700-1759,11,1807,2109,6,2053,2115,22,22,1,1,2000-2059,0,,0,188,199,182,1,1072,5,3,0,11,0,8,,,,0,,,,,,,,,,,,,,,,,,,,,,,,,,,,,,,,,,,,,,,,,,,,
2018,1,1,17,3,17/01/2018,B6,20409,B6,N648JB,1076,13204,1320402,31454,MCO,"Orlando, FL",FL,12,Florida,33,14307,1430705,30721,PVD,"Providence, RI",RI,44,Rhode Island,15,1423,1458,35,35,1,2,1400-1459,12,1510,1710,3,1705,1713,8,8,0,0,1700-1759,0,,0,162,135,120,1,1072,5,,,,,,,,,0,,,,,,,,,,,,,,,,,,,,,,,,,,,,,,,,,,,,,,,,,,,,
2018,1,1,17,3,17/01/2018,B6,20409,B6,N964JB,1077,10721,1072102,30721,BOS,"Boston, MA",MA,25,Massachusetts,13,12889,1288903,32211,LAS,"Las Vegas, NV",NV,32,Nevada,85,710,713,3,3,0,0,0700-0759,60,813,1014,7,1023,1021,-2,0,0,-1,1000-1059,0,,0,373,368,301,1,2381,10,,,,,,,,,0,,,,,,,,,,,,,,,,,,,,,,,,,,,,,,,,,,,,,,,,,,,,
2018,1,1,17,3,17/01/2018,B6,20409,B6,N967JB,1078,12889,1288903,32211,LAS,"Las Vegas, NV",NV,32,Nevada,85,10721,1072102,30721,BOS,"Boston, MA",MA,25,Massachusetts,13,745,734,-11,0,0,-1,0700-0759,14,748,1553,6,1541,1559,18,18,1,1,1500-1559,0,,0,296,325,305,1,2381,10,0,0,18,0,0,,,,0,,,,,,,,,,,,,,,,,,,,,,,,,,,,,,,,,,,,,,,,,,,,
2018,1,1,17,3,17/01/2018,B6,20409,B6,N309JB,1081,10721,1072102,30721,BOS,"Boston, MA",MA,25,Massachusetts,13,14524,1452401,34524,RIC,"Richmond, VA",VA,51,Virginia,38,1035,,,,,,1000-1059,,,,,1226,,,,,,1200-1259,1,B,0,111,,,1,474,2,,,,,,,,,0,,,,,,,,,,,,,,,,,,,,,,,,,,,,,,,,,,,,,,,,,,,,
2018,1,1,17,3,17/01/2018,B6,20409,B6,N834JB,1094,10423,1042302,30423,AUS,"Austin, TX",TX,48,Texas,74,12478,1247805,31703,JFK,"New York, NY",NY,36,New York,22,1350,1358,8,8,0,0,1300-1359,12,1410,1801,6,1829,1807,-22,0,0,-2,1800-1859,0,,0,219,189,171,1,1521,7,,,,,,,,,0,,,,,,,,,,,,,,,,,,,,,,,,,,,,,,,,,,,,,,,,,,,,
2018,1,1,17,3,17/01/2018,B6,20409,B6,N531JB,1097,10721,1072102,30721,BOS,"Boston, MA",MA,25,Massachusetts,13,10397,1039707,30397,ATL,"Atlanta, GA",GA,13,Georgia,34,901,853,-8,0,0,-1,0900-0959,63,956,1236,11,1159,1247,48,48,1,3,1100-1159,0,,0,178,234,160,1,946,4,0,0,48,0,0,,,,0,,,,,,,,,,,,,,,,,,,,,,,,,,,,,,,,,,,,,,,,,,,,
2018,1,1,17,3,17/01/2018,B6,20409,B6,N192JB,1098,11278,1127805,30852,DCA,"Washington, DC",VA,51,Virginia,38,10529,1052906,30529,BDL,"Hartford, CT",CT,9,Connecticut,11,1722,1712,-10,0,0,-1,1700-1759,13,1725,1814,7,1840,1821,-19,0,0,-2,1800-1859,0,,0,78,69,49,1,313,2,,,,,,,,,0,,,,,,,,,,,,,,,,,,,,,,,,,,,,,,,,,,,,,,,,,,,,
2018,1,1,17,3,17/01/2018,B6,20409,B6,N608JB,1099,12953,1295304,31703,LGA,"New York, NY",NY,36,New York,22,13204,1320402,31454,MCO,"Orlando, FL",FL,12,Florida,33,700,658,-2,0,0,-1,0700-0759,22,720,953,24,958,1017,19,19,1,1,0900-0959,0,,0,178,199,153,1,950,4,0,0,19,0,0,,,,0,,,,,,,,,,,,,,,,,,,,,,,,,,,,,,,,,,,,,,,,,,,,
2018,1,1,17,3,17/01/2018,B6,20409,B6,N323JB,1105,12478,1247805,31703,JFK,"New York, NY",NY,36,New York,22,13930,1393006,30977,ORD,"Chicago, IL",IL,17,Illinois,41,823,816,-7,0,0,-1,0800-0859,20,836,928,9,1010,937,-33,0,0,-2,1000-1059,0,,0,167,141,112,1,740,3,,,,,,,,,0,,,,,,,,,,,,,,,,,,,,,,,,,,,,,,,,,,,,,,,,,,,,
2018,1,1,17,3,17/01/2018,B6,20409,B6,N231JB,1106,13930,1393006,30977,ORD,"Chicago, IL",IL,17,Illinois,41,12478,1247805,31703,JFK,"New York, NY",NY,36,New York,22,1830,1831,1,1,0,0,1800-1859,29,1900,2153,4,2143,2157,14,14,0,0,2100-2159,0,,0,133,146,113,1,740,3,,,,,,,,,0,,,,,,,,,,,,,,,,,,,,,,,,,,,,,,,,,,,,,,,,,,,,
2018,1,1,17,3,17/01/2018,B6,20409,B6,N203JB,1109,10721,1072102,30721,BOS,"Boston, MA",MA,25,Massachusetts,13,12451,1245102,31136,JAX,"Jacksonville, FL",FL,12,Florida,33,842,,,,,,0800-0859,,,,,1147,,,,,,1100-1159,1,B,0,185,,,1,1010,5,,,,,,,,,0,,,,,,,,,,,,,,,,,,,,,,,,,,,,,,,,,,,,,,,,,,,,
2018,1,1,17,3,17/01/2018,B6,20409,B6,N508JB,1115,10721,1072102,30721,BOS,"Boston, MA",MA,25,Massachusetts,13,11298,1129806,30194,DFW,"Dallas/Fort Worth, TX",TX,48,Texas,74,1431,1424,-7,0,0,-1,1400-1459,41,1505,1726,10,1759,1736,-23,0,0,-2,1700-1759,0,,0,268,252,201,1,1562,7,,,,,,,,,0,,,,,,,,,,,,,,,,,,,,,,,,,,,,,,,,,,,,,,,,,,,,
2018,1,1,17,3,17/01/2018,B6,20409,B6,N265JB,1118,11057,1105703,31057,CLT,"Charlotte, NC",NC,37,North Carolina,36,12478,1247805,31703,JFK,"New York, NY",NY,36,New York,22,1959,2046,47,47,1,3,1900-1959,85,2211,2321,8,2155,2329,94,94,1,6,2100-2159,0,,0,116,163,70,1,541,3,47,0,47,0,0,,,,0,,,,,,,,,,,,,,,,,,,,,,,,,,,,,,,,,,,,,,,,,,,,
2018,1,1,17,3,17/01/2018,B6,20409,B6,N265JB,1119,12478,1247805,31703,JFK,"New York, NY",NY,36,New York,22,11057,1105703,31057,CLT,"Charlotte, NC",NC,37,North Carolina,36,1716,1709,-7,0,0,-1,1700-1759,24,1733,1910,16,1921,1926,5,5,0,0,1900-1959,0,,0,125,137,97,1,541,3,,,,,,,,,0,,,,,,,,,,,,,,,,,,,,,,,,,,,,,,,,,,,,,,,,,,,,
2018,1,1,17,3,17/01/2018,B6,20409,B6,N766JB,1121,14057,1405702,34057,PDX,"Portland, OR",OR,41,Oregon,92,12954,1295406,32575,LGB,"Long Beach, CA",CA,6,California,91,718,713,-5,0,0,-1,0700-0759,16,729,923,3,939,926,-13,0,0,-1,0900-0959,0,,0,141,133,114,1,846,4,,,,,,,,,0,,,,,,,,,,,,,,,,,,,,,,,,,,,,,,,,,,,,,,,,,,,,
2018,1,1,17,3,17/01/2018,B6,20409,B6,N990JB,1124,12892,1289208,32575,LAX,"Los Angeles, CA",CA,6,California,91,12478,1247805,31703,JFK,"New York, NY",NY,36,New York,22,1515,1509,-6,0,0,-1,1500-1559,19,1528,2348,11,2327,2359,32,32,1,2,2300-2359,0,,0,312,350,320,1,2475,10,0,0,32,0,0,,,,0,,,,,,,,,,,,,,,,,,,,,,,,,,,,,,,,,,,,,,,,,,,,
2018,1,1,17,3,17/01/2018,B6,20409,B6,N279JB,1125,14492,1449202,34492,RDU,"Raleigh/Durham, NC",NC,37,North Carolina,36,11697,1169706,32467,FLL,"Fort Lauderdale, FL",FL,12,Florida,33,705,655,-10,0,0,-1,0700-0759,14,709,855,7,912,902,-10,0,0,-1,0900-0959,0,,0,127,127,106,1,680,3,,,,,,,,,0,,,,,,,,,,,,,,,,,,,,,,,,,,,,,,,,,,,,,,,,,,,,
2018,1,1,17,3,17/01/2018,B6,20409,B6,N183JB,1126,11697,1169706,32467,FLL,"Fort Lauderdale, FL",FL,12,Florida,33,14492,1449202,34492,RDU,"Raleigh/Durham, NC",NC,37,North Carolina,36,2005,1955,-10,0,0,-1,2000-2059,15,2010,2144,8,2209,2152,-17,0,0,-2,2200-2259,0,,0,124,117,94,1,680,3,,,,,,,,,0,,,,,,,,,,,,,,,,,,,,,,,,,,,,,,,,,,,,,,,,,,,,
2018,1,1,17,3,17/01/2018,B6,20409,B6,N339JB,1130,11697,1169706,32467,FLL,"Fort Lauderdale, FL",FL,12,Florida,33,10994,1099402,30994,CHS,"Charleston, SC",SC,45,South Carolina,37,2147,2335,108,108,1,7,2100-2159,8,2343,49,5,2323,54,91,91,1,6,2300-2359,0,,0,96,79,66,1,470,2,5,0,0,0,86,,,,0,,,,,,,,,,,,,,,,,,,,,,,,,,,,,,,,,,,,,,,,,,,,
2018,1,1,17,3,17/01/2018,B6,20409,B6,N247JB,1131,10994,1099402,30994,CHS,"Charleston, SC",SC,45,South Carolina,37,11697,1169706,32467,FLL,"Fort Lauderdale, FL",FL,12,Florida,33,720,705,-15,0,0,-1,0700-0759,11,716,831,5,901,836,-25,0,0,-2,0900-0959,0,,0,101,91,75,1,470,2,,,,,,,,,0,,,,,,,,,,,,,,,,,,,,,,,,,,,,,,,,,,,,,,,,,,,,
2018,1,1,17,3,17/01/2018,B6,20409,B6,N503JB,1134,14843,1484306,34819,SJU,"San Juan, PR",PR,72,Puerto Rico,3,13204,1320402,31454,MCO,"Orlando, FL",FL,12,Florida,33,1700,1654,-6,0,0,-1,1700-1759,9,1703,1844,14,1912,1858,-14,0,0,-1,1900-1959,0,,0,192,184,161,1,1189,5,,,,,,,,,0,,,,,,,,,,,,,,,,,,,,,,,,,,,,,,,,,,,,,,,,,,,,
2018,1,1,17,3,17/01/2018,B6,20409,B6,N709JB,1136,12954,1295406,32575,LGB,"Long Beach, CA",CA,6,California,91,14771,1477104,32457,SFO,"San Francisco, CA",CA,6,California,91,651,702,11,11,0,0,0600-0659,14,716,817,4,820,821,1,1,0,0,0800-0859,0,,0,89,79,61,1,354,2,,,,,,,,,0,,,,,,,,,,,,,,,,,,,,,,,,,,,,,,,,,,,,,,,,,,,,
2018,1,1,17,3,17/01/2018,B6,20409,B6,N273JB,1137,10721,1072102,30721,BOS,"Boston, MA",MA,25,Massachusetts,13,11433,1143302,31295,DTW,"Detroit, MI",MI,26,Michigan,43,750,748,-2,0,0,-1,0700-0759,43,831,1007,10,1012,1017,5,5,0,0,1000-1059,0,,0,142,149,96,1,632,3,,,,,,,,,0,,,,,,,,,,,,,,,,,,,,,,,,,,,,,,,,,,,,,,,,,,,,
2018,1,1,17,3,17/01/2018,B6,20409,B6,N509JB,1141,10529,1052906,30529,BDL,"Hartford, CT",CT,9,Connecticut,11,14027,1402702,34027,PBI,"West Palm Beach/Palm Beach, FL",FL,12,Florida,33,1451,1448,-3,0,0,-1,1400-1459,40,1528,1845,6,1801,1851,50,50,1,3,1800-1859,0,,0,190,243,197,1,1133,5,0,0,50,0,0,,,,0,,,,,,,,,,,,,,,,,,,,,,,,,,,,,,,,,,,,,,,,,,,,
2018,1,1,17,3,17/01/2018,B6,20409,B6,N509JB,1142,14027,1402702,34027,PBI,"West Palm Beach/Palm Beach, FL",FL,12,Florida,33,10529,1052906,30529,BDL,"Hartford, CT",CT,9,Connecticut,11,1115,1110,-5,0,0,-1,1100-1159,21,1131,1342,12,1405,1354,-11,0,0,-1,1400-1459,0,,0,170,164,131,1,1133,5,,,,,,,,,0,,,,,,,,,,,,,,,,,,,,,,,,,,,,,,,,,,,,,,,,,,,,
2018,1,1,17,3,17/01/2018,B6,20409,B6,N266JB,1145,14524,1452401,34524,RIC,"Richmond, VA",VA,51,Virginia,38,11697,1169706,32467,FLL,"Fort Lauderdale, FL",FL,12,Florida,33,700,,,,,,0700-0759,,,,,924,,,,,,0900-0959,1,B,0,144,,,1,805,4,,,,,,,,,0,,,,,,,,,,,,,,,,,,,,,,,,,,,,,,,,,,,,,,,,,,,,
2018,1,1,17,3,17/01/2018,B6,20409,B6,N348JB,1146,11697,1169706,32467,FLL,"Fort Lauderdale, FL",FL,12,Florida,33,14524,1452401,34524,RIC,"Richmond, VA",VA,51,Virginia,38,2104,,,,,,2100-2159,,,,,2318,,,,,,2300-2359,1,A,0,134,,,1,805,4,,,,,,,,,0,,,,,,,,,,,,,,,,,,,,,,,,,,,,,,,,,,,,,,,,,,,,
2018,1,1,17,3,17/01/2018,B6,20409,B6,N591JB,1151,15304,1530402,33195,TPA,"Tampa, FL",FL,12,Florida,33,14843,1484306,34819,SJU,"San Juan, PR",PR,72,Puerto Rico,3,1440,1442,2,2,0,0,1400-1459,16,1458,1827,3,1827,1830,3,3,0,0,1800-1859,0,,0,167,168,149,1,1237,5,,,,,,,,,0,,,,,,,,,,,,,,,,,,,,,,,,,,,,,,,,,,,,,,,,,,,,
2018,1,1,17,3,17/01/2018,B6,20409,B6,N955JB,1152,13204,1320402,31454,MCO,"Orlando, FL",FL,12,Florida,33,10721,1072102,30721,BOS,"Boston, MA",MA,25,Massachusetts,13,1901,1921,20,20,1,1,1900-1959,18,1939,2150,6,2152,2156,4,4,0,0,2100-2159,0,,0,171,155,131,1,1121,5,,,,,,,,,0,,,,,,,,,,,,,,,,,,,,,,,,,,,,,,,,,,,,,,,,,,,,
2018,1,1,17,3,17/01/2018,B6,20409,B6,N354JB,1154,11278,1127805,30852,DCA,"Washington, DC",VA,51,Virginia,38,10721,1072102,30721,BOS,"Boston, MA",MA,25,Massachusetts,13,1532,,,,,,1500-1559,,,,,1704,,,,,,1700-1759,1,B,0,92,,,1,399,2,,,,,,,,,0,,,,,,,,,,,,,,,,,,,,,,,,,,,,,,,,,,,,,,,,,,,,
2018,1,1,17,3,17/01/2018,B6,20409,B6,N281JB,1155,10721,1072102,30721,BOS,"Boston, MA",MA,25,Massachusetts,13,11278,1127805,30852,DCA,"Washington, DC",VA,51,Virginia,38,1420,,,,,,1400-1459,,,,,1559,,,,,,1500-1559,1,B,0,99,,,1,399,2,,,,,,,,,0,,,,,,,,,,,,,,,,,,,,,,,,,,,,,,,,,,,,,,,,,,,,
2018,1,1,17,3,17/01/2018,B6,20409,B6,N283JB,1159,10721,1072102,30721,BOS,"Boston, MA",MA,25,Massachusetts,13,14100,1410005,34100,PHL,"Philadelphia, PA",PA,42,Pennsylvania,23,1745,,,,,,1700-1759,,,,,1925,,,,,,1900-1959,1,B,0,100,,,1,280,2,,,,,,,,,0,,,,,,,,,,,,,,,,,,,,,,,,,,,,,,,,,,,,,,,,,,,,
2018,1,1,17,3,17/01/2018,B6,20409,B6,N615JB,1161,12953,1295304,31703,LGA,"New York, NY",NY,36,New York,22,14027,1402702,34027,PBI,"West Palm Beach/Palm Beach, FL",FL,12,Florida,33,1310,1308,-2,0,0,-1,1300-1359,40,1348,1645,7,1622,1652,30,30,1,2,1600-1659,0,,0,192,224,177,1,1035,5,0,0,30,0,0,,,,0,,,,,,,,,,,,,,,,,,,,,,,,,,,,,,,,,,,,,,,,,,,,
2018,1,1,17,3,17/01/2018,B6,20409,B6,N965JB,1165,10721,1072102,30721,BOS,"Boston, MA",MA,25,Massachusetts,13,14635,1463502,31714,RSW,"Fort Myers, FL",FL,12,Florida,33,2007,2153,106,106,1,7,2000-2059,39,2232,125,5,2350,130,100,100,1,6,2300-2359,0,,0,223,217,173,1,1249,5,13,0,0,0,87,,,,0,,,,,,,,,,,,,,,,,,,,,,,,,,,,,,,,,,,,,,,,,,,,
2018,1,1,17,3,17/01/2018,B6,20409,B6,N507JB,1166,12954,1295406,32575,LGB,"Long Beach, CA",CA,6,California,91,14893,1489302,33192,SMF,"Sacramento, CA",CA,6,California,91,1649,1639,-10,0,0,-1,1600-1659,9,1648,1754,5,1816,1759,-17,0,0,-2,1800-1859,0,,0,87,80,66,1,387,2,,,,,,,,,0,,,,,,,,,,,,,,,,,,,,,,,,,,,,,,,,,,,,,,,,,,,,
2018,1,1,17,3,17/01/2018,B6,20409,B6,N236JB,1168,14027,1402702,34027,PBI,"West Palm Beach/Palm Beach, FL",FL,12,Florida,33,12197,1219702,31703,HPN,"White Plains, NY",NY,36,New York,22,1114,1107,-7,0,0,-1,1100-1159,17,1124,1331,4,1403,1335,-28,0,0,-2,1400-1459,0,,0,169,148,127,1,1056,5,,,,,,,,,0,,,,,,,,,,,,,,,,,,,,,,,,,,,,,,,,,,,,,,,,,,,,
2018,1,1,17,3,17/01/2018,B6,20409,B6,N198JB,1169,14524,1452401,34524,RIC,"Richmond, VA",VA,51,Virginia,38,13204,1320402,31454,MCO,"Orlando, FL",FL,12,Florida,33,1730,1804,34,34,1,2,1700-1759,31,1835,2029,10,1937,2039,62,62,1,4,1900-1959,0,,0,127,155,114,1,667,3,0,0,28,0,34,,,,0,,,,,,,,,,,,,,,,,,,,,,,,,,,,,,,,,,,,,,,,,,,,
2018,1,1,17,3,17/01/2018,B6,20409,B6,N198JB,1170,13204,1320402,31454,MCO,"Orlando, FL",FL,12,Florida,33,14524,1452401,34524,RIC,"Richmond, VA",VA,51,Virginia,38,1501,1517,16,16,1,1,1500-1559,14,1531,1653,43,1655,1736,41,41,1,2,1600-1659,0,,0,114,139,82,1,667,3,0,16,25,0,0,,,,0,,,,,,,,,,,,,,,,,,,,,,,,,,,,,,,,,,,,,,,,,,,,
2018,1,1,17,3,17/01/2018,B6,20409,B6,N652JB,1171,12953,1295304,31703,LGA,"New York, NY",NY,36,New York,22,11697,1169706,32467,FLL,"Fort Lauderdale, FL",FL,12,Florida,33,1450,1553,63,63,1,4,1400-1459,73,1706,1958,10,1812,2008,116,116,1,7,1800-1859,0,,0,202,255,172,1,1076,5,17,0,53,0,46,,,,0,,,,,,,,,,,,,,,,,,,,,,,,,,,,,,,,,,,,,,,,,,,,
2018,1,1,17,3,17/01/2018,B6,20409,B6,N658JB,1179,12889,1288903,32211,LAS,"Las Vegas, NV",NV,32,Nevada,85,12954,1295406,32575,LGB,"Long Beach, CA",CA,6,California,91,1238,1302,24,24,1,1,1200-1259,24,1326,1409,6,1346,1415,29,29,1,1,1300-1359,0,,0,68,73,43,1,231,1,0,0,5,0,24,,,,0,,,,,,,,,,,,,,,,,,,,,,,,,,,,,,,,,,,,,,,,,,,,
2018,1,1,17,3,17/01/2018,B6,20409,B6,N190JB,1185,12478,1247805,31703,JFK,"New York, NY",NY,36,New York,22,14492,1449202,34492,RDU,"Raleigh/Durham, NC",NC,37,North Carolina,36,1656,2012,196,196,1,12,1600-1659,37,2049,2212,5,1843,2217,214,214,1,12,1800-1859,0,,0,107,125,83,1,427,2,0,196,18,0,0,,,,0,,,,,,,,,,,,,,,,,,,,,,,,,,,,,,,,,,,,,,,,,,,,
2018,1,1,17,3,17/01/2018,B6,20409,B6,N190JB,1186,14492,1449202,34492,RDU,"Raleigh/Durham, NC",NC,37,North Carolina,36,12478,1247805,31703,JFK,"New York, NY",NY,36,New York,22,1921,2251,210,210,1,12,1900-1959,11,2302,2400,5,2109,5,176,176,1,11,2100-2159,0,,0,108,74,58,1,427,2,0,3,0,0,173,,,,0,,,,,,,,,,,,,,,,,,,,,,,,,,,,,,,,,,,,,,,,,,,,
2018,1,1,17,3,17/01/2018,B6,20409,B6,N298JB,1189,10721,1072102,30721,BOS,"Boston, MA",MA,25,Massachusetts,13,11278,1127805,30852,DCA,"Washington, DC",VA,51,Virginia,38,2042,2042,0,0,0,0,2000-2059,24,2106,2225,5,2221,2230,9,9,0,0,2200-2259,0,,0,99,108,79,1,399,2,,,,,,,,,0,,,,,,,,,,,,,,,,,,,,,,,,,,,,,,,,,,,,,,,,,,,,
2018,1,1,17,3,17/01/2018,B6,20409,B6,N959JB,1190,13204,1320402,31454,MCO,"Orlando, FL",FL,12,Florida,33,12478,1247805,31703,JFK,"New York, NY",NY,36,New York,22,1955,2001,6,6,0,0,1900-1959,16,2017,2208,3,2230,2211,-19,0,0,-2,2200-2259,0,,0,155,130,111,1,944,4,,,,,,,,,0,,,,,,,,,,,,,,,,,,,,,,,,,,,,,,,,,,,,,,,,,,,,
2018,1,1,17,3,17/01/2018,B6,20409,B6,N517JB,1196,11697,1169706,32467,FLL,"Fort Lauderdale, FL",FL,12,Florida,33,14307,1430705,30721,PVD,"Providence, RI",RI,44,Rhode Island,15,1154,1215,21,21,1,1,1100-1159,26,1241,1458,6,1448,1504,16,16,1,1,1400-1459,0,,0,174,169,137,1,1188,5,3,0,0,0,13,,,,0,,,,,,,,,,,,,,,,,,,,,,,,,,,,,,,,,,,,,,,,,,,,
2018,1,1,17,3,17/01/2018,B6,20409,B6,N517JB,1197,14307,1430705,30721,PVD,"Providence, RI",RI,44,Rhode Island,15,11697,1169706,32467,FLL,"Fort Lauderdale, FL",FL,12,Florida,33,1528,1541,13,13,0,0,1500-1559,18,1559,1935,12,1855,1947,52,52,1,3,1800-1859,0,,0,207,246,216,1,1188,5,0,0,39,0,13,,,,0,,,,,,,,,,,,,,,,,,,,,,,,,,,,,,,,,,,,,,,,,,,,
2018,1,1,17,3,17/01/2018,B6,20409,B6,N708JB,1198,13204,1320402,31454,MCO,"Orlando, FL",FL,12,Florida,33,12953,1295304,31703,LGA,"New York, NY",NY,36,New York,22,1735,1805,30,30,1,2,1700-1759,21,1826,2030,7,2015,2037,22,22,1,1,2000-2059,0,,0,160,152,124,1,950,4,0,0,22,0,0,,,,0,,,,,,,,,,,,,,,,,,,,,,,,,,,,,,,,,,,,,,,,,,,,
2018,1,1,17,3,17/01/2018,B6,20409,B6,N970JB,1201,12478,1247805,31703,JFK,"New York, NY",NY,36,New York,22,11697,1169706,32467,FLL,"Fort Lauderdale, FL",FL,12,Florida,33,1843,1921,38,38,1,2,1800-1859,25,1946,2239,14,2200,2253,53,53,1,3,2200-2259,0,,0,197,212,173,1,1069,5,18,0,15,0,20,,,,0,,,,,,,,,,,,,,,,,,,,,,,,,,,,,,,,,,,,,,,,,,,,
2018,1,1,17,3,17/01/2018,B6,20409,B6,N903JB,1202,11697,1169706,32467,FLL,"Fort Lauderdale, FL",FL,12,Florida,33,12478,1247805,31703,JFK,"New York, NY",NY,36,New York,22,1225,1237,12,12,0,0,1200-1259,21,1258,1506,5,1516,1511,-5,0,0,-1,1500-1559,0,,0,171,154,128,1,1069,5,,,,,,,,,0,,,,,,,,,,,,,,,,,,,,,,,,,,,,,,,,,,,,,,,,,,,,
2018,1,1,17,3,17/01/2018,B6,20409,B6,N597JB,1205,12478,1247805,31703,JFK,"New York, NY",NY,36,New York,22,14057,1405702,34057,PDX,"Portland, OR",OR,41,Oregon,92,2036,2030,-6,0,0,-1,2000-2059,26,2056,2330,8,2,2338,-24,0,0,-2,0001-0559,0,,0,386,368,334,1,2454,10,,,,,,,,,0,,,,,,,,,,,,,,,,,,,,,,,,,,,,,,,,,,,,,,,,,,,,
2018,1,1,17,3,17/01/2018,B6,20409,B6,N629JB,1206,14057,1405702,34057,PDX,"Portland, OR",OR,41,Oregon,92,12478,1247805,31703,JFK,"New York, NY",NY,36,New York,22,2258,2249,-9,0,0,-1,2200-2259,16,2305,646,11,708,657,-11,0,0,-1,0700-0759,0,,0,310,308,281,1,2454,10,,,,,,,,,0,,,,,,,,,,,,,,,,,,,,,,,,,,,,,,,,,,,,,,,,,,,,
2018,1,1,17,3,17/01/2018,B6,20409,B6,N265JB,1208,12264,1226402,30852,IAD,"Washington, DC",VA,51,Virginia,38,12478,1247805,31703,JFK,"New York, NY",NY,36,New York,22,615,608,-7,0,0,-1,0600-0659,36,644,724,6,729,730,1,1,0,0,0700-0759,0,,0,74,82,40,1,228,1,,,,,,,,,0,,,,,,,,,,,,,,,,,,,,,,,,,,,,,,,,,,,,,,,,,,,,
2018,1,1,17,3,17/01/2018,B6,20409,B6,N353JB,1209,10721,1072102,30721,BOS,"Boston, MA",MA,25,Massachusetts,13,12451,1245102,31136,JAX,"Jacksonville, FL",FL,12,Florida,33,1430,1423,-7,0,0,-1,1400-1459,62,1525,1812,3,1731,1815,44,44,1,2,1700-1759,0,,0,181,232,167,1,1010,5,0,0,44,0,0,,,,0,,,,,,,,,,,,,,,,,,,,,,,,,,,,,,,,,,,,,,,,,,,,
2018,1,1,17,3,17/01/2018,B6,20409,B6,N206JB,1210,12451,1245102,31136,JAX,"Jacksonville, FL",FL,12,Florida,33,10721,1072102,30721,BOS,"Boston, MA",MA,25,Massachusetts,13,1151,1203,12,12,0,0,1100-1159,12,1215,1410,7,1419,1417,-2,0,0,-1,1400-1459,0,,0,148,134,115,1,1010,5,,,,,,,,,0,,,,,,,,,,,,,,,,,,,,,,,,,,,,,,,,,,,,,,,,,,,,
2018,1,1,17,3,17/01/2018,B6,20409,B6,N663JB,1211,10821,1082106,30852,BWI,"Baltimore, MD",MD,24,Maryland,35,13204,1320402,31454,MCO,"Orlando, FL",FL,12,Florida,33,1113,1100,-13,0,0,-1,1100-1159,13,1113,1330,10,1337,1340,3,3,0,0,1300-1359,0,,0,144,160,137,1,787,4,,,,,,,,,0,,,,,,,,,,,,,,,,,,,,,,,,,,,,,,,,,,,,,,,,,,,,
2018,1,1,17,3,17/01/2018,B6,20409,B6,N663JB,1212,13204,1320402,31454,MCO,"Orlando, FL",FL,12,Florida,33,10821,1082106,30852,BWI,"Baltimore, MD",MD,24,Maryland,35,819,809,-10,0,0,-1,0800-0859,11,820,955,8,1033,1003,-30,0,0,-2,1000-1059,0,,0,134,114,95,1,787,4,,,,,,,,,0,,,,,,,,,,,,,,,,,,,,,,,,,,,,,,,,,,,,,,,,,,,,
2018,1,1,17,3,17/01/2018,B6,20409,B6,N644JB,1214,11298,1129806,30194,DFW,"Dallas/Fort Worth, TX",TX,48,Texas,74,10721,1072102,30721,BOS,"Boston, MA",MA,25,Massachusetts,13,1145,1212,27,27,1,1,1100-1159,15,1227,1647,5,1612,1652,40,40,1,2,1600-1659,0,,0,207,220,200,1,1562,7,27,0,13,0,0,,,,0,,,,,,,,,,,,,,,,,,,,,,,,,,,,,,,,,,,,,,,,,,,,
2018,1,1,17,3,17/01/2018,B6,20409,B6,N203JB,1216,10792,1079206,30792,BUF,"Buffalo, NY",NY,36,New York,22,10721,1072102,30721,BOS,"Boston, MA",MA,25,Massachusetts,13,1332,1356,24,24,1,1,1300-1359,30,1426,1538,6,1454,1544,50,50,1,3,1400-1459,0,,0,82,108,72,1,395,2,24,0,26,0,0,,,,0,,,,,,,,,,,,,,,,,,,,,,,,,,,,,,,,,,,,,,,,,,,,
2018,1,1,17,3,17/01/2018,B6,20409,B6,N375JB,1223,11278,1127805,30852,DCA,"Washington, DC",VA,51,Virginia,38,13204,1320402,31454,MCO,"Orlando, FL",FL,12,Florida,33,805,848,43,43,1,2,0800-0859,24,912,1122,11,1033,1133,60,60,1,4,1000-1059,0,,0,148,165,130,1,759,4,7,0,17,0,36,,,,0,,,,,,,,,,,,,,,,,,,,,,,,,,,,,,,,,,,,,,,,,,,,
2018,1,1,17,3,17/01/2018,B6,20409,B6,N929JB,1224,12892,1289208,32575,LAX,"Los Angeles, CA",CA,6,California,91,12478,1247805,31703,JFK,"New York, NY",NY,36,New York,22,1645,1643,-2,0,0,-1,1600-1659,12,1655,112,5,55,117,22,22,1,1,0001-0559,0,,0,310,334,317,1,2475,10,0,0,22,0,0,,,,0,,,,,,,,,,,,,,,,,,,,,,,,,,,,,,,,,,,,,,,,,,,,
2018,1,1,17,3,17/01/2018,B6,20409,B6,N249JB,1226,10821,1082106,30852,BWI,"Baltimore, MD",MD,24,Maryland,35,10721,1072102,30721,BOS,"Boston, MA",MA,25,Massachusetts,13,818,,,,,,0800-0859,,,,,941,,,,,,0900-0959,1,B,0,83,,,1,369,2,,,,,,,,,0,,,,,,,,,,,,,,,,,,,,,,,,,,,,,,,,,,,,,,,,,,,,
2018,1,1,17,3,17/01/2018,B6,20409,B6,N334JB,1231,10721,1072102,30721,BOS,"Boston, MA",MA,25,Massachusetts,13,12953,1295304,31703,LGA,"New York, NY",NY,36,New York,22,1515,1538,23,23,1,1,1500-1559,25,1603,1657,5,1641,1702,21,21,1,1,1600-1659,0,,0,86,84,54,1,184,1,0,0,21,0,0,,,,0,,,,,,,,,,,,,,,,,,,,,,,,,,,,,,,,,,,,,,,,,,,,
2018,1,1,17,3,17/01/2018,B6,20409,B6,N334JB,1232,12953,1295304,31703,LGA,"New York, NY",NY,36,New York,22,10721,1072102,30721,BOS,"Boston, MA",MA,25,Massachusetts,13,1730,1736,6,6,0,0,1700-1759,14,1750,1822,9,1854,1831,-23,0,0,-2,1800-1859,0,,0,84,55,32,1,184,1,,,,,,,,,0,,,,,,,,,,,,,,,,,,,,,,,,,,,,,,,,,,,,,,,,,,,,
2018,1,1,17,3,17/01/2018,B6,20409,B6,N794JB,1233,13204,1320402,31454,MCO,"Orlando, FL",FL,12,Florida,33,14843,1484306,34819,SJU,"San Juan, PR",PR,72,Puerto Rico,3,640,639,-1,0,0,-1,0600-0659,14,653,1017,4,1025,1021,-4,0,0,-1,1000-1059,0,,0,165,162,144,1,1189,5,,,,,,,,,0,,,,,,,,,,,,,,,,,,,,,,,,,,,,,,,,,,,,,,,,,,,,
2018,1,1,17,3,17/01/2018,B6,20409,B6,N809JB,1234,14843,1484306,34819,SJU,"San Juan, PR",PR,72,Puerto Rico,3,13204,1320402,31454,MCO,"Orlando, FL",FL,12,Florida,33,2121,2114,-7,0,0,-1,2100-2159,10,2124,2306,4,2327,2310,-17,0,0,-2,2300-2359,0,,0,186,176,162,1,1189,5,,,,,,,,,0,,,,,,,,,,,,,,,,,,,,,,,,,,,,,,,,,,,,,,,,,,,,
2018,1,1,17,3,17/01/2018,B6,20409,B6,N709JB,1235,14771,1477104,32457,SFO,"San Francisco, CA",CA,6,California,91,12954,1295406,32575,LGB,"Long Beach, CA",CA,6,California,91,900,854,-6,0,0,-1,0900-0959,20,914,1013,3,1027,1016,-11,0,0,-1,1000-1059,0,,0,87,82,59,1,354,2,,,,,,,,,0,,,,,,,,,,,,,,,,,,,,,,,,,,,,,,,,,,,,,,,,,,,,
2018,1,1,17,3,17/01/2018,B6,20409,B6,N337JB,1236,14843,1484306,34819,SJU,"San Juan, PR",PR,72,Puerto Rico,3,15024,1502403,34945,STT,"Charlotte Amalie, VI",VI,78,U.S. Virgin Islands,4,830,818,-12,0,0,-1,0800-0859,10,828,843,4,905,847,-18,0,0,-2,0900-0959,0,,0,35,29,15,1,68,1,,,,,,,,,0,,,,,,,,,,,,,,,,,,,,,,,,,,,,,,,,,,,,,,,,,,,,
2018,1,1,17,3,17/01/2018,B6,20409,B6,N505JB,1237,10721,1072102,30721,BOS,"Boston, MA",MA,25,Massachusetts,13,11433,1143302,31295,DTW,"Detroit, MI",MI,26,Michigan,43,1602,1629,27,27,1,1,1600-1659,15,1644,1817,11,1819,1828,9,9,0,0,1800-1859,0,,0,137,119,93,1,632,3,,,,,,,,,0,,,,,,,,,,,,,,,,,,,,,,,,,,,,,,,,,,,,,,,,,,,,
2018,1,1,17,3,17/01/2018,B6,20409,B6,N368JB,1245,10721,1072102,30721,BOS,"Boston, MA",MA,25,Massachusetts,13,11057,1105703,31057,CLT,"Charlotte, NC",NC,37,North Carolina,36,829,833,4,4,0,0,0800-0859,39,912,1145,7,1058,1152,54,54,1,3,1000-1059,0,,0,149,199,153,1,728,3,4,0,50,0,0,,,,0,,,,,,,,,,,,,,,,,,,,,,,,,,,,,,,,,,,,,,,,,,,,
2018,1,1,17,3,17/01/2018,B6,20409,B6,N281JB,1246,11057,1105703,31057,CLT,"Charlotte, NC",NC,37,North Carolina,36,10721,1072102,30721,BOS,"Boston, MA",MA,25,Massachusetts,13,1133,,,,,,1100-1159,,,,,1345,,,,,,1300-1359,1,B,0,132,,,1,728,3,,,,,,,,,0,,,,,,,,,,,,,,,,,,,,,,,,,,,,,,,,,,,,,,,,,,,,
2018,1,1,17,3,17/01/2018,B6,20409,B6,N907JB,1248,12889,1288903,32211,LAS,"Las Vegas, NV",NV,32,Nevada,85,12478,1247805,31703,JFK,"New York, NY",NY,36,New York,22,2328,2331,3,3,0,0,2300-2359,12,2343,723,7,714,730,16,16,1,1,0700-0759,0,,0,286,299,280,1,2248,9,3,0,13,0,0,,,,0,,,,,,,,,,,,,,,,,,,,,,,,,,,,,,,,,,,,,,,,,,,,
2018,1,1,17,3,17/01/2018,B6,20409,B6,N184JB,1251,12197,1219702,31703,HPN,"White Plains, NY",NY,36,New York,22,14635,1463502,31714,RSW,"Fort Myers, FL",FL,12,Florida,33,817,809,-8,0,0,-1,0800-0859,24,833,1145,4,1136,1149,13,13,0,0,1100-1159,0,,0,199,220,192,1,1102,5,,,,,,,,,0,,,,,,,,,,,,,,,,,,,,,,,,,,,,,,,,,,,,,,,,,,,,
2018,1,1,17,3,17/01/2018,B6,20409,B6,N184JB,1252,14635,1463502,31714,RSW,"Fort Myers, FL",FL,12,Florida,33,12197,1219702,31703,HPN,"White Plains, NY",NY,36,New York,22,1211,1229,18,18,1,1,1200-1259,8,1237,1449,4,1500,1453,-7,0,0,-1,1500-1559,0,,0,169,144,132,1,1102,5,,,,,,,,,0,,,,,,,,,,,,,,,,,,,,,,,,,,,,,,,,,,,,,,,,,,,,
2018,1,1,17,3,17/01/2018,B6,20409,B6,N353JB,1259,10721,1072102,30721,BOS,"Boston, MA",MA,25,Massachusetts,13,14100,1410005,34100,PHL,"Philadelphia, PA",PA,42,Pennsylvania,23,2112,2326,134,134,1,8,2100-2159,12,2338,45,8,2250,53,123,123,1,8,2200-2259,0,,0,98,87,67,1,280,2,51,0,0,0,72,,,,0,,,,,,,,,,,,,,,,,,,,,,,,,,,,,,,,,,,,,,,,,,,,
2018,1,1,17,3,17/01/2018,B6,20409,B6,N184JB,1262,14027,1402702,34027,PBI,"West Palm Beach/Palm Beach, FL",FL,12,Florida,33,12953,1295304,31703,LGA,"New York, NY",NY,36,New York,22,1909,2016,67,67,1,4,1900-1959,26,2042,2247,4,2159,2251,52,52,1,3,2100-2159,0,,0,170,155,125,1,1035,5,0,0,50,0,2,,,,0,,,,,,,,,,,,,,,,,,,,,,,,,,,,,,,,,,,,,,,,,,,,
2018,1,1,17,3,17/01/2018,B6,20409,B6,N827JB,1266,14635,1463502,31714,RSW,"Fort Myers, FL",FL,12,Florida,33,10721,1072102,30721,BOS,"Boston, MA",MA,25,Massachusetts,13,1910,1939,29,29,1,1,1900-1959,17,1956,2230,6,2212,2236,24,24,1,1,2200-2259,0,,0,182,177,154,1,1249,5,0,0,5,0,19,,,,0,,,,,,,,,,,,,,,,,,,,,,,,,,,,,,,,,,,,,,,,,,,,
2018,1,1,17,3,17/01/2018,B6,20409,B6,N598JB,1271,12953,1295304,31703,LGA,"New York, NY",NY,36,New York,22,11697,1169706,32467,FLL,"Fort Lauderdale, FL",FL,12,Florida,33,1930,2004,34,34,1,2,1900-1959,14,2018,2316,5,2244,2321,37,37,1,2,2200-2259,0,,0,194,197,178,1,1076,5,10,0,3,0,24,,,,0,,,,,,,,,,,,,,,,,,,,,,,,,,,,,,,,,,,,,,,,,,,,
2018,1,1,17,3,17/01/2018,B6,20409,B6,N598JB,1272,11697,1169706,32467,FLL,"Fort Lauderdale, FL",FL,12,Florida,33,12953,1295304,31703,LGA,"New York, NY",NY,36,New York,22,1555,1633,38,38,1,2,1500-1559,26,1659,1909,5,1850,1914,24,24,1,1,1800-1859,0,,0,175,161,130,1,1076,5,0,0,24,0,0,,,,0,,,,,,,,,,,,,,,,,,,,,,,,,,,,,,,,,,,,,,,,,,,,
2018,1,1,17,3,17/01/2018,B6,20409,B6,N645JB,1273,12478,1247805,31703,JFK,"New York, NY",NY,36,New York,22,10994,1099402,30994,CHS,"Charleston, SC",SC,45,South Carolina,37,706,720,14,14,0,0,0700-0759,19,739,924,6,923,930,7,7,0,0,0900-0959,0,,0,137,130,105,1,636,3,,,,,,,,,0,,,,,,,,,,,,,,,,,,,,,,,,,,,,,,,,,,,,,,,,,,,,
2018,1,1,17,3,17/01/2018,B6,20409,B6,N645JB,1274,10994,1099402,30994,CHS,"Charleston, SC",SC,45,South Carolina,37,12478,1247805,31703,JFK,"New York, NY",NY,36,New York,22,1003,1005,2,2,0,0,1000-1059,9,1014,1126,4,1153,1130,-23,0,0,-2,1100-1159,0,,0,110,85,72,1,636,3,,,,,,,,,0,,,,,,,,,,,,,,,,,,,,,,,,,,,,,,,,,,,,,,,,,,,,
2018,1,1,17,3,17/01/2018,B6,20409,B6,N373JB,1279,11278,1127805,30852,DCA,"Washington, DC",VA,51,Virginia,38,11697,1169706,32467,FLL,"Fort Lauderdale, FL",FL,12,Florida,33,600,633,33,33,1,2,0600-0659,34,707,933,5,837,938,61,61,1,4,0800-0859,0,,0,157,185,146,1,899,4,33,0,28,0,0,,,,0,,,,,,,,,,,,,,,,,,,,,,,,,,,,,,,,,,,,,,,,,,,,
2018,1,1,17,3,17/01/2018,B6,20409,B6,N317JB,1281,10721,1072102,30721,BOS,"Boston, MA",MA,25,Massachusetts,13,14524,1452401,34524,RIC,"Richmond, VA",VA,51,Virginia,38,1300,1343,43,43,1,2,1300-1359,35,1418,1552,3,1449,1555,66,66,1,4,1400-1459,0,,0,109,132,94,1,474,2,31,0,23,0,12,,,,0,,,,,,,,,,,,,,,,,,,,,,,,,,,,,,,,,,,,,,,,,,,,
2018,1,1,17,3,17/01/2018,B6,20409,B6,N317JB,1282,14524,1452401,34524,RIC,"Richmond, VA",VA,51,Virginia,38,10721,1072102,30721,BOS,"Boston, MA",MA,25,Massachusetts,13,1529,1645,76,76,1,5,1500-1559,8,1653,1832,3,1701,1835,94,94,1,6,1700-1759,0,,0,92,110,99,1,474,2,20,0,18,0,56,,,,0,,,,,,,,,,,,,,,,,,,,,,,,,,,,,,,,,,,,,,,,,,,,
2018,1,1,17,3,17/01/2018,B6,20409,B6,N368JB,1285,10721,1072102,30721,BOS,"Boston, MA",MA,25,Massachusetts,13,14122,1412202,30198,PIT,"Pittsburgh, PA",PA,42,Pennsylvania,23,610,,,,,,0600-0659,,,,,809,,,,,,0800-0859,1,B,0,119,,,1,496,2,,,,,,,,,0,,,,,,,,,,,,,,,,,,,,,,,,,,,,,,,,,,,,,,,,,,,,
2018,1,1,17,3,17/01/2018,B6,20409,B6,N368JB,1286,14122,1412202,30198,PIT,"Pittsburgh, PA",PA,42,Pennsylvania,23,10721,1072102,30721,BOS,"Boston, MA",MA,25,Massachusetts,13,845,,,,,,0800-0859,,,,,1017,,,,,,1000-1059,1,B,0,92,,,1,496,2,,,,,,,,,0,,,,,,,,,,,,,,,,,,,,,,,,,,,,,,,,,,,,,,,,,,,,
2018,1,1,17,3,17/01/2018,B6,20409,B6,N656JB,1289,11618,1161802,31703,EWR,"Newark, NJ",NJ,34,New Jersey,21,14843,1484306,34819,SJU,"San Juan, PR",PR,72,Puerto Rico,3,709,708,-1,0,0,-1,0700-0759,34,742,1204,2,1202,1206,4,4,0,0,1200-1259,0,,0,233,238,202,1,1608,7,,,,,,,,,0,,,,,,,,,,,,,,,,,,,,,,,,,,,,,,,,,,,,,,,,,,,,
2018,1,1,17,3,17/01/2018,B6,20409,B6,N656JB,1290,14843,1484306,34819,SJU,"San Juan, PR",PR,72,Puerto Rico,3,11618,1161802,31703,EWR,"Newark, NJ",NJ,34,New Jersey,21,1252,1300,8,8,0,0,1200-1259,9,1309,1538,13,1606,1551,-15,0,0,-1,1600-1659,0,,0,254,231,209,1,1608,7,,,,,,,,,0,,,,,,,,,,,,,,,,,,,,,,,,,,,,,,,,,,,,,,,,,,,,
2018,1,1,17,3,17/01/2018,B6,20409,B6,N527JB,1294,13204,1320402,31454,MCO,"Orlando, FL",FL,12,Florida,33,12197,1219702,31703,HPN,"White Plains, NY",NY,36,New York,22,2025,2350,205,205,1,12,2000-2059,11,1,151,3,2300,154,174,174,1,11,2300-2359,0,,0,155,124,110,1,972,4,28,0,0,0,146,,,,0,,,,,,,,,,,,,,,,,,,,,,,,,,,,,,,,,,,,,,,,,,,,
2018,1,1,17,3,17/01/2018,B6,20409,B6,N633JB,1295,12478,1247805,31703,JFK,"New York, NY",NY,36,New York,22,10423,1042302,30423,AUS,"Austin, TX",TX,48,Texas,74,2105,2103,-2,0,0,-1,2100-2159,17,2120,2338,3,27,2341,-46,0,0,-2,0001-0559,0,,0,262,218,198,1,1521,7,,,,,,,,,0,,,,,,,,,,,,,,,,,,,,,,,,,,,,,,,,,,,,,,,,,,,,
2018,1,1,17,3,17/01/2018,B6,20409,B6,N659JB,1300,13495,1349505,33495,MSY,"New Orleans, LA",LA,22,Louisiana,72,10721,1072102,30721,BOS,"Boston, MA",MA,25,Massachusetts,13,700,,,,,,0700-0759,,,,,1104,,,,,,1100-1159,1,B,0,184,,,1,1368,6,,,,,,,,,0,,,,,,,,,,,,,,,,,,,,,,,,,,,,,,,,,,,,,,,,,,,,
2018,1,1,17,3,17/01/2018,B6,20409,B6,N636JB,1301,10721,1072102,30721,BOS,"Boston, MA",MA,25,Massachusetts,13,13495,1349505,33495,MSY,"New Orleans, LA",LA,22,Louisiana,72,2002,,,,,,2000-2059,,,,,2259,,,,,,2200-2259,1,B,0,237,,,1,1368,6,,,,,,,,,0,,,,,,,,,,,,,,,,,,,,,,,,,,,,,,,,,,,,,,,,,,,,
2018,1,1,17,3,17/01/2018,B6,20409,B6,N958JB,1304,14843,1484306,34819,SJU,"San Juan, PR",PR,72,Puerto Rico,3,12478,1247805,31703,JFK,"New York, NY",NY,36,New York,22,1542,1551,9,9,0,0,1500-1559,8,1559,1819,4,1849,1823,-26,0,0,-2,1800-1859,0,,0,247,212,200,1,1598,7,,,,,,,,,0,,,,,,,,,,,,,,,,,,,,,,,,,,,,,,,,,,,,,,,,,,,,
2018,1,1,17,3,17/01/2018,B6,20409,B6,N323JB,1307,12478,1247805,31703,JFK,"New York, NY",NY,36,New York,22,12264,1226402,30852,IAD,"Washington, DC",VA,51,Virginia,38,1729,1736,7,7,0,0,1700-1759,24,1800,1848,6,1849,1854,5,5,0,0,1800-1859,0,,0,80,78,48,1,228,1,,,,,,,,,0,,,,,,,,,,,,,,,,,,,,,,,,,,,,,,,,,,,,,,,,,,,,
2018,1,1,17,3,17/01/2018,B6,20409,B6,N187JB,1308,12264,1226402,30852,IAD,"Washington, DC",VA,51,Virginia,38,12478,1247805,31703,JFK,"New York, NY",NY,36,New York,22,1155,1212,17,17,1,1,1100-1159,10,1222,1302,4,1310,1306,-4,0,0,-1,1300-1359,0,,0,75,54,40,1,228,1,,,,,,,,,0,,,,,,,,,,,,,,,,,,,,,,,,,,,,,,,,,,,,,,,,,,,,
2018,1,1,17,3,17/01/2018,B6,20409,B6,N249JB,1317,10721,1072102,30721,BOS,"Boston, MA",MA,25,Massachusetts,13,12478,1247805,31703,JFK,"New York, NY",NY,36,New York,22,1658,1720,22,22,1,1,1600-1659,57,1817,1902,5,1820,1907,47,47,1,3,1800-1859,0,,0,82,107,45,1,187,1,12,0,25,0,10,,,,0,,,,,,,,,,,,,,,,,,,,,,,,,,,,,,,,,,,,,,,,,,,,
2018,1,1,17,3,17/01/2018,B6,20409,B6,N292JB,1318,12478,1247805,31703,JFK,"New York, NY",NY,36,New York,22,10721,1072102,30721,BOS,"Boston, MA",MA,25,Massachusetts,13,1203,1202,-1,0,0,-1,1200-1259,29,1231,1314,9,1308,1323,15,15,1,1,1300-1359,0,,0,65,81,43,1,187,1,0,0,15,0,0,,,,0,,,,,,,,,,,,,,,,,,,,,,,,,,,,,,,,,,,,,,,,,,,,
2018,1,1,17,3,17/01/2018,B6,20409,B6,N976JB,1323,12478,1247805,31703,JFK,"New York, NY",NY,36,New York,22,12892,1289208,32575,LAX,"Los Angeles, CA",CA,6,California,91,1525,1520,-5,0,0,-1,1500-1559,23,1543,1747,9,1904,1756,-68,0,0,-2,1900-1959,0,,0,399,336,304,1,2475,10,,,,,,,,,0,,,,,,,,,,,,,,,,,,,,,,,,,,,,,,,,,,,,,,,,,,,,
2018,1,1,17,3,17/01/2018,B6,20409,B6,N187JB,1326,10821,1082106,30852,BWI,"Baltimore, MD",MD,24,Maryland,35,10721,1072102,30721,BOS,"Boston, MA",MA,25,Massachusetts,13,1936,2126,110,110,1,7,1900-1959,12,2138,2234,19,2056,2253,117,117,1,7,2000-2059,0,,0,80,87,56,1,369,2,0,0,7,0,110,,,,0,,,,,,,,,,,,,,,,,,,,,,,,,,,,,,,,,,,,,,,,,,,,
2018,1,1,17,3,17/01/2018,B6,20409,B6,N197JB,1331,10721,1072102,30721,BOS,"Boston, MA",MA,25,Massachusetts,13,12953,1295304,31703,LGA,"New York, NY",NY,36,New York,22,1710,1723,13,13,0,0,1700-1759,40,1803,1853,4,1836,1857,21,21,1,1,1800-1859,0,,0,86,94,50,1,184,1,0,0,16,0,5,,,,0,,,,,,,,,,,,,,,,,,,,,,,,,,,,,,,,,,,,,,,,,,,,
2018,1,1,17,3,17/01/2018,B6,20409,B6,N197JB,1332,12953,1295304,31703,LGA,"New York, NY",NY,36,New York,22,10721,1072102,30721,BOS,"Boston, MA",MA,25,Massachusetts,13,1930,2041,71,71,1,4,1900-1959,29,2110,2149,6,2052,2155,63,63,1,4,2000-2059,0,,0,82,74,39,1,184,1,0,0,63,0,0,,,,0,,,,,,,,,,,,,,,,,,,,,,,,,,,,,,,,,,,,,,,,,,,,
2018,1,1,17,3,17/01/2018,B6,20409,B6,N505JB,1336,11433,1143302,31295,DTW,"Detroit, MI",MI,26,Michigan,43,10721,1072102,30721,BOS,"Boston, MA",MA,25,Massachusetts,13,1900,1931,31,31,1,2,1900-1959,10,1941,2107,5,2050,2112,22,22,1,1,2000-2059,0,,0,110,101,86,1,632,3,16,0,0,0,6,,,,0,,,,,,,,,,,,,,,,,,,,,,,,,,,,,,,,,,,,,,,,,,,,
2018,1,1,17,3,17/01/2018,B6,20409,B6,N527JB,1347,11278,1127805,30852,DCA,"Washington, DC",VA,51,Virginia,38,14843,1484306,34819,SJU,"San Juan, PR",PR,72,Puerto Rico,3,800,1038,158,158,1,10,0800-0859,26,1104,1528,2,1246,1530,164,164,1,10,1200-1259,0,,0,226,232,204,1,1554,7,158,0,6,0,0,,,,0,,,,,,,,,,,,,,,,,,,,,,,,,,,,,,,,,,,,,,,,,,,,
2018,1,1,17,3,17/01/2018,B6,20409,B6,N559JB,1348,14843,1484306,34819,SJU,"San Juan, PR",PR,72,Puerto Rico,3,11278,1127805,30852,DCA,"Washington, DC",VA,51,Virginia,38,1905,1859,-6,0,0,-1,1900-1959,10,1909,2134,6,2159,2140,-19,0,0,-2,2100-2159,0,,0,234,221,205,1,1554,7,,,,,,,,,0,,,,,,,,,,,,,,,,,,,,,,,,,,,,,,,,,,,,,,,,,,,,
2018,1,1,17,3,17/01/2018,B6,20409,B6,N644JB,1352,13204,1320402,31454,MCO,"Orlando, FL",FL,12,Florida,33,10721,1072102,30721,BOS,"Boston, MA",MA,25,Massachusetts,13,2119,2248,89,89,1,5,2100-2159,10,2258,104,6,2,110,68,68,1,4,0001-0559,0,,0,163,142,126,1,1121,5,12,0,0,0,56,,,,0,,,,,,,,,,,,,,,,,,,,,,,,,,,,,,,,,,,,,,,,,,,,
2018,1,1,17,3,17/01/2018,B6,20409,B6,N651JB,1371,12953,1295304,31703,LGA,"New York, NY",NY,36,New York,22,11697,1169706,32467,FLL,"Fort Lauderdale, FL",FL,12,Florida,33,2138,2216,38,38,1,2,2100-2159,32,2248,137,6,39,143,64,64,1,4,0001-0559,0,,0,181,207,169,1,1076,5,15,0,26,0,23,,,,0,,,,,,,,,,,,,,,,,,,,,,,,,,,,,,,,,,,,,,,,,,,,
2018,1,1,17,3,17/01/2018,B6,20409,B6,N789JB,1373,12478,1247805,31703,JFK,"New York, NY",NY,36,New York,22,10994,1099402,30994,CHS,"Charleston, SC",SC,45,South Carolina,37,1549,1547,-2,0,0,-1,1500-1559,25,1612,1814,11,1812,1825,13,13,0,0,1800-1859,0,,0,143,158,122,1,636,3,,,,,,,,,0,,,,,,,,,,,,,,,,,,,,,,,,,,,,,,,,,,,,,,,,,,,,
2018,1,1,17,3,17/01/2018,B6,20409,B6,N789JB,1374,10994,1099402,30994,CHS,"Charleston, SC",SC,45,South Carolina,37,12478,1247805,31703,JFK,"New York, NY",NY,36,New York,22,1852,1852,0,0,0,0,1800-1859,10,1902,2019,4,2050,2023,-27,0,0,-2,2000-2059,0,,0,118,91,77,1,636,3,,,,,,,,,0,,,,,,,,,,,,,,,,,,,,,,,,,,,,,,,,,,,,,,,,,,,,
2018,1,1,17,3,17/01/2018,B6,20409,B6,N309JB,1379,11278,1127805,30852,DCA,"Washington, DC",VA,51,Virginia,38,11697,1169706,32467,FLL,"Fort Lauderdale, FL",FL,12,Florida,33,1319,1321,2,2,0,0,1300-1359,14,1335,1607,9,1600,1616,16,16,1,1,1600-1659,0,,0,161,175,152,1,899,4,2,0,14,0,0,,,,0,,,,,,,,,,,,,,,,,,,,,,,,,,,,,,,,,,,,,,,,,,,,
2018,1,1,17,3,17/01/2018,B6,20409,B6,N354JB,1380,11697,1169706,32467,FLL,"Fort Lauderdale, FL",FL,12,Florida,33,11278,1127805,30852,DCA,"Washington, DC",VA,51,Virginia,38,1230,1312,42,42,1,2,1200-1259,16,1328,1513,2,1457,1515,18,18,1,1,1400-1459,0,,0,147,123,105,1,899,4,6,0,0,0,12,,,,0,,,,,,,,,,,,,,,,,,,,,,,,,,,,,,,,,,,,,,,,,,,,
2018,1,1,17,3,17/01/2018,B6,20409,B6,N306JB,1383,10721,1072102,30721,BOS,"Boston, MA",MA,25,Massachusetts,13,14492,1449202,34492,RDU,"Raleigh/Durham, NC",NC,37,North Carolina,36,959,1115,76,76,1,5,0900-0959,38,1153,1351,4,1208,1355,107,107,1,7,1200-1259,0,,0,129,160,118,1,612,3,1,0,31,0,75,,,,0,,,,,,,,,,,,,,,,,,,,,,,,,,,,,,,,,,,,,,,,,,,,
2018,1,1,17,3,17/01/2018,B6,20409,B6,N306JB,1384,14492,1449202,34492,RDU,"Raleigh/Durham, NC",NC,37,North Carolina,36,10721,1072102,30721,BOS,"Boston, MA",MA,25,Massachusetts,13,1247,1445,118,118,1,7,1200-1259,77,1602,1732,7,1434,1739,185,185,1,12,1400-1459,0,,0,107,174,90,1,612,3,0,20,67,0,98,,,,0,,,,,,,,,,,,,,,,,,,,,,,,,,,,,,,,,,,,,,,,,,,,
2018,1,1,17,3,17/01/2018,B6,20409,B6,N653JB,1389,11618,1161802,31703,EWR,"Newark, NJ",NJ,34,New Jersey,21,14843,1484306,34819,SJU,"San Juan, PR",PR,72,Puerto Rico,3,2254,2331,37,37,1,2,2200-2259,14,2345,416,3,339,419,40,40,1,2,0001-0559,0,,0,225,228,211,1,1608,7,9,0,3,0,28,,,,0,,,,,,,,,,,,,,,,,,,,,,,,,,,,,,,,,,,,,,,,,,,,
2018,1,1,17,3,17/01/2018,B6,20409,B6,N903JB,1401,12478,1247805,31703,JFK,"New York, NY",NY,36,New York,22,11697,1169706,32467,FLL,"Fort Lauderdale, FL",FL,12,Florida,33,1620,1613,-7,0,0,-1,1600-1659,26,1639,1932,12,1942,1944,2,2,0,0,1900-1959,0,,0,202,211,173,1,1069,5,,,,,,,,,0,,,,,,,,,,,,,,,,,,,,,,,,,,,,,,,,,,,,,,,,,,,,
2018,1,1,17,3,17/01/2018,B6,20409,B6,N959JB,1403,12478,1247805,31703,JFK,"New York, NY",NY,36,New York,22,14843,1484306,34819,SJU,"San Juan, PR",PR,72,Puerto Rico,3,600,604,4,4,0,0,0600-0659,25,629,1049,10,1044,1059,15,15,1,1,1000-1059,0,,0,224,235,200,1,1598,7,4,0,11,0,0,,,,0,,,,,,,,,,,,,,,,,,,,,,,,,,,,,,,,,,,,,,,,,,,,
2018,1,1,17,3,17/01/2018,B6,20409,B6,N959JB,1404,14843,1484306,34819,SJU,"San Juan, PR",PR,72,Puerto Rico,3,12478,1247805,31703,JFK,"New York, NY",NY,36,New York,22,1144,1200,16,16,1,1,1100-1159,18,1218,1443,17,1446,1500,14,14,0,0,1400-1459,0,,0,242,240,205,1,1598,7,,,,,,,,,0,,,,,,,,,,,,,,,,,,,,,,,,,,,,,,,,,,,,,,,,,,,,
2018,1,1,17,3,17/01/2018,B6,20409,B6,N187JB,1407,12478,1247805,31703,JFK,"New York, NY",NY,36,New York,22,12264,1226402,30852,IAD,"Washington, DC",VA,51,Virginia,38,959,958,-1,0,0,-1,0900-0959,46,1044,1137,6,1120,1143,23,23,1,1,1100-1159,0,,0,81,105,53,1,228,1,0,0,23,0,0,,,,0,,,,,,,,,,,,,,,,,,,,,,,,,,,,,,,,,,,,,,,,,,,,
2018,1,1,17,3,17/01/2018,B6,20409,B6,N353JB,1410,12451,1245102,31136,JAX,"Jacksonville, FL",FL,12,Florida,33,10721,1072102,30721,BOS,"Boston, MA",MA,25,Massachusetts,13,1806,1941,95,95,1,6,1800-1859,13,1954,2155,5,2036,2200,84,84,1,5,2000-2059,0,,0,150,139,121,1,1010,5,0,0,50,0,34,,,,0,,,,,,,,,,,,,,,,,,,,,,,,,,,,,,,,,,,,,,,,,,,,
2018,1,1,17,3,17/01/2018,B6,20409,B6,N979JB,1415,12478,1247805,31703,JFK,"New York, NY",NY,36,New York,22,14771,1477104,32457,SFO,"San Francisco, CA",CA,6,California,91,2005,2004,-1,0,0,-1,2000-2059,33,2037,2302,9,2355,2311,-44,0,0,-2,2300-2359,0,,0,410,367,325,1,2586,11,,,,,,,,,0,,,,,,,,,,,,,,,,,,,,,,,,,,,,,,,,,,,,,,,,,,,,
2018,1,1,17,3,17/01/2018,B6,20409,B6,N629JB,1416,12954,1295406,32575,LGB,"Long Beach, CA",CA,6,California,91,10423,1042302,30423,AUS,"Austin, TX",TX,48,Texas,74,1222,1219,-3,0,0,-1,1200-1259,12,1231,1704,6,1707,1710,3,3,0,0,1700-1759,0,,0,165,171,153,1,1226,5,,,,,,,,,0,,,,,,,,,,,,,,,,,,,,,,,,,,,,,,,,,,,,,,,,,,,,
2018,1,1,17,3,17/01/2018,B6,20409,B6,N629JB,1417,10423,1042302,30423,AUS,"Austin, TX",TX,48,Texas,74,12954,1295406,32575,LGB,"Long Beach, CA",CA,6,California,91,1747,1757,10,10,0,0,1700-1759,15,1812,1854,3,1902,1857,-5,0,0,-1,1900-1959,0,,0,195,180,162,1,1226,5,,,,,,,,,0,,,,,,,,,,,,,,,,,,,,,,,,,,,,,,,,,,,,,,,,,,,,
2018,1,1,17,3,17/01/2018,B6,20409,B6,N635JB,1422,13495,1349505,33495,MSY,"New Orleans, LA",LA,22,Louisiana,72,11697,1169706,32467,FLL,"Fort Lauderdale, FL",FL,12,Florida,33,922,,,,,,0900-0959,,,,,1209,,,,,,1200-1259,1,B,0,107,,,1,674,3,,,,,,,,,0,,,,,,,,,,,,,,,,,,,,,,,,,,,,,,,,,,,,,,,,,,,,
2018,1,1,17,3,17/01/2018,B6,20409,B6,N635JB,1423,11697,1169706,32467,FLL,"Fort Lauderdale, FL",FL,12,Florida,33,13495,1349505,33495,MSY,"New Orleans, LA",LA,22,Louisiana,72,728,,,,,,0700-0759,,,,,842,,,,,,0800-0859,1,B,0,134,,,1,674,3,,,,,,,,,0,,,,,,,,,,,,,,,,,,,,,,,,,,,,,,,,,,,,,,,,,,,,
2018,1,1,17,3,17/01/2018,B6,20409,B6,N937JB,1424,12892,1289208,32575,LAX,"Los Angeles, CA",CA,6,California,91,12478,1247805,31703,JFK,"New York, NY",NY,36,New York,22,2108,2104,-4,0,0,-1,2100-2159,15,2119,537,7,520,544,24,24,1,1,0001-0559,0,,0,312,340,318,1,2475,10,0,0,24,0,0,,,,0,,,,,,,,,,,,,,,,,,,,,,,,,,,,,,,,,,,,,,,,,,,,
2018,1,1,17,3,17/01/2018,B6,20409,B6,N346JB,1426,10821,1082106,30852,BWI,"Baltimore, MD",MD,24,Maryland,35,10721,1072102,30721,BOS,"Boston, MA",MA,25,Massachusetts,13,600,,,,,,0600-0659,,,,,724,,,,,,0700-0759,1,B,0,84,,,1,369,2,,,,,,,,,0,,,,,,,,,,,,,,,,,,,,,,,,,,,,,,,,,,,,,,,,,,,,
2018,1,1,17,3,17/01/2018,B6,20409,B6,N292JB,1427,10721,1072102,30721,BOS,"Boston, MA",MA,25,Massachusetts,13,10821,1082106,30852,BWI,"Baltimore, MD",MD,24,Maryland,35,2048,2102,14,14,0,0,2000-2059,45,2147,2252,7,2218,2259,41,41,1,2,2200-2259,0,,0,90,117,65,1,369,2,14,0,27,0,0,,,,0,,,,,,,,,,,,,,,,,,,,,,,,,,,,,,,,,,,,,,,,,,,,
2018,1,1,17,3,17/01/2018,B6,20409,B6,N334JB,1431,10721,1072102,30721,BOS,"Boston, MA",MA,25,Massachusetts,13,12953,1295304,31703,LGA,"New York, NY",NY,36,New York,22,1940,1939,-1,0,0,-1,1900-1959,57,2036,2125,11,2104,2136,32,32,1,2,2100-2159,0,,0,84,117,49,1,184,1,0,0,32,0,0,,,,0,,,,,,,,,,,,,,,,,,,,,,,,,,,,,,,,,,,,,,,,,,,,
2018,1,1,17,3,17/01/2018,B6,20409,B6,N334JB,1432,12953,1295304,31703,LGA,"New York, NY",NY,36,New York,22,10721,1072102,30721,BOS,"Boston, MA",MA,25,Massachusetts,13,630,,,,,,0600-0659,,,,,743,,,,,,0700-0759,1,B,0,73,,,1,184,1,,,,,,,,,0,,,,,,,,,,,,,,,,,,,,,,,,,,,,,,,,,,,,,,,,,,,,
2018,1,1,17,3,17/01/2018,B6,20409,B6,N589JB,1435,14771,1477104,32457,SFO,"San Francisco, CA",CA,6,California,91,12954,1295406,32575,LGB,"Long Beach, CA",CA,6,California,91,1250,1310,20,20,1,1,1200-1259,11,1321,1421,4,1413,1425,12,12,0,0,1400-1459,0,,0,83,75,60,1,354,2,,,,,,,,,0,,,,,,,,,,,,,,,,,,,,,,,,,,,,,,,,,,,,,,,,,,,,
2018,1,1,17,3,17/01/2018,B6,20409,B6,N766JB,1436,12954,1295406,32575,LGB,"Long Beach, CA",CA,6,California,91,14771,1477104,32457,SFO,"San Francisco, CA",CA,6,California,91,2034,2026,-8,0,0,-1,2000-2059,13,2039,2144,11,2159,2155,-4,0,0,-1,2100-2159,0,,0,85,89,65,1,354,2,,,,,,,,,0,,,,,,,,,,,,,,,,,,,,,,,,,,,,,,,,,,,,,,,,,,,,
2018,1,1,17,3,17/01/2018,B6,20409,B6,N562JB,1443,11618,1161802,31703,EWR,"Newark, NJ",NJ,34,New Jersey,21,14027,1402702,34027,PBI,"West Palm Beach/Palm Beach, FL",FL,12,Florida,33,2100,2200,60,60,1,4,2100-2159,15,2215,51,3,2355,54,59,59,1,3,2300-2359,0,,0,175,174,156,1,1023,5,5,0,0,0,54,,,,0,,,,,,,,,,,,,,,,,,,,,,,,,,,,,,,,,,,,,,,,,,,,
2018,1,1,17,3,17/01/2018,B6,20409,B6,N580JB,1444,14027,1402702,34027,PBI,"West Palm Beach/Palm Beach, FL",FL,12,Florida,33,11618,1161802,31703,EWR,"Newark, NJ",NJ,34,New Jersey,21,1957,2044,47,47,1,3,1900-1959,9,2053,2300,7,2243,2307,24,24,1,1,2200-2259,0,,0,166,143,127,1,1023,5,0,0,0,0,24,,,,0,,,,,,,,,,,,,,,,,,,,,,,,,,,,,,,,,,,,,,,,,,,,
2018,1,1,17,3,17/01/2018,B6,20409,B6,N353JB,1445,10721,1072102,30721,BOS,"Boston, MA",MA,25,Massachusetts,13,11057,1105703,31057,CLT,"Charlotte, NC",NC,37,North Carolina,36,1443,,,,,,1400-1459,,,,,1714,,,,,,1700-1759,1,B,0,151,,,1,728,3,,,,,,,,,0,,,,,,,,,,,,,,,,,,,,,,,,,,,,,,,,,,,,,,,,,,,,
2018,1,1,17,3,17/01/2018,B6,20409,B6,N368JB,1446,11057,1105703,31057,CLT,"Charlotte, NC",NC,37,North Carolina,36,10721,1072102,30721,BOS,"Boston, MA",MA,25,Massachusetts,13,1749,2334,345,345,1,12,1700-1759,31,5,137,5,1955,142,347,347,1,12,1900-1959,0,,0,126,128,92,1,728,3,345,0,2,0,0,1916,143,143,0,,,,,,,,,,,,,,,,,,,,,,,,,,,,,,,,,,,,,,,,,,,,
2018,1,1,17,3,17/01/2018,B6,20409,B6,N236JB,1447,12197,1219702,31703,HPN,"White Plains, NY",NY,36,New York,22,15304,1530402,33195,TPA,"Tampa, FL",FL,12,Florida,33,1438,1432,-6,0,0,-1,1400-1459,19,1451,1743,7,1738,1750,12,12,0,0,1700-1759,0,,0,180,198,172,1,1032,5,,,,,,,,,0,,,,,,,,,,,,,,,,,,,,,,,,,,,,,,,,,,,,,,,,,,,,
2018,1,1,17,3,17/01/2018,B6,20409,B6,N644JB,1451,10721,1072102,30721,BOS,"Boston, MA",MA,25,Massachusetts,13,13204,1320402,31454,MCO,"Orlando, FL",FL,12,Florida,33,1707,1745,38,38,1,2,1700-1759,51,1836,2141,11,2033,2152,79,79,1,5,2000-2059,0,,0,206,247,185,1,1121,5,13,0,41,0,25,,,,0,,,,,,,,,,,,,,,,,,,,,,,,,,,,,,,,,,,,,,,,,,,,
2018,1,1,17,3,17/01/2018,B6,20409,B6,N794JB,1454,14843,1484306,34819,SJU,"San Juan, PR",PR,72,Puerto Rico,3,11697,1169706,32467,FLL,"Fort Lauderdale, FL",FL,12,Florida,33,1110,1122,12,12,0,0,1100-1159,11,1133,1255,28,1300,1323,23,23,1,1,1300-1359,0,,0,170,181,142,1,1046,5,12,0,11,0,0,,,,0,,,,,,,,,,,,,,,,,,,,,,,,,,,,,,,,,,,,,,,,,,,,
2018,1,1,17,3,17/01/2018,B6,20409,B6,N613JB,1459,10529,1052906,30529,BDL,"Hartford, CT",CT,9,Connecticut,11,11697,1169706,32467,FLL,"Fort Lauderdale, FL",FL,12,Florida,33,1710,1905,115,115,1,7,1700-1759,14,1919,2222,5,2027,2227,120,120,1,8,2000-2059,0,,0,197,202,183,1,1173,5,14,0,5,0,101,,,,0,,,,,,,,,,,,,,,,,,,,,,,,,,,,,,,,,,,,,,,,,,,,
2018,1,1,17,3,17/01/2018,B6,20409,B6,N506JB,1460,11697,1169706,32467,FLL,"Fort Lauderdale, FL",FL,12,Florida,33,10529,1052906,30529,BDL,"Hartford, CT",CT,9,Connecticut,11,700,,,,,,0700-0759,,,,,953,,,,,,0900-0959,1,B,0,173,,,1,1173,5,,,,,,,,,0,,,,,,,,,,,,,,,,,,,,,,,,,,,,,,,,,,,,,,,,,,,,
2018,1,1,17,3,17/01/2018,B6,20409,B6,N625JB,1472,11697,1169706,32467,FLL,"Fort Lauderdale, FL",FL,12,Florida,33,12953,1295304,31703,LGA,"New York, NY",NY,36,New York,22,2037,2115,38,38,1,2,2000-2059,11,2126,2337,3,2328,2340,12,12,0,0,2300-2359,0,,0,171,145,131,1,1076,5,,,,,,,,,0,,,,,,,,,,,,,,,,,,,,,,,,,,,,,,,,,,,,,,,,,,,,
2018,1,1,17,3,17/01/2018,B6,20409,B6,N579JB,1479,11278,1127805,30852,DCA,"Washington, DC",VA,51,Virginia,38,11697,1169706,32467,FLL,"Fort Lauderdale, FL",FL,12,Florida,33,2001,2022,21,21,1,1,2000-2059,19,2041,2311,7,2238,2318,40,40,1,2,2200-2259,0,,0,157,176,150,1,899,4,1,0,19,0,20,,,,0,,,,,,,,,,,,,,,,,,,,,,,,,,,,,,,,,,,,,,,,,,,,
2018,1,1,17,3,17/01/2018,B6,20409,B6,N192JB,1480,11697,1169706,32467,FLL,"Fort Lauderdale, FL",FL,12,Florida,33,11278,1127805,30852,DCA,"Washington, DC",VA,51,Virginia,38,959,951,-8,0,0,-1,0900-0959,17,1008,1155,3,1224,1158,-26,0,0,-2,1200-1259,0,,0,145,127,107,1,899,4,,,,,,,,,0,,,,,,,,,,,,,,,,,,,,,,,,,,,,,,,,,,,,,,,,,,,,
2018,1,1,17,3,17/01/2018,B6,20409,B6,N238JB,1481,10721,1072102,30721,BOS,"Boston, MA",MA,25,Massachusetts,13,14524,1452401,34524,RIC,"Richmond, VA",VA,51,Virginia,38,610,,,,,,0600-0659,,,,,805,,,,,,0800-0859,1,B,0,115,,,1,474,2,,,,,,,,,0,,,,,,,,,,,,,,,,,,,,,,,,,,,,,,,,,,,,,,,,,,,,
2018,1,1,17,3,17/01/2018,B6,20409,B6,N309JB,1482,14524,1452401,34524,RIC,"Richmond, VA",VA,51,Virginia,38,10721,1072102,30721,BOS,"Boston, MA",MA,25,Massachusetts,13,1302,,,,,,1300-1359,,,,,1432,,,,,,1400-1459,1,B,0,90,,,1,474,2,,,,,,,,,0,,,,,,,,,,,,,,,,,,,,,,,,,,,,,,,,,,,,,,,,,,,,
2018,1,1,17,3,17/01/2018,B6,20409,B6,N353JB,1485,10721,1072102,30721,BOS,"Boston, MA",MA,25,Massachusetts,13,14122,1412202,30198,PIT,"Pittsburgh, PA",PA,42,Pennsylvania,23,950,,,,,,0900-0959,,,,,1145,,,,,,1100-1159,1,B,0,115,,,1,496,2,,,,,,,,,0,,,,,,,,,,,,,,,,,,,,,,,,,,,,,,,,,,,,,,,,,,,,
2018,1,1,17,3,17/01/2018,B6,20409,B6,N353JB,1486,14122,1412202,30198,PIT,"Pittsburgh, PA",PA,42,Pennsylvania,23,10721,1072102,30721,BOS,"Boston, MA",MA,25,Massachusetts,13,1220,,,,,,1200-1259,,,,,1355,,,,,,1300-1359,1,B,0,95,,,1,496,2,,,,,,,,,0,,,,,,,,,,,,,,,,,,,,,,,,,,,,,,,,,,,,,,,,,,,,
2018,1,1,17,3,17/01/2018,B6,20409,B6,N294JB,1494,13204,1320402,31454,MCO,"Orlando, FL",FL,12,Florida,33,12197,1219702,31703,HPN,"White Plains, NY",NY,36,New York,22,1055,1106,11,11,0,0,1000-1059,12,1118,1317,3,1337,1320,-17,0,0,-2,1300-1359,0,,0,162,134,119,1,972,4,,,,,,,,,0,,,,,,,,,,,,,,,,,,,,,,,,,,,,,,,,,,,,,,,,,,,,
2018,1,1,17,3,17/01/2018,B6,20409,B6,N958JB,1502,11697,1169706,32467,FLL,"Fort Lauderdale, FL",FL,12,Florida,33,12478,1247805,31703,JFK,"New York, NY",NY,36,New York,22,600,555,-5,0,0,-1,0600-0659,18,613,815,5,848,820,-28,0,0,-2,0800-0859,0,,0,168,145,122,1,1069,5,,,,,,,,,0,,,,,,,,,,,,,,,,,,,,,,,,,,,,,,,,,,,,,,,,,,,,
2018,1,1,17,3,17/01/2018,B6,20409,B6,N966JB,1503,12478,1247805,31703,JFK,"New York, NY",NY,36,New York,22,14843,1484306,34819,SJU,"San Juan, PR",PR,72,Puerto Rico,3,2359,2352,-7,0,0,-1,2300-2359,12,4,429,5,443,434,-9,0,0,-1,0001-0559,0,,0,224,222,205,1,1598,7,,,,,,,,,0,,,,,,,,,,,,,,,,,,,,,,,,,,,,,,,,,,,,,,,,,,,,
2018,1,1,17,3,17/01/2018,B6,20409,B6,N970JB,1504,14843,1484306,34819,SJU,"San Juan, PR",PR,72,Puerto Rico,3,12478,1247805,31703,JFK,"New York, NY",NY,36,New York,22,700,650,-10,0,0,-1,0700-0759,11,701,925,10,1002,935,-27,0,0,-2,1000-1059,0,,0,242,225,204,1,1598,7,,,,,,,,,0,,,,,,,,,,,,,,,,,,,,,,,,,,,,,,,,,,,,,,,,,,,,
2018,1,1,17,3,17/01/2018,B6,20409,B6,N807JB,1505,11618,1161802,31703,EWR,"Newark, NJ",NJ,34,New Jersey,21,11697,1169706,32467,FLL,"Fort Lauderdale, FL",FL,12,Florida,33,600,556,-4,0,0,-1,0600-0659,10,606,852,5,904,857,-7,0,0,-1,0900-0959,0,,0,184,181,166,1,1065,5,,,,,,,,,0,,,,,,,,,,,,,,,,,,,,,,,,,,,,,,,,,,,,,,,,,,,,
2018,1,1,17,3,17/01/2018,B6,20409,B6,N267JB,1507,12478,1247805,31703,JFK,"New York, NY",NY,36,New York,22,12264,1226402,30852,IAD,"Washington, DC",VA,51,Virginia,38,2155,2147,-8,0,0,-1,2100-2159,15,2202,2250,6,2312,2256,-16,0,0,-2,2300-2359,0,,0,77,69,48,1,228,1,,,,,,,,,0,,,,,,,,,,,,,,,,,,,,,,,,,,,,,,,,,,,,,,,,,,,,
2018,1,1,17,3,17/01/2018,B6,20409,B6,N663JB,1511,11618,1161802,31703,EWR,"Newark, NJ",NJ,34,New Jersey,21,14635,1463502,31714,RSW,"Fort Myers, FL",FL,12,Florida,33,1746,1957,131,131,1,8,1700-1759,17,2014,2254,3,2101,2257,116,116,1,7,2100-2159,0,,0,195,180,160,1,1068,5,113,0,0,0,3,,,,0,,,,,,,,,,,,,,,,,,,,,,,,,,,,,,,,,,,,,,,,,,,,
2018,1,1,17,3,17/01/2018,B6,20409,B6,N663JB,1512,14635,1463502,31714,RSW,"Fort Myers, FL",FL,12,Florida,33,11618,1161802,31703,EWR,"Newark, NJ",NJ,34,New Jersey,21,2141,2333,112,112,1,7,2100-2159,15,2348,151,7,26,158,92,92,1,6,0001-0559,0,,0,165,145,123,1,1068,5,0,0,0,0,92,,,,0,,,,,,,,,,,,,,,,,,,,,,,,,,,,,,,,,,,,,,,,,,,,
2018,1,1,17,3,17/01/2018,B6,20409,B6,N947JB,1516,14771,1477104,32457,SFO,"San Francisco, CA",CA,6,California,91,12478,1247805,31703,JFK,"New York, NY",NY,36,New York,22,2350,2353,3,3,0,0,2300-2359,13,6,815,10,815,825,10,10,0,0,0800-0859,0,,0,325,332,309,1,2586,11,,,,,,,,,0,,,,,,,,,,,,,,,,,,,,,,,,,,,,,,,,,,,,,,,,,,,,
2018,1,1,17,3,17/01/2018,B6,20409,B6,N766JB,1521,14057,1405702,34057,PDX,"Portland, OR",OR,41,Oregon,92,12954,1295406,32575,LGB,"Long Beach, CA",CA,6,California,91,1332,1322,-10,0,0,-1,1300-1359,13,1335,1531,5,1549,1536,-13,0,0,-1,1500-1559,0,,0,137,134,116,1,846,4,,,,,,,,,0,,,,,,,,,,,,,,,,,,,,,,,,,,,,,,,,,,,,,,,,,,,,
2018,1,1,17,3,17/01/2018,B6,20409,B6,N766JB,1522,12954,1295406,32575,LGB,"Long Beach, CA",CA,6,California,91,14057,1405702,34057,PDX,"Portland, OR",OR,41,Oregon,92,1024,1016,-8,0,0,-1,1000-1059,14,1030,1230,4,1248,1234,-14,0,0,-1,1200-1259,0,,0,144,138,120,1,846,4,,,,,,,,,0,,,,,,,,,,,,,,,,,,,,,,,,,,,,,,,,,,,,,,,,,,,,
2018,1,1,17,3,17/01/2018,B6,20409,B6,N934JB,1523,12478,1247805,31703,JFK,"New York, NY",NY,36,New York,22,12892,1289208,32575,LAX,"Los Angeles, CA",CA,6,California,91,1635,1656,21,21,1,1,1600-1659,26,1722,1927,11,2004,1938,-26,0,0,-2,2000-2059,0,,0,389,342,305,1,2475,10,,,,,,,,,0,,,,,,,,,,,,,,,,,,,,,,,,,,,,,,,,,,,,,,,,,,,,
2018,1,1,17,3,17/01/2018,B6,20409,B6,N292JB,1526,10821,1082106,30852,BWI,"Baltimore, MD",MD,24,Maryland,35,10721,1072102,30721,BOS,"Boston, MA",MA,25,Massachusetts,13,1554,1703,69,69,1,4,1500-1559,25,1728,1821,8,1716,1829,73,73,1,4,1700-1759,0,,0,82,86,53,1,369,2,0,0,64,0,9,,,,0,,,,,,,,,,,,,,,,,,,,,,,,,,,,,,,,,,,,,,,,,,,,
2018,1,1,17,3,17/01/2018,B6,20409,B6,N562JB,1527,11618,1161802,31703,EWR,"Newark, NJ",NJ,34,New Jersey,21,13204,1320402,31454,MCO,"Orlando, FL",FL,12,Florida,33,1332,1332,0,0,0,0,1300-1359,31,1403,1643,8,1624,1651,27,27,1,1,1600-1659,0,,0,172,199,160,1,937,4,0,0,27,0,0,,,,0,,,,,,,,,,,,,,,,,,,,,,,,,,,,,,,,,,,,,,,,,,,,
2018,1,1,17,3,17/01/2018,B6,20409,B6,N595JB,1534,15304,1530402,33195,TPA,"Tampa, FL",FL,12,Florida,33,10529,1052906,30529,BDL,"Hartford, CT",CT,9,Connecticut,11,1748,1819,31,31,1,2,1700-1759,11,1830,2033,5,2030,2038,8,8,0,0,2000-2059,0,,0,162,139,123,1,1111,5,,,,,,,,,0,,,,,,,,,,,,,,,,,,,,,,,,,,,,,,,,,,,,,,,,,,,,
2018,1,1,17,3,17/01/2018,B6,20409,B6,N605JB,1567,12197,1219702,31703,HPN,"White Plains, NY",NY,36,New York,22,14027,1402702,34027,PBI,"West Palm Beach/Palm Beach, FL",FL,12,Florida,33,1130,1155,25,25,1,1,1100-1159,29,1224,1528,5,1431,1533,62,62,1,4,1400-1459,0,,0,181,218,184,1,1056,5,25,0,37,0,0,,,,0,,,,,,,,,,,,,,,,,,,,,,,,,,,,,,,,,,,,,,,,,,,,
2018,1,1,17,3,17/01/2018,B6,20409,B6,N652JB,1572,11697,1169706,32467,FLL,"Fort Lauderdale, FL",FL,12,Florida,33,12953,1295304,31703,LGA,"New York, NY",NY,36,New York,22,1110,1204,54,54,1,3,1100-1159,31,1235,1453,3,1408,1456,48,48,1,3,1400-1459,0,,0,178,172,138,1,1076,5,0,0,48,0,0,,,,0,,,,,,,,,,,,,,,,,,,,,,,,,,,,,,,,,,,,,,,,,,,,
2018,1,1,17,3,17/01/2018,B6,20409,B6,N266JB,1579,11278,1127805,30852,DCA,"Washington, DC",VA,51,Virginia,38,11697,1169706,32467,FLL,"Fort Lauderdale, FL",FL,12,Florida,33,1020,1055,35,35,1,2,1000-1059,17,1112,1338,13,1307,1351,44,44,1,2,1300-1359,0,,0,167,176,146,1,899,4,14,0,9,0,21,,,,0,,,,,,,,,,,,,,,,,,,,,,,,,,,,,,,,,,,,,,,,,,,,
2018,1,1,17,3,17/01/2018,B6,20409,B6,N579JB,1580,11697,1169706,32467,FLL,"Fort Lauderdale, FL",FL,12,Florida,33,11278,1127805,30852,DCA,"Washington, DC",VA,51,Virginia,38,1646,1735,49,49,1,3,1600-1659,16,1751,1938,3,1921,1941,20,20,1,1,1900-1959,0,,0,155,126,107,1,899,4,9,0,0,0,11,,,,0,,,,,,,,,,,,,,,,,,,,,,,,,,,,,,,,,,,,,,,,,,,,
2018,1,1,17,3,17/01/2018,B6,20409,B6,N304JB,1581,11278,1127805,30852,DCA,"Washington, DC",VA,51,Virginia,38,14635,1463502,31714,RSW,"Fort Myers, FL",FL,12,Florida,33,825,817,-8,0,0,-1,0800-0859,47,904,1142,6,1106,1148,42,42,1,2,1100-1159,0,,0,161,211,158,1,892,4,0,0,42,0,0,,,,0,,,,,,,,,,,,,,,,,,,,,,,,,,,,,,,,,,,,,,,,,,,,
2018,1,1,17,3,17/01/2018,B6,20409,B6,N304JB,1582,14635,1463502,31714,RSW,"Fort Myers, FL",FL,12,Florida,33,11278,1127805,30852,DCA,"Washington, DC",VA,51,Virginia,38,1141,1248,67,67,1,4,1100-1159,9,1257,1438,3,1358,1441,43,43,1,2,1300-1359,0,,0,137,113,101,1,892,4,19,0,0,0,24,,,,0,,,,,,,,,,,,,,,,,,,,,,,,,,,,,,,,,,,,,,,,,,,,
2018,1,1,17,3,17/01/2018,B6,20409,B6,N374JB,1583,10721,1072102,30721,BOS,"Boston, MA",MA,25,Massachusetts,13,14492,1449202,34492,RDU,"Raleigh/Durham, NC",NC,37,North Carolina,36,2112,2315,123,123,1,8,2100-2159,16,2331,117,9,2317,126,129,129,1,8,2300-2359,0,,0,125,131,106,1,612,3,77,0,6,0,46,,,,0,,,,,,,,,,,,,,,,,,,,,,,,,,,,,,,,,,,,,,,,,,,,
2018,1,1,17,3,17/01/2018,B6,20409,B6,N274JB,1585,10721,1072102,30721,BOS,"Boston, MA",MA,25,Massachusetts,13,14122,1412202,30198,PIT,"Pittsburgh, PA",PA,42,Pennsylvania,23,1224,,,,,,1200-1259,,,,,1417,,,,,,1400-1459,1,B,0,113,,,1,496,2,,,,,,,,,0,,,,,,,,,,,,,,,,,,,,,,,,,,,,,,,,,,,,,,,,,,,,
2018,1,1,17,3,17/01/2018,B6,20409,B6,N623JB,1586,13204,1320402,31454,MCO,"Orlando, FL",FL,12,Florida,33,10792,1079206,30792,BUF,"Buffalo, NY",NY,36,New York,22,1330,1356,26,26,1,1,1300-1359,17,1413,1618,3,1608,1621,13,13,0,0,1600-1659,0,,0,158,145,125,1,1011,5,,,,,,,,,0,,,,,,,,,,,,,,,,,,,,,,,,,,,,,,,,,,,,,,,,,,,,
2018,1,1,17,3,17/01/2018,B6,20409,B6,N661JB,1590,11697,1169706,32467,FLL,"Fort Lauderdale, FL",FL,12,Florida,33,11433,1143302,31295,DTW,"Detroit, MI",MI,26,Michigan,43,2021,2232,131,131,1,8,2000-2059,21,2253,120,7,2324,127,123,123,1,8,2300-2359,0,,0,183,175,147,1,1127,5,64,0,0,0,59,,,,0,,,,,,,,,,,,,,,,,,,,,,,,,,,,,,,,,,,,,,,,,,,,
2018,1,1,17,3,17/01/2018,B6,20409,B6,N972JB,1602,11697,1169706,32467,FLL,"Fort Lauderdale, FL",FL,12,Florida,33,12478,1247805,31703,JFK,"New York, NY",NY,36,New York,22,1858,1930,32,32,1,2,1800-1859,15,1945,2151,3,2150,2154,4,4,0,0,2100-2159,0,,0,172,144,126,1,1069,5,,,,,,,,,0,,,,,,,,,,,,,,,,,,,,,,,,,,,,,,,,,,,,,,,,,,,,
2018,1,1,17,3,17/01/2018,B6,20409,B6,N962JB,1611,12478,1247805,31703,JFK,"New York, NY",NY,36,New York,22,12889,1288903,32211,LAS,"Las Vegas, NV",NV,32,Nevada,85,730,724,-6,0,0,-1,0700-0759,21,745,928,11,1027,939,-48,0,0,-2,1000-1059,0,,0,357,315,283,1,2248,9,,,,,,,,,0,,,,,,,,,,,,,,,,,,,,,,,,,,,,,,,,,,,,,,,,,,,,
2018,1,1,17,3,17/01/2018,B6,20409,B6,N281JB,1615,10721,1072102,30721,BOS,"Boston, MA",MA,25,Massachusetts,13,10792,1079206,30792,BUF,"Buffalo, NY",NY,36,New York,22,2054,2218,84,84,1,5,2000-2059,42,2300,2,3,2229,5,96,96,1,6,2200-2259,0,,0,95,107,62,1,395,2,21,0,12,0,63,,,,0,,,,,,,,,,,,,,,,,,,,,,,,,,,,,,,,,,,,,,,,,,,,
2018,1,1,17,3,17/01/2018,B6,20409,B6,N281JB,1616,10792,1079206,30792,BUF,"Buffalo, NY",NY,36,New York,22,10721,1072102,30721,BOS,"Boston, MA",MA,25,Massachusetts,13,1842,1935,53,53,1,3,1800-1859,40,2015,2117,10,2006,2127,81,81,1,5,2000-2059,0,,0,84,112,62,1,395,2,0,0,81,0,0,,,,0,,,,,,,,,,,,,,,,,,,,,,,,,,,,,,,,,,,,,,,,,,,,
2018,1,1,17,3,17/01/2018,B6,20409,B6,N978JB,1623,12478,1247805,31703,JFK,"New York, NY",NY,36,New York,22,12892,1289208,32575,LAX,"Los Angeles, CA",CA,6,California,91,1910,1905,-5,0,0,-1,1900-1959,14,1919,2117,8,2244,2125,-79,0,0,-2,2200-2259,0,,0,394,320,298,1,2475,10,,,,,,,,,0,,,,,,,,,,,,,,,,,,,,,,,,,,,,,,,,,,,,,,,,,,,,
2018,1,1,17,3,17/01/2018,B6,20409,B6,N709JB,1625,14831,1483106,32457,SJC,"San Jose, CA",CA,6,California,91,12954,1295406,32575,LGB,"Long Beach, CA",CA,6,California,91,1310,1300,-10,0,0,-1,1300-1359,13,1313,1406,3,1425,1409,-16,0,0,-2,1400-1459,0,,0,75,69,53,1,324,2,,,,,,,,,0,,,,,,,,,,,,,,,,,,,,,,,,,,,,,,,,,,,,,,,,,,,,
2018,1,1,17,3,17/01/2018,B6,20409,B6,N709JB,1626,12954,1295406,32575,LGB,"Long Beach, CA",CA,6,California,91,14831,1483106,32457,SJC,"San Jose, CA",CA,6,California,91,1112,1104,-8,0,0,-1,1100-1159,14,1118,1212,3,1230,1215,-15,0,0,-1,1200-1259,0,,0,78,71,54,1,324,2,,,,,,,,,0,,,,,,,,,,,,,,,,,,,,,,,,,,,,,,,,,,,,,,,,,,,,
2018,1,1,17,3,17/01/2018,B6,20409,B6,N583JB,1631,14869,1486903,34614,SLC,"Salt Lake City, UT",UT,49,Utah,87,12954,1295406,32575,LGB,"Long Beach, CA",CA,6,California,91,1407,1404,-3,0,0,-1,1400-1459,13,1417,1438,7,1501,1445,-16,0,0,-2,1500-1559,0,,0,114,101,81,1,588,3,,,,,,,,,0,,,,,,,,,,,,,,,,,,,,,,,,,,,,,,,,,,,,,,,,,,,,
2018,1,1,17,3,17/01/2018,B6,20409,B6,N583JB,1632,12954,1295406,32575,LGB,"Long Beach, CA",CA,6,California,91,14869,1486903,34614,SLC,"Salt Lake City, UT",UT,49,Utah,87,1044,1031,-13,0,0,-1,1000-1059,10,1041,1312,2,1327,1314,-13,0,0,-1,1300-1359,0,,0,103,103,91,1,588,3,,,,,,,,,0,,,,,,,,,,,,,,,,,,,,,,,,,,,,,,,,,,,,,,,,,,,,
2018,1,1,17,3,17/01/2018,B6,20409,B6,N265JB,1633,10785,1078502,30785,BTV,"Burlington, VT",VT,50,Vermont,16,12478,1247805,31703,JFK,"New York, NY",NY,36,New York,22,1056,1124,28,28,1,1,1000-1059,11,1135,1232,6,1218,1238,20,20,1,1,1200-1259,0,,0,82,74,57,1,266,2,9,0,0,0,11,,,,0,,,,,,,,,,,,,,,,,,,,,,,,,,,,,,,,,,,,,,,,,,,,
2018,1,1,17,3,17/01/2018,B6,20409,B6,N265JB,1634,12478,1247805,31703,JFK,"New York, NY",NY,36,New York,22,10785,1078502,30785,BTV,"Burlington, VT",VT,50,Vermont,16,858,857,-1,0,0,-1,0800-0859,34,931,1037,5,1021,1042,21,21,1,1,1000-1059,0,,0,83,105,66,1,266,2,0,0,21,0,0,,,,0,,,,,,,,,,,,,,,,,,,,,,,,,,,,,,,,,,,,,,,,,,,,
2018,1,1,17,3,17/01/2018,B6,20409,B6,N583JB,1635,14771,1477104,32457,SFO,"San Francisco, CA",CA,6,California,91,12954,1295406,32575,LGB,"Long Beach, CA",CA,6,California,91,1756,1748,-8,0,0,-1,1700-1759,13,1801,1902,5,1916,1907,-9,0,0,-1,1900-1959,0,,0,80,79,61,1,354,2,,,,,,,,,0,,,,,,,,,,,,,,,,,,,,,,,,,,,,,,,,,,,,,,,,,,,,
2018,1,1,17,3,17/01/2018,B6,20409,B6,N505JB,1667,10721,1072102,30721,BOS,"Boston, MA",MA,25,Massachusetts,13,10994,1099402,30994,CHS,"Charleston, SC",SC,45,South Carolina,37,919,910,-9,0,0,-1,0900-0959,62,1012,1232,8,1200,1240,40,40,1,2,1200-1259,0,,0,161,210,140,1,818,4,0,0,40,0,0,,,,0,,,,,,,,,,,,,,,,,,,,,,,,,,,,,,,,,,,,,,,,,,,,
2018,1,1,17,3,17/01/2018,B6,20409,B6,N505JB,1668,10994,1099402,30994,CHS,"Charleston, SC",SC,45,South Carolina,37,10721,1072102,30721,BOS,"Boston, MA",MA,25,Massachusetts,13,1240,1344,64,64,1,4,1200-1259,10,1354,1536,7,1452,1543,51,51,1,3,1400-1459,0,,0,132,119,102,1,818,4,19,0,0,0,32,,,,0,,,,,,,,,,,,,,,,,,,,,,,,,,,,,,,,,,,,,,,,,,,,
2018,1,1,17,3,17/01/2018,B6,20409,B6,N193JB,1677,12478,1247805,31703,JFK,"New York, NY",NY,36,New York,22,12451,1245102,31136,JAX,"Jacksonville, FL",FL,12,Florida,33,2030,2028,-2,0,0,-1,2000-2059,26,2054,2308,5,2311,2313,2,2,0,0,2300-2359,0,,0,161,165,134,1,828,4,,,,,,,,,0,,,,,,,,,,,,,,,,,,,,,,,,,,,,,,,,,,,,,,,,,,,,
2018,1,1,17,3,17/01/2018,B6,20409,B6,N231JB,1678,12451,1245102,31136,JAX,"Jacksonville, FL",FL,12,Florida,33,12478,1247805,31703,JFK,"New York, NY",NY,36,New York,22,545,538,-7,0,0,-1,0001-0559,13,551,726,4,757,730,-27,0,0,-2,0700-0759,0,,0,132,112,95,1,828,4,,,,,,,,,0,,,,,,,,,,,,,,,,,,,,,,,,,,,,,,,,,,,,,,,,,,,,
2018,1,1,17,3,17/01/2018,B6,20409,B6,N266JB,1680,11697,1169706,32467,FLL,"Fort Lauderdale, FL",FL,12,Florida,33,11278,1127805,30852,DCA,"Washington, DC",VA,51,Virginia,38,720,802,42,42,1,2,0700-0759,17,819,1006,5,945,1011,26,26,1,1,0900-0959,0,,0,145,129,107,1,899,4,26,0,0,0,0,,,,0,,,,,,,,,,,,,,,,,,,,,,,,,,,,,,,,,,,,,,,,,,,,
2018,1,1,17,3,17/01/2018,B6,20409,B6,N283JB,1685,10721,1072102,30721,BOS,"Boston, MA",MA,25,Massachusetts,13,14122,1412202,30198,PIT,"Pittsburgh, PA",PA,42,Pennsylvania,23,1454,1539,45,45,1,3,1400-1459,31,1610,1729,7,1645,1736,51,51,1,3,1600-1659,0,,0,111,117,79,1,496,2,20,0,6,0,25,,,,0,,,,,,,,,,,,,,,,,,,,,,,,,,,,,,,,,,,,,,,,,,,,
2018,1,1,17,3,17/01/2018,B6,20409,B6,N283JB,1686,14122,1412202,30198,PIT,"Pittsburgh, PA",PA,42,Pennsylvania,23,10721,1072102,30721,BOS,"Boston, MA",MA,25,Massachusetts,13,1720,1816,56,56,1,3,1700-1759,16,1832,1950,6,1857,1956,59,59,1,3,1800-1859,0,,0,97,100,78,1,496,2,0,0,13,0,46,,,,0,,,,,,,,,,,,,,,,,,,,,,,,,,,,,,,,,,,,,,,,,,,,
2018,1,1,17,3,17/01/2018,B6,20409,B6,N294JB,1694,13204,1320402,31454,MCO,"Orlando, FL",FL,12,Florida,33,12197,1219702,31703,HPN,"White Plains, NY",NY,36,New York,22,1741,1801,20,20,1,1,1700-1759,12,1813,2009,4,2017,2013,-4,0,0,-1,2000-2059,0,,0,156,132,116,1,972,4,,,,,,,,,0,,,,,,,,,,,,,,,,,,,,,,,,,,,,,,,,,,,,,,,,,,,,
2018,1,1,17,3,17/01/2018,B6,20409,B6,N903JB,1701,12478,1247805,31703,JFK,"New York, NY",NY,36,New York,22,11697,1169706,32467,FLL,"Fort Lauderdale, FL",FL,12,Florida,33,805,801,-4,0,0,-1,0800-0859,22,823,1111,11,1119,1122,3,3,0,0,1100-1159,0,,0,194,201,168,1,1069,5,,,,,,,,,0,,,,,,,,,,,,,,,,,,,,,,,,,,,,,,,,,,,,,,,,,,,,
2018,1,1,17,3,17/01/2018,B6,20409,B6,N984JB,1715,12478,1247805,31703,JFK,"New York, NY",NY,36,New York,22,14771,1477104,32457,SFO,"San Francisco, CA",CA,6,California,91,2140,2135,-5,0,0,-1,2100-2159,16,2151,20,6,122,26,-56,0,0,-2,0001-0559,0,,0,402,351,329,1,2586,11,,,,,,,,,0,,,,,,,,,,,,,,,,,,,,,,,,,,,,,,,,,,,,,,,,,,,,
2018,1,1,17,3,17/01/2018,B6,20409,B6,N944JB,1723,12478,1247805,31703,JFK,"New York, NY",NY,36,New York,22,12892,1289208,32575,LAX,"Los Angeles, CA",CA,6,California,91,2135,2134,-1,0,0,-1,2100-2159,23,2157,2359,10,102,9,-53,0,0,-2,0001-0559,0,,0,387,335,302,1,2475,10,,,,,,,,,0,,,,,,,,,,,,,,,,,,,,,,,,,,,,,,,,,,,,,,,,,,,,
2018,1,1,17,3,17/01/2018,B6,20409,B6,N630JB,1729,12478,1247805,31703,JFK,"New York, NY",NY,36,New York,22,14635,1463502,31714,RSW,"Fort Myers, FL",FL,12,Florida,33,1457,1450,-7,0,0,-1,1400-1459,35,1525,1819,6,1821,1825,4,4,0,0,1800-1859,0,,0,204,215,174,1,1074,5,,,,,,,,,0,,,,,,,,,,,,,,,,,,,,,,,,,,,,,,,,,,,,,,,,,,,,
2018,1,1,17,3,17/01/2018,B6,20409,B6,N630JB,1730,14635,1463502,31714,RSW,"Fort Myers, FL",FL,12,Florida,33,12478,1247805,31703,JFK,"New York, NY",NY,36,New York,22,1904,1910,6,6,0,0,1900-1959,10,1920,2123,2,2148,2125,-23,0,0,-2,2100-2159,0,,0,164,135,123,1,1074,5,,,,,,,,,0,,,,,,,,,,,,,,,,,,,,,,,,,,,,,,,,,,,,,,,,,,,,
2018,1,1,17,3,17/01/2018,B6,20409,B6,N307JB,1734,14027,1402702,34027,PBI,"West Palm Beach/Palm Beach, FL",FL,12,Florida,33,11278,1127805,30852,DCA,"Washington, DC",VA,51,Virginia,38,1257,1413,76,76,1,5,1200-1259,15,1428,1610,4,1516,1614,58,58,1,3,1500-1559,0,,0,139,121,102,1,857,4,12,0,0,0,46,,,,0,,,,,,,,,,,,,,,,,,,,,,,,,,,,,,,,,,,,,,,,,,,,
2018,1,1,17,3,17/01/2018,B6,20409,B6,N348JB,1737,15096,1509602,35096,SYR,"Syracuse, NY",NY,36,New York,22,11697,1169706,32467,FLL,"Fort Lauderdale, FL",FL,12,Florida,33,820,816,-4,0,0,-1,0800-0859,28,844,1149,6,1201,1155,-6,0,0,-1,1200-1259,0,,0,221,219,185,1,1197,5,,,,,,,,,0,,,,,,,,,,,,,,,,,,,,,,,,,,,,,,,,,,,,,,,,,,,,
2018,1,1,17,3,17/01/2018,B6,20409,B6,N328JB,1738,11697,1169706,32467,FLL,"Fort Lauderdale, FL",FL,12,Florida,33,15096,1509602,35096,SYR,"Syracuse, NY",NY,36,New York,22,1900,1844,-16,0,0,-2,1900-1959,11,1855,2118,4,2202,2122,-40,0,0,-2,2200-2259,0,,0,182,158,143,1,1197,5,,,,,,,,,0,,,,,,,,,,,,,,,,,,,,,,,,,,,,,,,,,,,,,,,,,,,,
2018,1,1,17,3,17/01/2018,B6,20409,B6,N317JB,1776,14100,1410005,34100,PHL,"Philadelphia, PA",PA,42,Pennsylvania,23,10721,1072102,30721,BOS,"Boston, MA",MA,25,Massachusetts,13,900,,,,,,0900-0959,,,,,1022,,,,,,1000-1059,1,B,0,82,,,1,280,2,,,,,,,,,0,,,,,,,,,,,,,,,,,,,,,,,,,,,,,,,,,,,,,,,,,,,,
2018,1,1,17,3,17/01/2018,B6,20409,B6,N796JB,1785,10721,1072102,30721,BOS,"Boston, MA",MA,25,Massachusetts,13,14122,1412202,30198,PIT,"Pittsburgh, PA",PA,42,Pennsylvania,23,2127,2147,20,20,1,1,2100-2159,51,2238,2353,6,2317,2359,42,42,1,2,2300-2359,0,,0,110,132,75,1,496,2,20,0,22,0,0,,,,0,,,,,,,,,,,,,,,,,,,,,,,,,,,,,,,,,,,,,,,,,,,,
2018,1,1,17,3,17/01/2018,B6,20409,B6,N197JB,1786,14122,1412202,30198,PIT,"Pittsburgh, PA",PA,42,Pennsylvania,23,10721,1072102,30721,BOS,"Boston, MA",MA,25,Massachusetts,13,1452,1447,-5,0,0,-1,1400-1459,28,1515,1638,7,1628,1645,17,17,1,1,1600-1659,0,,0,96,118,83,1,496,2,0,0,17,0,0,,,,0,,,,,,,,,,,,,,,,,,,,,,,,,,,,,,,,,,,,,,,,,,,,
2018,1,1,17,3,17/01/2018,B6,20409,B6,N354JB,1790,11278,1127805,30852,DCA,"Washington, DC",VA,51,Virginia,38,10721,1072102,30721,BOS,"Boston, MA",MA,25,Massachusetts,13,2004,,,,,,2000-2059,,,,,2135,,,,,,2100-2159,1,B,0,91,,,1,399,2,,,,,,,,,0,,,,,,,,,,,,,,,,,,,,,,,,,,,,,,,,,,,,,,,,,,,,
2018,1,1,17,3,17/01/2018,B6,20409,B6,N972JB,1801,12478,1247805,31703,JFK,"New York, NY",NY,36,New York,22,11697,1169706,32467,FLL,"Fort Lauderdale, FL",FL,12,Florida,33,1443,1437,-6,0,0,-1,1400-1459,46,1523,1808,8,1758,1816,18,18,1,1,1700-1759,0,,0,195,219,165,1,1069,5,0,0,18,0,0,,,,0,,,,,,,,,,,,,,,,,,,,,,,,,,,,,,,,,,,,,,,,,,,,
2018,1,1,17,3,17/01/2018,B6,20409,B6,N633JB,1806,10693,1069302,30693,BNA,"Nashville, TN",TN,47,Tennessee,54,10721,1072102,30721,BOS,"Boston, MA",MA,25,Massachusetts,13,1009,,,,,,1000-1059,,,,,1334,,,,,,1300-1359,1,B,0,145,,,1,942,4,,,,,,,,,0,,,,,,,,,,,,,,,,,,,,,,,,,,,,,,,,,,,,,,,,,,,,
2018,1,1,17,3,17/01/2018,B6,20409,B6,N633JB,1807,10721,1072102,30721,BOS,"Boston, MA",MA,25,Massachusetts,13,10693,1069302,30693,BNA,"Nashville, TN",TN,47,Tennessee,54,726,,,,,,0700-0759,,,,,926,,,,,,0900-0959,1,B,0,180,,,1,942,4,,,,,,,,,0,,,,,,,,,,,,,,,,,,,,,,,,,,,,,,,,,,,,,,,,,,,,
2018,1,1,17,3,17/01/2018,B6,20409,B6,N323JB,1808,12264,1226402,30852,IAD,"Washington, DC",VA,51,Virginia,38,12478,1247805,31703,JFK,"New York, NY",NY,36,New York,22,1930,1922,-8,0,0,-1,1900-1959,40,2002,2052,6,2100,2058,-2,0,0,-1,2100-2159,0,,0,90,96,50,1,228,1,,,,,,,,,0,,,,,,,,,,,,,,,,,,,,,,,,,,,,,,,,,,,,,,,,,,,,
2018,1,1,17,3,17/01/2018,B6,20409,B6,N267JB,1815,15096,1509602,35096,SYR,"Syracuse, NY",NY,36,New York,22,12478,1247805,31703,JFK,"New York, NY",NY,36,New York,22,1835,1826,-9,0,0,-1,1800-1859,11,1837,1926,4,2000,1930,-30,0,0,-2,2000-2059,0,,0,85,64,49,1,209,1,,,,,,,,,0,,,,,,,,,,,,,,,,,,,,,,,,,,,,,,,,,,,,,,,,,,,,
2018,1,1,17,3,17/01/2018,B6,20409,B6,N284JB,1816,12478,1247805,31703,JFK,"New York, NY",NY,36,New York,22,15096,1509602,35096,SYR,"Syracuse, NY",NY,36,New York,22,2250,2241,-9,0,0,-1,2200-2259,15,2256,2336,7,3,2343,-20,0,0,-2,0001-0559,0,,0,73,62,40,1,209,1,,,,,,,,,0,,,,,,,,,,,,,,,,,,,,,,,,,,,,,,,,,,,,,,,,,,,,
2018,1,1,17,3,17/01/2018,B6,20409,B6,N629JB,1822,12954,1295406,32575,LGB,"Long Beach, CA",CA,6,California,91,14057,1405702,34057,PDX,"Portland, OR",OR,41,Oregon,92,1947,1940,-7,0,0,-1,1900-1959,10,1950,2148,6,2208,2154,-14,0,0,-1,2200-2259,0,,0,141,134,118,1,846,4,,,,,,,,,0,,,,,,,,,,,,,,,,,,,,,,,,,,,,,,,,,,,,,,,,,,,,
2018,1,1,17,3,17/01/2018,B6,20409,B6,N942JB,1823,12478,1247805,31703,JFK,"New York, NY",NY,36,New York,22,12892,1289208,32575,LAX,"Los Angeles, CA",CA,6,California,91,2259,2307,8,8,0,0,2200-2259,16,2323,132,11,221,143,-38,0,0,-2,0001-0559,0,,0,382,336,309,1,2475,10,,,,,,,,,0,,,,,,,,,,,,,,,,,,,,,,,,,,,,,,,,,,,,,,,,,,,,
2018,1,1,17,3,17/01/2018,B6,20409,B6,N961JB,1833,10721,1072102,30721,BOS,"Boston, MA",MA,25,Massachusetts,13,14771,1477104,32457,SFO,"San Francisco, CA",CA,6,California,91,1040,1045,5,5,0,0,1000-1059,54,1139,1422,14,1440,1436,-4,0,0,-1,1400-1459,0,,0,420,411,343,1,2704,11,,,,,,,,,0,,,,,,,,,,,,,,,,,,,,,,,,,,,,,,,,,,,,,,,,,,,,
2018,1,1,17,3,17/01/2018,B6,20409,B6,N368JB,1836,11433,1143302,31295,DTW,"Detroit, MI",MI,26,Michigan,43,10721,1072102,30721,BOS,"Boston, MA",MA,25,Massachusetts,13,600,555,-5,0,0,-1,0600-0659,24,619,746,7,754,753,-1,0,0,-1,0700-0759,0,,0,114,118,87,1,632,3,,,,,,,,,0,,,,,,,,,,,,,,,,,,,,,,,,,,,,,,,,,,,,,,,,,,,,
2018,1,1,17,3,17/01/2018,B6,20409,B6,N355JB,1837,10721,1072102,30721,BOS,"Boston, MA",MA,25,Massachusetts,13,11433,1143302,31295,DTW,"Detroit, MI",MI,26,Michigan,43,1959,2111,72,72,1,4,1900-1959,46,2157,2330,4,2214,2334,80,80,1,5,2200-2259,0,,0,135,143,93,1,632,3,17,0,8,0,55,,,,0,,,,,,,,,,,,,,,,,,,,,,,,,,,,,,,,,,,,,,,,,,,,
2018,1,1,17,3,17/01/2018,B6,20409,B6,N355JB,1840,11042,1104205,30647,CLE,"Cleveland, OH",OH,39,Ohio,44,10721,1072102,30721,BOS,"Boston, MA",MA,25,Massachusetts,13,600,557,-3,0,0,-1,0600-0659,25,622,741,9,741,750,9,9,0,0,0700-0759,0,,0,101,113,79,1,563,3,,,,,,,,,0,,,,,,,,,,,,,,,,,,,,,,,,,,,,,,,,,,,,,,,,,,,,
2018,1,1,17,3,17/01/2018,B6,20409,B6,N351JB,1841,10721,1072102,30721,BOS,"Boston, MA",MA,25,Massachusetts,13,11042,1104205,30647,CLE,"Cleveland, OH",OH,39,Ohio,44,2140,2300,80,80,1,5,2100-2159,17,2317,42,9,2344,51,67,67,1,4,2300-2359,0,,0,124,111,85,1,563,3,24,0,0,0,43,,,,0,,,,,,,,,,,,,,,,,,,,,,,,,,,,,,,,,,,,,,,,,,,,
2018,1,1,17,3,17/01/2018,B6,20409,B6,N339JB,1853,12451,1245102,31136,JAX,"Jacksonville, FL",FL,12,Florida,33,11697,1169706,32467,FLL,"Fort Lauderdale, FL",FL,12,Florida,33,1222,1215,-7,0,0,-1,1200-1259,13,1228,1321,8,1339,1329,-10,0,0,-1,1300-1359,0,,0,77,74,53,1,319,2,,,,,,,,,0,,,,,,,,,,,,,,,,,,,,,,,,,,,,,,,,,,,,,,,,,,,,
2018,1,1,17,3,17/01/2018,B6,20409,B6,N316JB,1885,10721,1072102,30721,BOS,"Boston, MA",MA,25,Massachusetts,13,14122,1412202,30198,PIT,"Pittsburgh, PA",PA,42,Pennsylvania,23,1813,1831,18,18,1,1,1800-1859,19,1850,2009,5,2005,2014,9,9,0,0,2000-2059,0,,0,112,103,79,1,496,2,,,,,,,,,0,,,,,,,,,,,,,,,,,,,,,,,,,,,,,,,,,,,,,,,,,,,,
2018,1,1,17,3,17/01/2018,B6,20409,B6,N316JB,1886,14122,1412202,30198,PIT,"Pittsburgh, PA",PA,42,Pennsylvania,23,10721,1072102,30721,BOS,"Boston, MA",MA,25,Massachusetts,13,2040,2042,2,2,0,0,2000-2059,14,2056,2220,9,2210,2229,19,19,1,1,2200-2259,0,,0,90,107,84,1,496,2,2,0,17,0,0,,,,0,,,,,,,,,,,,,,,,,,,,,,,,,,,,,,,,,,,,,,,,,,,,
2018,1,1,17,3,17/01/2018,B6,20409,B6,N179JB,1887,13933,1393305,33933,ORH,"Worcester, MA",MA,25,Massachusetts,13,13204,1320402,31454,MCO,"Orlando, FL",FL,12,Florida,33,1653,1643,-10,0,0,-1,1600-1659,21,1704,2004,11,2006,2015,9,9,0,0,2000-2059,0,,0,193,212,180,1,1091,5,,,,,,,,,0,,,,,,,,,,,,,,,,,,,,,,,,,,,,,,,,,,,,,,,,,,,,
2018,1,1,17,3,17/01/2018,B6,20409,B6,N179JB,1888,13204,1320402,31454,MCO,"Orlando, FL",FL,12,Florida,33,13933,1393305,33933,ORH,"Worcester, MA",MA,25,Massachusetts,13,1337,1351,14,14,0,0,1300-1359,15,1406,1611,6,1618,1617,-1,0,0,-1,1600-1659,0,,0,161,146,125,1,1091,5,,,,,,,,,0,,,,,,,,,,,,,,,,,,,,,,,,,,,,,,,,,,,,,,,,,,,,
2018,1,1,17,3,17/01/2018,B6,20409,B6,N552JB,1895,12197,1219702,31703,HPN,"White Plains, NY",NY,36,New York,22,13204,1320402,31454,MCO,"Orlando, FL",FL,12,Florida,33,630,,,,,,0600-0659,,,,,926,,,,,,0900-0959,1,B,0,176,,,1,972,4,,,,,,,,,0,,,,,,,,,,,,,,,,,,,,,,,,,,,,,,,,,,,,,,,,,,,,
2018,1,1,17,3,17/01/2018,B6,20409,B6,N284JB,1901,10792,1079206,30792,BUF,"Buffalo, NY",NY,36,New York,22,12478,1247805,31703,JFK,"New York, NY",NY,36,New York,22,1334,1415,41,41,1,2,1300-1359,39,1454,1554,8,1458,1602,64,64,1,4,1400-1459,0,,0,84,107,60,1,301,2,0,0,55,0,9,,,,0,,,,,,,,,,,,,,,,,,,,,,,,,,,,,,,,,,,,,,,,,,,,
2018,1,1,17,3,17/01/2018,B6,20409,B6,N591JB,1904,14843,1484306,34819,SJU,"San Juan, PR",PR,72,Puerto Rico,3,12478,1247805,31703,JFK,"New York, NY",NY,36,New York,22,2059,2049,-10,0,0,-1,2000-2059,8,2057,2316,5,2357,2321,-36,0,0,-2,2300-2359,0,,0,238,212,199,1,1598,7,,,,,,,,,0,,,,,,,,,,,,,,,,,,,,,,,,,,,,,,,,,,,,,,,,,,,,
2018,1,1,17,3,17/01/2018,B6,20409,B6,N806JB,1906,10693,1069302,30693,BNA,"Nashville, TN",TN,47,Tennessee,54,10721,1072102,30721,BOS,"Boston, MA",MA,25,Massachusetts,13,1945,2025,40,40,1,2,1900-1959,14,2039,2339,6,2310,2345,35,35,1,2,2300-2359,0,,0,145,140,120,1,942,4,0,0,4,0,31,,,,0,,,,,,,,,,,,,,,,,,,,,,,,,,,,,,,,,,,,,,,,,,,,
2018,1,1,17,3,17/01/2018,B6,20409,B6,N806JB,1907,10721,1072102,30721,BOS,"Boston, MA",MA,25,Massachusetts,13,10693,1069302,30693,BNA,"Nashville, TN",TN,47,Tennessee,54,1700,1724,24,24,1,1,1700-1759,55,1819,1937,4,1903,1941,38,38,1,2,1900-1959,0,,0,183,197,138,1,942,4,16,0,14,0,8,,,,0,,,,,,,,,,,,,,,,,,,,,,,,,,,,,,,,,,,,,,,,,,,,
2018,1,1,17,3,17/01/2018,B6,20409,B6,N639JB,1925,14831,1483106,32457,SJC,"San Jose, CA",CA,6,California,91,12954,1295406,32575,LGB,"Long Beach, CA",CA,6,California,91,1907,1857,-10,0,0,-1,1900-1959,12,1909,2001,4,2021,2005,-16,0,0,-2,2000-2059,0,,0,74,68,52,1,324,2,,,,,,,,,0,,,,,,,,,,,,,,,,,,,,,,,,,,,,,,,,,,,,,,,,,,,,
2018,1,1,17,3,17/01/2018,B6,20409,B6,N639JB,1926,12954,1295406,32575,LGB,"Long Beach, CA",CA,6,California,91,14831,1483106,32457,SJC,"San Jose, CA",CA,6,California,91,1709,1659,-10,0,0,-1,1700-1759,9,1708,1757,2,1827,1759,-28,0,0,-2,1800-1859,0,,0,78,60,49,1,324,2,,,,,,,,,0,,,,,,,,,,,,,,,,,,,,,,,,,,,,,,,,,,,,,,,,,,,,
2018,1,1,17,3,17/01/2018,B6,20409,B6,N292JB,1927,10721,1072102,30721,BOS,"Boston, MA",MA,25,Massachusetts,13,10821,1082106,30852,BWI,"Baltimore, MD",MD,24,Maryland,35,1345,1358,13,13,0,0,1300-1359,15,1413,1524,9,1519,1533,14,14,0,0,1500-1559,0,,0,94,95,71,1,369,2,,,,,,,,,0,,,,,,,,,,,,,,,,,,,,,,,,,,,,,,,,,,,,,,,,,,,,
2018,1,1,17,3,17/01/2018,B6,20409,B6,N809JB,1933,13204,1320402,31454,MCO,"Orlando, FL",FL,12,Florida,33,14843,1484306,34819,SJU,"San Juan, PR",PR,72,Puerto Rico,3,1651,1703,12,12,0,0,1600-1659,13,1716,2038,3,2036,2041,5,5,0,0,2000-2059,0,,0,165,158,142,1,1189,5,,,,,,,,,0,,,,,,,,,,,,,,,,,,,,,,,,,,,,,,,,,,,,,,,,,,,,
2018,1,1,17,3,17/01/2018,B6,20409,B6,N639JB,1936,12954,1295406,32575,LGB,"Long Beach, CA",CA,6,California,91,14771,1477104,32457,SFO,"San Francisco, CA",CA,6,California,91,1249,1240,-9,0,0,-1,1200-1259,30,1310,1410,18,1420,1428,8,8,0,0,1400-1459,0,,0,91,108,60,1,354,2,,,,,,,,,0,,,,,,,,,,,,,,,,,,,,,,,,,,,,,,,,,,,,,,,,,,,,
2018,1,1,17,3,17/01/2018,B6,20409,B6,N615JB,1944,14027,1402702,34027,PBI,"West Palm Beach/Palm Beach, FL",FL,12,Florida,33,11618,1161802,31703,EWR,"Newark, NJ",NJ,34,New Jersey,21,1706,1757,51,51,1,3,1700-1759,25,1822,2024,10,2002,2034,32,32,1,2,2000-2059,0,,0,176,157,122,1,1023,5,0,0,16,0,16,,,,0,,,,,,,,,,,,,,,,,,,,,,,,,,,,,,,,,,,,,,,,,,,,
2018,1,1,17,3,17/01/2018,B6,20409,B6,N952JB,1951,10721,1072102,30721,BOS,"Boston, MA",MA,25,Massachusetts,13,13204,1320402,31454,MCO,"Orlando, FL",FL,12,Florida,33,2003,1956,-7,0,0,-1,2000-2059,45,2041,2343,13,2321,2356,35,35,1,2,2300-2359,0,,0,198,240,182,1,1121,5,0,0,35,0,0,,,,0,,,,,,,,,,,,,,,,,,,,,,,,,,,,,,,,,,,,,,,,,,,,
2018,1,1,17,3,17/01/2018,B6,20409,B6,N534JB,1953,11697,1169706,32467,FLL,"Fort Lauderdale, FL",FL,12,Florida,33,14843,1484306,34819,SJU,"San Juan, PR",PR,72,Puerto Rico,3,800,758,-2,0,0,-1,0800-0859,19,817,1126,5,1128,1131,3,3,0,0,1100-1159,0,,0,148,153,129,1,1046,5,,,,,,,,,0,,,,,,,,,,,,,,,,,,,,,,,,,,,,,,,,,,,,,,,,,,,,
2018,1,1,17,3,17/01/2018,B6,20409,B6,N534JB,1954,14843,1484306,34819,SJU,"San Juan, PR",PR,72,Puerto Rico,3,11697,1169706,32467,FLL,"Fort Lauderdale, FL",FL,12,Florida,33,2114,2106,-8,0,0,-1,2100-2159,11,2117,2238,3,2300,2241,-19,0,0,-2,2300-2359,0,,0,166,155,141,1,1046,5,,,,,,,,,0,,,,,,,,,,,,,,,,,,,,,,,,,,,,,,,,,,,,,,,,,,,,
2018,1,1,17,3,17/01/2018,B6,20409,B6,N509JB,1967,12197,1219702,31703,HPN,"White Plains, NY",NY,36,New York,22,14027,1402702,34027,PBI,"West Palm Beach/Palm Beach, FL",FL,12,Florida,33,730,720,-10,0,0,-1,0700-0759,14,734,1012,4,1031,1016,-15,0,0,-1,1000-1059,0,,0,181,176,158,1,1056,5,,,,,,,,,0,,,,,,,,,,,,,,,,,,,,,,,,,,,,,,,,,,,,,,,,,,,,
2018,1,1,17,3,17/01/2018,B6,20409,B6,N605JB,1968,14027,1402702,34027,PBI,"West Palm Beach/Palm Beach, FL",FL,12,Florida,33,12197,1219702,31703,HPN,"White Plains, NY",NY,36,New York,22,1511,1630,79,79,1,5,1500-1559,11,1641,1846,4,1759,1850,51,51,1,3,1700-1759,0,,0,168,140,125,1,1056,5,11,0,0,0,40,,,,0,,,,,,,,,,,,,,,,,,,,,,,,,,,,,,,,,,,,,,,,,,,,
2018,1,1,17,3,17/01/2018,B6,20409,B6,N661JB,1969,10721,1072102,30721,BOS,"Boston, MA",MA,25,Massachusetts,13,11697,1169706,32467,FLL,"Fort Lauderdale, FL",FL,12,Florida,33,1700,1728,28,28,1,1,1700-1759,47,1815,2134,7,2038,2141,63,63,1,4,2000-2059,0,,0,218,253,199,1,1237,5,28,0,35,0,0,,,,0,,,,,,,,,,,,,,,,,,,,,,,,,,,,,,,,,,,,,,,,,,,,
2018,1,1,17,3,17/01/2018,B6,20409,B6,N640JB,1973,11618,1161802,31703,EWR,"Newark, NJ",NJ,34,New Jersey,21,15304,1530402,33195,TPA,"Tampa, FL",FL,12,Florida,33,1232,1222,-10,0,0,-1,1200-1259,19,1241,1528,7,1529,1535,6,6,0,0,1500-1559,0,,0,177,193,167,1,997,4,,,,,,,,,0,,,,,,,,,,,,,,,,,,,,,,,,,,,,,,,,,,,,,,,,,,,,
2018,1,1,17,3,17/01/2018,B6,20409,B6,N307JB,1979,11278,1127805,30852,DCA,"Washington, DC",VA,51,Virginia,38,11697,1169706,32467,FLL,"Fort Lauderdale, FL",FL,12,Florida,33,1639,1654,15,15,1,1,1600-1659,21,1715,1949,4,1925,1953,28,28,1,1,1900-1959,0,,0,166,179,154,1,899,4,0,0,23,0,5,,,,0,,,,,,,,,,,,,,,,,,,,,,,,,,,,,,,,,,,,,,,,,,,,
2018,1,1,17,3,17/01/2018,B6,20409,B6,N637JB,1980,12954,1295406,32575,LGB,"Long Beach, CA",CA,6,California,91,12889,1288903,32211,LAS,"Las Vegas, NV",NV,32,Nevada,85,1506,1505,-1,0,0,-1,1500-1559,10,1515,1604,8,1614,1612,-2,0,0,-1,1600-1659,0,,0,68,67,49,1,231,1,,,,,,,,,0,,,,,,,,,,,,,,,,,,,,,,,,,,,,,,,,,,,,,,,,,,,,
2018,1,1,17,3,17/01/2018,B6,20409,B6,N966JB,1983,12478,1247805,31703,JFK,"New York, NY",NY,36,New York,22,13204,1320402,31454,MCO,"Orlando, FL",FL,12,Florida,33,717,732,15,15,1,1,0700-0759,18,750,1021,3,1019,1024,5,5,0,0,1000-1059,0,,0,182,172,151,1,944,4,,,,,,,,,0,,,,,,,,,,,,,,,,,,,,,,,,,,,,,,,,,,,,,,,,,,,,
2018,1,1,17,3,17/01/2018,B6,20409,B6,N966JB,1984,13204,1320402,31454,MCO,"Orlando, FL",FL,12,Florida,33,12478,1247805,31703,JFK,"New York, NY",NY,36,New York,22,1122,1133,11,11,0,0,1100-1159,11,1144,1332,4,1353,1336,-17,0,0,-2,1300-1359,0,,0,151,123,108,1,944,4,,,,,,,,,0,,,,,,,,,,,,,,,,,,,,,,,,,,,,,,,,,,,,,,,,,,,,
2018,1,1,17,3,17/01/2018,B6,20409,B6,N531JB,1986,14122,1412202,30198,PIT,"Pittsburgh, PA",PA,42,Pennsylvania,23,10721,1072102,30721,BOS,"Boston, MA",MA,25,Massachusetts,13,600,552,-8,0,0,-1,0600-0659,35,627,736,5,735,741,6,6,0,0,0700-0759,0,,0,95,109,69,1,496,2,,,,,,,,,0,,,,,,,,,,,,,,,,,,,,,,,,,,,,,,,,,,,,,,,,,,,,
2018,1,1,17,3,17/01/2018,B6,20409,B6,N613JB,1990,14843,1484306,34819,SJU,"San Juan, PR",PR,72,Puerto Rico,3,11618,1161802,31703,EWR,"Newark, NJ",NJ,34,New Jersey,21,449,446,-3,0,0,-1,0001-0559,8,454,729,9,801,738,-23,0,0,-2,0800-0859,0,,0,252,232,215,1,1608,7,,,,,,,,,0,,,,,,,,,,,,,,,,,,,,,,,,,,,,,,,,,,,,,,,,,,,,
2018,1,1,17,3,17/01/2018,B6,20409,B6,N594JB,1991,10721,1072102,30721,BOS,"Boston, MA",MA,25,Massachusetts,13,15304,1530402,33195,TPA,"Tampa, FL",FL,12,Florida,33,1520,1521,1,1,0,0,1500-1559,38,1559,1925,12,1849,1937,48,48,1,3,1800-1859,0,,0,209,256,206,1,1185,5,1,0,47,0,0,,,,0,,,,,,,,,,,,,,,,,,,,,,,,,,,,,,,,,,,,,,,,,,,,
2018,1,1,17,3,17/01/2018,B6,20409,B6,N763JB,1992,15304,1530402,33195,TPA,"Tampa, FL",FL,12,Florida,33,10721,1072102,30721,BOS,"Boston, MA",MA,25,Massachusetts,13,755,,,,,,0700-0759,,,,,1047,,,,,,1000-1059,1,B,0,172,,,1,1185,5,,,,,,,,,0,,,,,,,,,,,,,,,,,,,,,,,,,,,,,,,,,,,,,,,,,,,,
2018,1,1,17,3,17/01/2018,B6,20409,B6,N267JB,2001,10792,1079206,30792,BUF,"Buffalo, NY",NY,36,New York,22,12478,1247805,31703,JFK,"New York, NY",NY,36,New York,22,532,522,-10,0,0,-1,0001-0559,29,551,650,3,700,653,-7,0,0,-1,0700-0759,0,,0,88,91,59,1,301,2,,,,,,,,,0,,,,,,,,,,,,,,,,,,,,,,,,,,,,,,,,,,,,,,,,,,,,
2018,1,1,17,3,17/01/2018,B6,20409,B6,N306JB,2002,12478,1247805,31703,JFK,"New York, NY",NY,36,New York,22,10792,1079206,30792,BUF,"Buffalo, NY",NY,36,New York,22,2245,126,161,161,1,10,2200-2259,11,137,231,3,14,234,140,140,1,9,0001-0559,0,,0,89,68,54,1,301,2,84,0,0,0,56,2354,27,27,0,,,,,,,,,,,,,,,,,,,,,,,,,,,,,,,,,,,,,,,,,,,,
2018,1,1,17,3,17/01/2018,B6,20409,B6,N638JB,2006,11697,1169706,32467,FLL,"Fort Lauderdale, FL",FL,12,Florida,33,11618,1161802,31703,EWR,"Newark, NJ",NJ,34,New Jersey,21,600,551,-9,0,0,-1,0600-0659,17,608,817,89,849,946,57,57,1,3,0800-0859,0,,0,169,235,129,1,1065,5,0,0,57,0,0,,,,0,,,,,,,,,,,,,,,,,,,,,,,,,,,,,,,,,,,,,,,,,,,,
2018,1,1,17,3,17/01/2018,B6,20409,B6,N662JB,2007,14122,1412202,30198,PIT,"Pittsburgh, PA",PA,42,Pennsylvania,23,11697,1169706,32467,FLL,"Fort Lauderdale, FL",FL,12,Florida,33,700,710,10,10,0,0,0700-0759,30,740,1011,5,955,1016,21,21,1,1,0900-0959,0,,0,175,186,151,1,994,4,0,10,11,0,0,,,,0,,,,,,,,,,,,,,,,,,,,,,,,,,,,,,,,,,,,,,,,,,,,
2018,1,1,17,3,17/01/2018,B6,20409,B6,N599JB,2008,11697,1169706,32467,FLL,"Fort Lauderdale, FL",FL,12,Florida,33,14122,1412202,30198,PIT,"Pittsburgh, PA",PA,42,Pennsylvania,23,2012,2029,17,17,1,1,2000-2059,15,2044,2248,5,2248,2253,5,5,0,0,2200-2259,0,,0,156,144,124,1,994,4,,,,,,,,,0,,,,,,,,,,,,,,,,,,,,,,,,,,,,,,,,,,,,,,,,,,,,
2018,1,1,17,3,17/01/2018,B6,20409,B6,N324JB,2009,10721,1072102,30721,BOS,"Boston, MA",MA,25,Massachusetts,13,12451,1245102,31136,JAX,"Jacksonville, FL",FL,12,Florida,33,2048,5,197,197,1,12,2000-2059,12,17,242,3,2348,245,177,177,1,11,2300-2359,0,,0,180,160,145,1,1010,5,177,0,0,0,0,,,,0,,,,,,,,,,,,,,,,,,,,,,,,,,,,,,,,,,,,,,,,,,,,
2018,1,1,17,3,17/01/2018,B6,20409,B6,N309JB,2010,12451,1245102,31136,JAX,"Jacksonville, FL",FL,12,Florida,33,10721,1072102,30721,BOS,"Boston, MA",MA,25,Massachusetts,13,730,,,,,,0700-0759,,,,,1000,,,,,,1000-1059,1,B,0,150,,,1,1010,5,,,,,,,,,0,,,,,,,,,,,,,,,,,,,,,,,,,,,,,,,,,,,,,,,,,,,,
2018,1,1,17,3,17/01/2018,B6,20409,B6,N247JB,2019,13933,1393305,33933,ORH,"Worcester, MA",MA,25,Massachusetts,13,11697,1169706,32467,FLL,"Fort Lauderdale, FL",FL,12,Florida,33,1748,1737,-11,0,0,-1,1700-1759,41,1818,2139,9,2112,2148,36,36,1,2,2100-2159,0,,0,204,251,201,1,1211,5,0,0,36,0,0,,,,0,,,,,,,,,,,,,,,,,,,,,,,,,,,,,,,,,,,,,,,,,,,,
2018,1,1,17,3,17/01/2018,B6,20409,B6,N247JB,2020,11697,1169706,32467,FLL,"Fort Lauderdale, FL",FL,12,Florida,33,13933,1393305,33933,ORH,"Worcester, MA",MA,25,Massachusetts,13,1413,1358,-15,0,0,-1,1400-1459,25,1423,1648,14,1713,1702,-11,0,0,-1,1700-1759,0,,0,180,184,145,1,1211,5,,,,,,,,,0,,,,,,,,,,,,,,,,,,,,,,,,,,,,,,,,,,,,,,,,,,,,
2018,1,1,17,3,17/01/2018,B6,20409,B6,N978JB,2024,12892,1289208,32575,LAX,"Los Angeles, CA",CA,6,California,91,12478,1247805,31703,JFK,"New York, NY",NY,36,New York,22,2355,2351,-4,0,0,-1,2300-2359,12,3,821,11,815,832,17,17,1,1,0800-0859,0,,0,320,341,318,1,2475,10,0,0,17,0,0,,,,0,,,,,,,,,,,,,,,,,,,,,,,,,,,,,,,,,,,,,,,,,,,,
2018,1,1,17,3,17/01/2018,B6,20409,B6,N639JB,2025,14831,1483106,32457,SJC,"San Jose, CA",CA,6,California,91,12954,1295406,32575,LGB,"Long Beach, CA",CA,6,California,91,630,624,-6,0,0,-1,0600-0659,19,643,734,5,747,739,-8,0,0,-1,0700-0759,0,,0,77,75,51,1,324,2,,,,,,,,,0,,,,,,,,,,,,,,,,,,,,,,,,,,,,,,,,,,,,,,,,,,,,
2018,1,1,17,3,17/01/2018,B6,20409,B6,N648JB,2028,13204,1320402,31454,MCO,"Orlando, FL",FL,12,Florida,33,11618,1161802,31703,EWR,"Newark, NJ",NJ,34,New Jersey,21,727,724,-3,0,0,-1,0700-0759,20,744,931,14,1005,945,-20,0,0,-2,1000-1059,0,,0,158,141,107,1,937,4,,,,,,,,,0,,,,,,,,,,,,,,,,,,,,,,,,,,,,,,,,,,,,,,,,,,,,
2018,1,1,17,3,17/01/2018,B6,20409,B6,N273JB,2036,11433,1143302,31295,DTW,"Detroit, MI",MI,26,Michigan,43,10721,1072102,30721,BOS,"Boston, MA",MA,25,Massachusetts,13,1047,1050,3,3,0,0,1000-1059,9,1059,1226,4,1234,1230,-4,0,0,-1,1200-1259,0,,0,107,100,87,1,632,3,,,,,,,,,0,,,,,,,,,,,,,,,,,,,,,,,,,,,,,,,,,,,,,,,,,,,,
2018,1,1,17,3,17/01/2018,B6,20409,B6,N796JB,2066,14635,1463502,31714,RSW,"Fort Myers, FL",FL,12,Florida,33,10721,1072102,30721,BOS,"Boston, MA",MA,25,Massachusetts,13,1300,1447,107,107,1,7,1300-1359,14,1501,1737,12,1606,1749,103,103,1,6,1600-1659,0,,0,186,182,156,1,1249,5,76,0,0,0,27,,,,0,,,,,,,,,,,,,,,,,,,,,,,,,,,,,,,,,,,,,,,,,,,,
2018,1,1,17,3,17/01/2018,B6,20409,B6,N184JB,2067,12197,1219702,31703,HPN,"White Plains, NY",NY,36,New York,22,14027,1402702,34027,PBI,"West Palm Beach/Palm Beach, FL",FL,12,Florida,33,1535,1531,-4,0,0,-1,1500-1559,13,1544,1839,3,1834,1842,8,8,0,0,1800-1859,0,,0,179,191,175,1,1056,5,,,,,,,,,0,,,,,,,,,,,,,,,,,,,,,,,,,,,,,,,,,,,,,,,,,,,,
2018,1,1,17,3,17/01/2018,B6,20409,B6,N640JB,2074,15304,1530402,33195,TPA,"Tampa, FL",FL,12,Florida,33,11618,1161802,31703,EWR,"Newark, NJ",NJ,34,New Jersey,21,1609,1709,60,60,1,4,1600-1659,39,1748,1946,12,1854,1958,64,64,1,4,1800-1859,0,,0,165,169,118,1,997,4,0,0,58,0,6,,,,0,,,,,,,,,,,,,,,,,,,,,,,,,,,,,,,,,,,,,,,,,,,,
2018,1,1,17,3,17/01/2018,B6,20409,B6,N637JB,2079,12889,1288903,32211,LAS,"Las Vegas, NV",NV,32,Nevada,85,12954,1295406,32575,LGB,"Long Beach, CA",CA,6,California,91,1654,1647,-7,0,0,-1,1600-1659,12,1659,1738,6,1800,1744,-16,0,0,-2,1800-1859,0,,0,66,57,39,1,231,1,,,,,,,,,0,,,,,,,,,,,,,,,,,,,,,,,,,,,,,,,,,,,,,,,,,,,,
2018,1,1,17,3,17/01/2018,B6,20409,B6,N247JB,2080,11697,1169706,32467,FLL,"Fort Lauderdale, FL",FL,12,Florida,33,11278,1127805,30852,DCA,"Washington, DC",VA,51,Virginia,38,1934,2221,167,167,1,11,1900-1959,11,2232,20,47,2200,107,187,187,1,12,2200-2259,0,,0,146,166,108,1,899,4,131,0,20,0,36,,,,0,,,,,,,,,,,,,,,,,,,,,,,,,,,,,,,,,,,,,,,,,,,,
2018,1,1,17,3,17/01/2018,B6,20409,B6,N187JB,2101,10792,1079206,30792,BUF,"Buffalo, NY",NY,36,New York,22,12478,1247805,31703,JFK,"New York, NY",NY,36,New York,22,800,750,-10,0,0,-1,0800-0859,33,823,922,7,924,929,5,5,0,0,0900-0959,0,,0,84,99,59,1,301,2,,,,,,,,,0,,,,,,,,,,,,,,,,,,,,,,,,,,,,,,,,,,,,,,,,,,,,
2018,1,1,17,3,17/01/2018,B6,20409,B6,N309JB,2116,12451,1245102,31136,JAX,"Jacksonville, FL",FL,12,Florida,33,11278,1127805,30852,DCA,"Washington, DC",VA,51,Virginia,38,1054,1043,-11,0,0,-1,1000-1059,16,1059,1211,3,1239,1214,-25,0,0,-2,1200-1259,0,,0,105,91,72,1,634,3,,,,,,,,,0,,,,,,,,,,,,,,,,,,,,,,,,,,,,,,,,,,,,,,,,,,,,
2018,1,1,17,3,17/01/2018,B6,20409,B6,N249JB,2127,10721,1072102,30721,BOS,"Boston, MA",MA,25,Massachusetts,13,10821,1082106,30852,BWI,"Baltimore, MD",MD,24,Maryland,35,1056,,,,,,1000-1059,,,,,1231,,,,,,1200-1259,1,B,0,95,,,1,369,2,,,,,,,,,0,,,,,,,,,,,,,,,,,,,,,,,,,,,,,,,,,,,,,,,,,,,,
2018,1,1,17,3,17/01/2018,B6,20409,B6,N637JB,2131,14869,1486903,34614,SLC,"Salt Lake City, UT",UT,49,Utah,87,12954,1295406,32575,LGB,"Long Beach, CA",CA,6,California,91,615,606,-9,0,0,-1,0600-0659,31,637,702,5,720,707,-13,0,0,-1,0700-0759,0,,0,125,121,85,1,588,3,,,,,,,,,0,,,,,,,,,,,,,,,,,,,,,,,,,,,,,,,,,,,,,,,,,,,,
2018,1,1,17,3,17/01/2018,B6,20409,B6,N709JB,2132,12954,1295406,32575,LGB,"Long Beach, CA",CA,6,California,91,14869,1486903,34614,SLC,"Salt Lake City, UT",UT,49,Utah,87,1913,1907,-6,0,0,-1,1900-1959,10,1917,2148,3,2158,2151,-7,0,0,-1,2100-2159,0,,0,105,104,91,1,588,3,,,,,,,,,0,,,,,,,,,,,,,,,,,,,,,,,,,,,,,,,,,,,,,,,,,,,,
2018,1,1,17,3,17/01/2018,B6,20409,B6,N639JB,2135,14771,1477104,32457,SFO,"San Francisco, CA",CA,6,California,91,12954,1295406,32575,LGB,"Long Beach, CA",CA,6,California,91,1500,1458,-2,0,0,-1,1500-1559,13,1511,1614,4,1623,1618,-5,0,0,-1,1600-1659,0,,0,83,80,63,1,354,2,,,,,,,,,0,,,,,,,,,,,,,,,,,,,,,,,,,,,,,,,,,,,,,,,,,,,,
2018,1,1,17,3,17/01/2018,B6,20409,B6,N583JB,2136,12954,1295406,32575,LGB,"Long Beach, CA",CA,6,California,91,14771,1477104,32457,SFO,"San Francisco, CA",CA,6,California,91,1546,1536,-10,0,0,-1,1500-1559,9,1545,1642,8,1715,1650,-25,0,0,-2,1700-1759,0,,0,89,74,57,1,354,2,,,,,,,,,0,,,,,,,,,,,,,,,,,,,,,,,,,,,,,,,,,,,,,,,,,,,,
2018,1,1,17,3,17/01/2018,B6,20409,B6,N294JB,2167,12197,1219702,31703,HPN,"White Plains, NY",NY,36,New York,22,14027,1402702,34027,PBI,"West Palm Beach/Palm Beach, FL",FL,12,Florida,33,2055,2101,6,6,0,0,2000-2059,10,2111,2358,4,2346,2,16,16,1,1,2300-2359,0,,0,171,181,167,1,1056,5,6,0,10,0,0,,,,0,,,,,,,,,,,,,,,,,,,,,,,,,,,,,,,,,,,,,,,,,,,,
2018,1,1,17,3,17/01/2018,B6,20409,B6,N509JB,2168,14027,1402702,34027,PBI,"West Palm Beach/Palm Beach, FL",FL,12,Florida,33,12197,1219702,31703,HPN,"White Plains, NY",NY,36,New York,22,1850,2005,75,75,1,5,1800-1859,10,2015,2221,3,2138,2224,46,46,1,3,2100-2159,0,,0,168,139,126,1,1056,5,21,0,0,0,25,,,,0,,,,,,,,,,,,,,,,,,,,,,,,,,,,,,,,,,,,,,,,,,,,
2018,1,1,17,3,17/01/2018,B6,20409,B6,N634JB,2170,11697,1169706,32467,FLL,"Fort Lauderdale, FL",FL,12,Florida,33,10721,1072102,30721,BOS,"Boston, MA",MA,25,Massachusetts,13,1840,1931,51,51,1,3,1800-1859,24,1955,2229,7,2147,2236,49,49,1,3,2100-2159,0,,0,187,185,154,1,1237,5,0,0,25,0,24,,,,0,,,,,,,,,,,,,,,,,,,,,,,,,,,,,,,,,,,,,,,,,,,,
2018,1,1,17,3,17/01/2018,B6,20409,B6,N283JB,2180,11618,1161802,31703,EWR,"Newark, NJ",NJ,34,New Jersey,21,10721,1072102,30721,BOS,"Boston, MA",MA,25,Massachusetts,13,600,,,,,,0600-0659,,,,,709,,,,,,0700-0759,1,B,0,69,,,1,200,1,,,,,,,,,0,,,,,,,,,,,,,,,,,,,,,,,,,,,,,,,,,,,,,,,,,,,,
2018,1,1,17,3,17/01/2018,B6,20409,B6,N258JB,2184,14492,1449202,34492,RDU,"Raleigh/Durham, NC",NC,37,North Carolina,36,10721,1072102,30721,BOS,"Boston, MA",MA,25,Massachusetts,13,900,,,,,,0900-0959,,,,,1048,,,,,,1000-1059,1,B,0,108,,,1,612,3,,,,,,,,,0,,,,,,,,,,,,,,,,,,,,,,,,,,,,,,,,,,,,,,,,,,,,
2018,1,1,17,3,17/01/2018,B6,20409,B6,N634JB,2191,10721,1072102,30721,BOS,"Boston, MA",MA,25,Massachusetts,13,15304,1530402,33195,TPA,"Tampa, FL",FL,12,Florida,33,1000,,,,,,1000-1059,,,,,1328,,,,,,1300-1359,1,B,0,208,,,1,1185,5,,,,,,,,,0,,,,,,,,,,,,,,,,,,,,,,,,,,,,,,,,,,,,,,,,,,,,
2018,1,1,17,3,17/01/2018,B6,20409,B6,N258JB,2215,10721,1072102,30721,BOS,"Boston, MA",MA,25,Massachusetts,13,10792,1079206,30792,BUF,"Buffalo, NY",NY,36,New York,22,1123,,,,,,1100-1159,,,,,1257,,,,,,1200-1259,1,B,0,94,,,1,395,2,,,,,,,,,0,,,,,,,,,,,,,,,,,,,,,,,,,,,,,,,,,,,,,,,,,,,,
2018,1,1,17,3,17/01/2018,B6,20409,B6,N203JB,2216,10792,1079206,30792,BUF,"Buffalo, NY",NY,36,New York,22,10721,1072102,30721,BOS,"Boston, MA",MA,25,Massachusetts,13,635,,,,,,0600-0659,,,,,804,,,,,,0800-0859,1,B,0,89,,,1,395,2,,,,,,,,,0,,,,,,,,,,,,,,,,,,,,,,,,,,,,,,,,,,,,,,,,,,,,
2018,1,1,17,3,17/01/2018,B6,20409,B6,N375JB,2224,13204,1320402,31454,MCO,"Orlando, FL",FL,12,Florida,33,11278,1127805,30852,DCA,"Washington, DC",VA,51,Virginia,38,1109,1212,63,63,1,4,1100-1159,15,1227,1357,2,1317,1359,42,42,1,2,1300-1359,0,,0,128,107,90,1,759,4,6,0,0,0,36,,,,0,,,,,,,,,,,,,,,,,,,,,,,,,,,,,,,,,,,,,,,,,,,,
2018,1,1,17,3,17/01/2018,B6,20409,B6,N571JB,2227,11618,1161802,31703,EWR,"Newark, NJ",NJ,34,New Jersey,21,13204,1320402,31454,MCO,"Orlando, FL",FL,12,Florida,33,2101,2131,30,30,1,2,2100-2159,17,2148,26,5,2346,31,45,45,1,3,2300-2359,0,,0,165,180,158,1,937,4,1,0,15,0,29,,,,0,,,,,,,,,,,,,,,,,,,,,,,,,,,,,,,,,,,,,,,,,,,,
2018,1,1,17,3,17/01/2018,B6,20409,B6,N763JB,2269,10721,1072102,30721,BOS,"Boston, MA",MA,25,Massachusetts,13,11697,1169706,32467,FLL,"Fort Lauderdale, FL",FL,12,Florida,33,1150,,,,,,1100-1159,,,,,1525,,,,,,1500-1559,1,B,0,215,,,1,1237,5,,,,,,,,,0,,,,,,,,,,,,,,,,,,,,,,,,,,,,,,,,,,,,,,,,,,,,
2018,1,1,17,3,17/01/2018,B6,20409,B6,N306JB,2279,10721,1072102,30721,BOS,"Boston, MA",MA,25,Massachusetts,13,11618,1161802,31703,EWR,"Newark, NJ",NJ,34,New Jersey,21,607,617,10,10,0,0,0600-0659,57,714,820,9,738,829,51,51,1,3,0700-0759,0,,0,91,132,66,1,200,1,10,0,41,0,0,,,,0,,,,,,,,,,,,,,,,,,,,,,,,,,,,,,,,,,,,,,,,,,,,
2018,1,1,17,3,17/01/2018,B6,20409,B6,N306JB,2280,11618,1161802,31703,EWR,"Newark, NJ",NJ,34,New Jersey,21,10721,1072102,30721,BOS,"Boston, MA",MA,25,Massachusetts,13,813,903,50,50,1,3,0800-0859,47,950,1038,6,924,1044,80,80,1,5,0900-0959,0,,0,71,101,48,1,200,1,4,0,30,0,46,,,,0,,,,,,,,,,,,,,,,,,,,,,,,,,,,,,,,,,,,,,,,,,,,
2018,1,1,17,3,17/01/2018,B6,20409,B6,N258JB,2283,10721,1072102,30721,BOS,"Boston, MA",MA,25,Massachusetts,13,14492,1449202,34492,RDU,"Raleigh/Durham, NC",NC,37,North Carolina,36,608,,,,,,0600-0659,,,,,819,,,,,,0800-0859,1,B,0,131,,,1,612,3,,,,,,,,,0,,,,,,,,,,,,,,,,,,,,,,,,,,,,,,,,,,,,,,,,,,,,
2018,1,1,17,3,17/01/2018,B6,20409,B6,N651JB,2289,11433,1143302,31295,DTW,"Detroit, MI",MI,26,Michigan,43,11697,1169706,32467,FLL,"Fort Lauderdale, FL",FL,12,Florida,33,720,712,-8,0,0,-1,0700-0759,56,808,1042,6,1035,1048,13,13,0,0,1000-1059,0,,0,195,216,154,1,1127,5,,,,,,,,,0,,,,,,,,,,,,,,,,,,,,,,,,,,,,,,,,,,,,,,,,,,,,
2018,1,1,17,3,17/01/2018,B6,20409,B6,N346JB,2317,10721,1072102,30721,BOS,"Boston, MA",MA,25,Massachusetts,13,12478,1247805,31703,JFK,"New York, NY",NY,36,New York,22,758,,,,,,0700-0759,,,,,914,,,,,,0900-0959,1,B,0,76,,,1,187,1,,,,,,,,,0,,,,,,,,,,,,,,,,,,,,,,,,,,,,,,,,,,,,,,,,,,,,
2018,1,1,17,3,17/01/2018,B6,20409,B6,N354JB,2323,11278,1127805,30852,DCA,"Washington, DC",VA,51,Virginia,38,13204,1320402,31454,MCO,"Orlando, FL",FL,12,Florida,33,1551,1652,61,61,1,4,1500-1559,12,1704,1909,14,1818,1923,65,65,1,4,1800-1859,0,,0,147,151,125,1,759,4,61,0,4,0,0,,,,0,,,,,,,,,,,,,,,,,,,,,,,,,,,,,,,,,,,,,,,,,,,,
2018,1,1,17,3,17/01/2018,B6,20409,B6,N206JB,2324,13204,1320402,31454,MCO,"Orlando, FL",FL,12,Florida,33,11278,1127805,30852,DCA,"Washington, DC",VA,51,Virginia,38,615,612,-3,0,0,-1,0600-0659,13,625,753,33,818,826,8,8,0,0,0800-0859,0,,0,123,134,88,1,759,4,,,,,,,,,0,,,,,,,,,,,,,,,,,,,,,,,,,,,,,,,,,,,,,,,,,,,,
2018,1,1,17,3,17/01/2018,B6,20409,B6,N283JB,2380,11618,1161802,31703,EWR,"Newark, NJ",NJ,34,New Jersey,21,10721,1072102,30721,BOS,"Boston, MA",MA,25,Massachusetts,13,1300,1358,58,58,1,3,1300-1359,14,1412,1443,6,1408,1449,41,41,1,2,1400-1459,0,,0,68,51,31,1,200,1,41,0,0,0,0,,,,0,,,,,,,,,,,,,,,,,,,,,,,,,,,,,,,,,,,,,,,,,,,,
2018,1,1,17,3,17/01/2018,B6,20409,B6,N768JB,2401,12478,1247805,31703,JFK,"New York, NY",NY,36,New York,22,11697,1169706,32467,FLL,"Fort Lauderdale, FL",FL,12,Florida,33,1253,1318,25,25,1,1,1200-1259,44,1402,1700,7,1605,1707,62,62,1,4,1600-1659,0,,0,192,229,178,1,1069,5,19,0,37,0,6,,,,0,,,,,,,,,,,,,,,,,,,,,,,,,,,,,,,,,,,,,,,,,,,,
2018,1,1,17,3,17/01/2018,B6,20409,B6,N238JB,2402,12478,1247805,31703,JFK,"New York, NY",NY,36,New York,22,10792,1079206,30792,BUF,"Buffalo, NY",NY,36,New York,22,1455,1512,17,17,1,1,1400-1459,27,1539,1638,3,1628,1641,13,13,0,0,1600-1659,0,,0,93,89,59,1,301,2,,,,,,,,,0,,,,,,,,,,,,,,,,,,,,,,,,,,,,,,,,,,,,,,,,,,,,
2018,1,1,17,3,17/01/2018,B6,20409,B6,N809JB,2416,10423,1042302,30423,AUS,"Austin, TX",TX,48,Texas,74,13204,1320402,31454,MCO,"Orlando, FL",FL,12,Florida,33,1246,1249,3,3,0,0,1200-1259,16,1305,1601,4,1606,1605,-1,0,0,-1,1600-1659,0,,0,140,136,116,1,994,4,,,,,,,,,0,,,,,,,,,,,,,,,,,,,,,,,,,,,,,,,,,,,,,,,,,,,,
2018,1,1,17,3,17/01/2018,B6,20409,B6,N809JB,2417,13204,1320402,31454,MCO,"Orlando, FL",FL,12,Florida,33,10423,1042302,30423,AUS,"Austin, TX",TX,48,Texas,74,1011,1003,-8,0,0,-1,1000-1059,20,1023,1157,8,1206,1205,-1,0,0,-1,1200-1259,0,,0,175,182,154,1,994,4,,,,,,,,,0,,,,,,,,,,,,,,,,,,,,,,,,,,,,,,,,,,,,,,,,,,,,
2018,1,1,17,3,17/01/2018,B6,20409,B6,N565JB,2465,10792,1079206,30792,BUF,"Buffalo, NY",NY,36,New York,22,11697,1169706,32467,FLL,"Fort Lauderdale, FL",FL,12,Florida,33,718,707,-11,0,0,-1,0700-0759,60,807,1057,14,1042,1111,29,29,1,1,1000-1059,0,,0,204,244,170,1,1166,5,0,0,29,0,0,,,,0,,,,,,,,,,,,,,,,,,,,,,,,,,,,,,,,,,,,,,,,,,,,
2018,1,1,17,3,17/01/2018,B6,20409,B6,N662JB,2466,11697,1169706,32467,FLL,"Fort Lauderdale, FL",FL,12,Florida,33,10792,1079206,30792,BUF,"Buffalo, NY",NY,36,New York,22,1444,1434,-10,0,0,-1,1400-1459,17,1451,1715,7,1742,1722,-20,0,0,-2,1700-1759,0,,0,178,168,144,1,1166,5,,,,,,,,,0,,,,,,,,,,,,,,,,,,,,,,,,,,,,,,,,,,,,,,,,,,,,
2018,1,1,17,3,17/01/2018,B6,20409,B6,N827JB,2469,10721,1072102,30721,BOS,"Boston, MA",MA,25,Massachusetts,13,11697,1169706,32467,FLL,"Fort Lauderdale, FL",FL,12,Florida,33,2015,101,286,286,1,12,2000-2059,13,114,415,5,2343,420,277,277,1,12,2300-2359,0,,0,208,199,181,1,1237,5,254,0,0,0,23,,,,0,,,,,,,,,,,,,,,,,,,,,,,,,,,,,,,,,,,,,,,,,,,,
2018,1,1,17,3,17/01/2018,B6,20409,B6,N519JB,2470,11697,1169706,32467,FLL,"Fort Lauderdale, FL",FL,12,Florida,33,10721,1072102,30721,BOS,"Boston, MA",MA,25,Massachusetts,13,711,,,,,,0700-0759,,,,,1015,,,,,,1000-1059,1,B,0,184,,,1,1237,5,,,,,,,,,0,,,,,,,,,,,,,,,,,,,,,,,,,,,,,,,,,,,,,,,,,,,,
2018,1,1,17,3,17/01/2018,B6,20409,B6,N353JB,2479,10721,1072102,30721,BOS,"Boston, MA",MA,25,Massachusetts,13,11618,1161802,31703,EWR,"Newark, NJ",NJ,34,New Jersey,21,1059,,,,,,1000-1059,,,,,1225,,,,,,1200-1259,1,B,0,86,,,1,200,1,,,,,,,,,0,,,,,,,,,,,,,,,,,,,,,,,,,,,,,,,,,,,,,,,,,,,,
2018,1,1,17,3,17/01/2018,B6,20409,B6,N267JB,2516,12478,1247805,31703,JFK,"New York, NY",NY,36,New York,22,15096,1509602,35096,SYR,"Syracuse, NY",NY,36,New York,22,1644,1637,-7,0,0,-1,1600-1659,18,1655,1741,7,1800,1748,-12,0,0,-1,1800-1859,0,,0,76,71,46,1,209,1,,,,,,,,,0,,,,,,,,,,,,,,,,,,,,,,,,,,,,,,,,,,,,,,,,,,,,
2018,1,1,17,3,17/01/2018,B6,20409,B6,N178JB,2533,10785,1078502,30785,BTV,"Burlington, VT",VT,50,Vermont,16,12478,1247805,31703,JFK,"New York, NY",NY,36,New York,22,1814,1814,0,0,0,0,1800-1859,39,1853,2002,8,1946,2010,24,24,1,1,1900-1959,0,,0,92,116,69,1,266,2,0,0,24,0,0,,,,0,,,,,,,,,,,,,,,,,,,,,,,,,,,,,,,,,,,,,,,,,,,,
2018,1,1,17,3,17/01/2018,B6,20409,B6,N178JB,2534,12478,1247805,31703,JFK,"New York, NY",NY,36,New York,22,10785,1078502,30785,BTV,"Burlington, VT",VT,50,Vermont,16,1613,1640,27,27,1,1,1600-1659,16,1656,1739,4,1736,1743,7,7,0,0,1700-1759,0,,0,83,63,43,1,266,2,,,,,,,,,0,,,,,,,,,,,,,,,,,,,,,,,,,,,,,,,,,,,,,,,,,,,,
2018,1,1,17,3,17/01/2018,B6,20409,B6,N355JB,2579,10721,1072102,30721,BOS,"Boston, MA",MA,25,Massachusetts,13,11618,1161802,31703,EWR,"Newark, NJ",NJ,34,New Jersey,21,1509,1656,107,107,1,7,1500-1559,17,1713,1816,9,1636,1825,109,109,1,7,1600-1659,0,,0,87,89,63,1,200,1,0,0,109,0,0,,,,0,,,,,,,,,,,,,,,,,,,,,,,,,,,,,,,,,,,,,,,,,,,,
2018,1,1,17,3,17/01/2018,B6,20409,B6,N355JB,2580,11618,1161802,31703,EWR,"Newark, NJ",NJ,34,New Jersey,21,10721,1072102,30721,BOS,"Boston, MA",MA,25,Massachusetts,13,1727,1921,114,114,1,7,1700-1759,24,1945,2019,5,1840,2024,104,104,1,6,1800-1859,0,,0,73,63,34,1,200,1,0,0,24,0,80,,,,0,,,,,,,,,,,,,,,,,,,,,,,,,,,,,,,,,,,,,,,,,,,,
2018,1,1,17,3,17/01/2018,B6,20409,B6,N238JB,2601,10792,1079206,30792,BUF,"Buffalo, NY",NY,36,New York,22,12478,1247805,31703,JFK,"New York, NY",NY,36,New York,22,1703,1715,12,12,0,0,1700-1759,13,1728,1831,8,1834,1839,5,5,0,0,1800-1859,0,,0,91,84,63,1,301,2,,,,,,,,,0,,,,,,,,,,,,,,,,,,,,,,,,,,,,,,,,,,,,,,,,,,,,
2018,1,1,17,3,17/01/2018,B6,20409,B6,N309JB,2617,12451,1245102,31136,JAX,"Jacksonville, FL",FL,12,Florida,33,11697,1169706,32467,FLL,"Fort Lauderdale, FL",FL,12,Florida,33,1830,1927,57,57,1,3,1800-1859,12,1939,2032,6,1949,2038,49,49,1,3,1900-1959,0,,0,79,71,53,1,319,2,12,0,0,0,37,,,,0,,,,,,,,,,,,,,,,,,,,,,,,,,,,,,,,,,,,,,,,,,,,
2018,1,1,17,3,17/01/2018,B6,20409,B6,N309JB,2618,11697,1169706,32467,FLL,"Fort Lauderdale, FL",FL,12,Florida,33,12451,1245102,31136,JAX,"Jacksonville, FL",FL,12,Florida,33,2025,2115,50,50,1,3,2000-2059,14,2129,2220,4,2141,2224,43,43,1,2,2100-2159,0,,0,76,69,51,1,319,2,6,0,0,0,37,,,,0,,,,,,,,,,,,,,,,,,,,,,,,,,,,,,,,,,,,,,,,,,,,
2018,1,1,17,3,17/01/2018,B6,20409,B6,N339JB,2625,14492,1449202,34492,RDU,"Raleigh/Durham, NC",NC,37,North Carolina,36,11697,1169706,32467,FLL,"Fort Lauderdale, FL",FL,12,Florida,33,1650,1944,174,174,1,11,1600-1659,74,2058,2255,4,1859,2259,240,240,1,12,1800-1859,0,,0,129,195,117,1,680,3,0,0,66,0,174,,,,0,,,,,,,,,,,,,,,,,,,,,,,,,,,,,,,,,,,,,,,,,,,,
2018,1,1,17,3,17/01/2018,B6,20409,B6,N339JB,2626,11697,1169706,32467,FLL,"Fort Lauderdale, FL",FL,12,Florida,33,14492,1449202,34492,RDU,"Raleigh/Durham, NC",NC,37,North Carolina,36,1414,1637,143,143,1,9,1400-1459,12,1649,1826,48,1615,1914,179,179,1,11,1600-1659,0,,0,121,157,97,1,680,3,0,143,36,0,0,,,,0,,,,,,,,,,,,,,,,,,,,,,,,,,,,,,,,,,,,,,,,,,,,
2018,1,1,17,3,17/01/2018,B6,20409,B6,N229JB,2679,10721,1072102,30721,BOS,"Boston, MA",MA,25,Massachusetts,13,11618,1161802,31703,EWR,"Newark, NJ",NJ,34,New Jersey,21,1950,2308,198,198,1,12,1900-1959,16,2324,15,7,2120,22,182,182,1,12,2100-2159,0,,0,90,74,51,1,200,1,114,0,0,0,68,,,,0,,,,,,,,,,,,,,,,,,,,,,,,,,,,,,,,,,,,,,,,,,,,
2018,1,1,17,3,17/01/2018,B6,20409,B6,N229JB,2680,11618,1161802,31703,EWR,"Newark, NJ",NJ,34,New Jersey,21,10721,1072102,30721,BOS,"Boston, MA",MA,25,Massachusetts,13,2155,48,173,173,1,11,2100-2159,11,59,135,4,2301,139,158,158,1,10,2300-2359,0,,0,66,51,36,1,200,1,0,0,0,0,158,,,,0,,,,,,,,,,,,,,,,,,,,,,,,,,,,,,,,,,,,,,,,,,,,
2018,1,1,17,3,17/01/2018,B6,20409,B6,N309JB,2718,11697,1169706,32467,FLL,"Fort Lauderdale, FL",FL,12,Florida,33,12451,1245102,31136,JAX,"Jacksonville, FL",FL,12,Florida,33,1636,1732,56,56,1,3,1600-1659,18,1750,1839,4,1754,1843,49,49,1,3,1700-1759,0,,0,78,71,49,1,319,2,40,0,0,0,9,,,,0,,,,,,,,,,,,,,,,,,,,,,,,,,,,,,,,,,,,,,,,,,,,
2018,1,1,17,3,17/01/2018,B6,20409,B6,N228JB,2779,10721,1072102,30721,BOS,"Boston, MA",MA,25,Massachusetts,13,11618,1161802,31703,EWR,"Newark, NJ",NJ,34,New Jersey,21,2127,2124,-3,0,0,-1,2100-2159,32,2156,2248,10,2251,2258,7,7,0,0,2200-2259,0,,0,84,94,52,1,200,1,,,,,,,,,0,,,,,,,,,,,,,,,,,,,,,,,,,,,,,,,,,,,,,,,,,,,,
2018,1,1,17,3,17/01/2018,B6,20409,B6,N273JB,2783,10721,1072102,30721,BOS,"Boston, MA",MA,25,Massachusetts,13,14492,1449202,34492,RDU,"Raleigh/Durham, NC",NC,37,North Carolina,36,1309,1304,-5,0,0,-1,1300-1359,42,1346,1547,12,1516,1559,43,43,1,2,1500-1559,0,,0,127,175,121,1,612,3,0,0,43,0,0,,,,0,,,,,,,,,,,,,,,,,,,,,,,,,,,,,,,,,,,,,,,,,,,,
2018,1,1,17,3,17/01/2018,B6,20409,B6,N228JB,2784,14492,1449202,34492,RDU,"Raleigh/Durham, NC",NC,37,North Carolina,36,10721,1072102,30721,BOS,"Boston, MA",MA,25,Massachusetts,13,605,,,,,,0600-0659,,,,,757,,,,,,0700-0759,1,B,0,112,,,1,612,3,,,,,,,,,0,,,,,,,,,,,,,,,,,,,,,,,,,,,,,,,,,,,,,,,,,,,,
2018,1,1,17,3,17/01/2018,B6,20409,B6,N187JB,2802,12478,1247805,31703,JFK,"New York, NY",NY,36,New York,22,10792,1079206,30792,BUF,"Buffalo, NY",NY,36,New York,22,600,550,-10,0,0,-1,0600-0659,18,608,709,5,725,714,-11,0,0,-1,0700-0759,0,,0,85,84,61,1,301,2,,,,,,,,,0,,,,,,,,,,,,,,,,,,,,,,,,,,,,,,,,,,,,,,,,,,,,
2018,1,1,17,3,17/01/2018,B6,20409,B6,N613JB,2806,11697,1169706,32467,FLL,"Fort Lauderdale, FL",FL,12,Florida,33,11618,1161802,31703,EWR,"Newark, NJ",NJ,34,New Jersey,21,2112,2310,118,118,1,7,2100-2159,12,2322,126,7,2,133,91,91,1,6,0001-0559,0,,0,170,143,124,1,1065,5,2,0,0,0,89,,,,0,,,,,,,,,,,,,,,,,,,,,,,,,,,,,,,,,,,,,,,,,,,,
2018,1,1,17,3,17/01/2018,B6,20409,B6,N178JB,2807,14321,1432105,34321,PWM,"Portland, ME",ME,23,Maine,12,12478,1247805,31703,JFK,"New York, NY",NY,36,New York,22,533,,,,,,0001-0559,,,,,659,,,,,,0600-0659,1,B,0,86,,,1,273,2,,,,,,,,,0,,,,,,,,,,,,,,,,,,,,,,,,,,,,,,,,,,,,,,,,,,,,
2018,1,1,17,3,17/01/2018,B6,20409,B6,N570JB,2927,11618,1161802,31703,EWR,"Newark, NJ",NJ,34,New Jersey,21,13204,1320402,31454,MCO,"Orlando, FL",FL,12,Florida,33,1455,1455,0,0,0,0,1400-1459,52,1547,1829,11,1751,1840,49,49,1,3,1700-1759,0,,0,176,225,162,1,937,4,0,0,49,0,0,,,,0,,,,,,,,,,,,,,,,,,,,,,,,,,,,,,,,,,,,,,,,,,,,
2018,1,1,17,3,17/01/2018,B6,20409,B6,N653JB,2928,13204,1320402,31454,MCO,"Orlando, FL",FL,12,Florida,33,11618,1161802,31703,EWR,"Newark, NJ",NJ,34,New Jersey,21,1900,2023,83,83,1,5,1900-1959,18,2041,2235,7,2140,2242,62,62,1,4,2100-2159,0,,0,160,139,114,1,937,4,0,0,62,0,0,,,,0,,,,,,,,,,,,,,,,,,,,,,,,,,,,,,,,,,,,,,,,,,,,
2018,1,1,18,4,18/01/2018,B6,20409,B6,N959JB,1,12478,1247805,31703,JFK,"New York, NY",NY,36,New York,22,11697,1169706,32467,FLL,"Fort Lauderdale, FL",FL,12,Florida,33,1000,959,-1,0,0,-1,1000-1059,20,1019,1241,8,1315,1249,-26,0,0,-2,1300-1359,0,,0,195,170,142,1,1069,5,,,,,,,,,0,,,,,,,,,,,,,,,,,,,,,,,,,,,,,,,,,,,,,,,,,,,,
2018,1,1,18,4,18/01/2018,B6,20409,B6,N613JB,5,11618,1161802,31703,EWR,"Newark, NJ",NJ,34,New Jersey,21,11697,1169706,32467,FLL,"Fort Lauderdale, FL",FL,12,Florida,33,800,758,-2,0,0,-1,0800-0859,14,812,1026,20,1109,1046,-23,0,0,-2,1100-1159,0,,0,189,168,134,1,1065,5,,,,,,,,,0,,,,,,,,,,,,,,,,,,,,,,,,,,,,,,,,,,,,,,,,,,,,
2018,1,1,18,4,18/01/2018,B6,20409,B6,N709JB,6,11697,1169706,32467,FLL,"Fort Lauderdale, FL",FL,12,Florida,33,11618,1161802,31703,EWR,"Newark, NJ",NJ,34,New Jersey,21,1336,1419,43,43,1,2,1300-1359,33,1452,1716,15,1636,1731,55,55,1,3,1600-1659,0,,0,180,192,144,1,1065,5,0,0,55,0,0,,,,0,,,,,,,,,,,,,,,,,,,,,,,,,,,,,,,,,,,,,,,,,,,,
2018,1,1,18,4,18/01/2018,B6,20409,B6,N632JB,7,11697,1169706,32467,FLL,"Fort Lauderdale, FL",FL,12,Florida,33,12889,1288903,32211,LAS,"Las Vegas, NV",NV,32,Nevada,85,1919,1915,-4,0,0,-1,1900-1959,21,1936,2124,12,2156,2136,-20,0,0,-2,2100-2159,0,,0,337,321,288,1,2173,9,,,,,,,,,0,,,,,,,,,,,,,,,,,,,,,,,,,,,,,,,,,,,,,,,,,,,,
2018,1,1,18,4,18/01/2018,B6,20409,B6,N632JB,8,12889,1288903,32211,LAS,"Las Vegas, NV",NV,32,Nevada,85,11697,1169706,32467,FLL,"Fort Lauderdale, FL",FL,12,Florida,33,2246,2300,14,14,0,0,2200-2259,14,2314,629,7,617,636,19,19,1,1,0600-0659,0,,0,271,276,255,1,2173,9,14,0,5,0,0,,,,0,,,,,,,,,,,,,,,,,,,,,,,,,,,,,,,,,,,,,,,,,,,,
2018,1,1,18,4,18/01/2018,B6,20409,B6,N583JB,14,12954,1295406,32575,LGB,"Long Beach, CA",CA,6,California,91,12478,1247805,31703,JFK,"New York, NY",NY,36,New York,22,2106,2103,-3,0,0,-1,2100-2159,11,2114,522,5,516,527,11,11,0,0,0001-0559,0,,0,310,324,308,1,2465,10,,,,,,,,,0,,,,,,,,,,,,,,,,,,,,,,,,,,,,,,,,,,,,,,,,,,,,
2018,1,1,18,4,18/01/2018,B6,20409,B6,N961JB,15,12478,1247805,31703,JFK,"New York, NY",NY,36,New York,22,14771,1477104,32457,SFO,"San Francisco, CA",CA,6,California,91,650,646,-4,0,0,-1,0600-0659,18,704,943,8,1029,951,-38,0,0,-2,1000-1059,0,,0,399,365,339,1,2586,11,,,,,,,,,0,,,,,,,,,,,,,,,,,,,,,,,,,,,,,,,,,,,,,,,,,,,,
2018,1,1,18,4,18/01/2018,B6,20409,B6,N984JB,16,14771,1477104,32457,SFO,"San Francisco, CA",CA,6,California,91,12478,1247805,31703,JFK,"New York, NY",NY,36,New York,22,700,700,0,0,0,0,0700-0759,16,716,1522,4,1525,1526,1,1,0,0,1500-1559,0,,0,325,326,306,1,2586,11,,,,,,,,,0,,,,,,,,,,,,,,,,,,,,,,,,,,,,,,,,,,,,,,,,,,,,
2018,1,1,18,4,18/01/2018,B6,20409,B6,N969JB,19,10721,1072102,30721,BOS,"Boston, MA",MA,25,Massachusetts,13,14679,1467903,33570,SAN,"San Diego, CA",CA,6,California,91,1635,1629,-6,0,0,-1,1600-1659,18,1647,1916,4,2010,1920,-50,0,0,-2,2000-2059,0,,0,395,351,329,1,2588,11,,,,,,,,,0,,,,,,,,,,,,,,,,,,,,,,,,,,,,,,,,,,,,,,,,,,,,
2018,1,1,18,4,18/01/2018,B6,20409,B6,N969JB,20,14679,1467903,33570,SAN,"San Diego, CA",CA,6,California,91,10721,1072102,30721,BOS,"Boston, MA",MA,25,Massachusetts,13,2130,2130,0,0,0,0,2100-2159,12,2142,543,3,546,546,0,0,0,0,0001-0559,0,,0,316,316,301,1,2588,11,,,,,,,,,0,,,,,,,,,,,,,,,,,,,,,,,,,,,,,,,,,,,,,,,,,,,,
2018,1,1,18,4,18/01/2018,B6,20409,B6,N606JB,21,10721,1072102,30721,BOS,"Boston, MA",MA,25,Massachusetts,13,14027,1402702,34027,PBI,"West Palm Beach/Palm Beach, FL",FL,12,Florida,33,1133,1130,-3,0,0,-1,1100-1159,12,1142,1421,3,1500,1424,-36,0,0,-2,1500-1559,0,,0,207,174,159,1,1197,5,,,,,,,,,0,,,,,,,,,,,,,,,,,,,,,,,,,,,,,,,,,,,,,,,,,,,,
2018,1,1,18,4,18/01/2018,B6,20409,B6,N796JB,22,14027,1402702,34027,PBI,"West Palm Beach/Palm Beach, FL",FL,12,Florida,33,10721,1072102,30721,BOS,"Boston, MA",MA,25,Massachusetts,13,2053,2107,14,14,0,0,2000-2059,13,2120,2354,4,2349,2358,9,9,0,0,2300-2359,0,,0,176,171,154,1,1197,5,,,,,,,,,0,,,,,,,,,,,,,,,,,,,,,,,,,,,,,,,,,,,,,,,,,,,,
2018,1,1,18,4,18/01/2018,B6,20409,B6,N929JB,23,12478,1247805,31703,JFK,"New York, NY",NY,36,New York,22,12892,1289208,32575,LAX,"Los Angeles, CA",CA,6,California,91,600,552,-8,0,0,-1,0600-0659,13,605,816,12,923,828,-55,0,0,-2,0900-0959,0,,0,383,336,311,1,2475,10,,,,,,,,,0,,,,,,,,,,,,,,,,,,,,,,,,,,,,,,,,,,,,,,,,,,,,
2018,1,1,18,4,18/01/2018,B6,20409,B6,N942JB,24,12892,1289208,32575,LAX,"Los Angeles, CA",CA,6,California,91,12478,1247805,31703,JFK,"New York, NY",NY,36,New York,22,600,554,-6,0,0,-1,0600-0659,14,608,1419,4,1415,1423,8,8,0,0,1400-1459,0,,0,315,329,311,1,2475,10,,,,,,,,,0,,,,,,,,,,,,,,,,,,,,,,,,,,,,,,,,,,,,,,,,,,,,
2018,1,1,18,4,18/01/2018,B6,20409,B6,N190JB,26,15304,1530402,33195,TPA,"Tampa, FL",FL,12,Florida,33,12478,1247805,31703,JFK,"New York, NY",NY,36,New York,22,1028,1123,55,55,1,3,1000-1059,14,1137,1348,3,1300,1351,51,51,1,3,1300-1359,0,,0,152,148,131,1,1005,5,51,0,0,0,0,,,,0,,,,,,,,,,,,,,,,,,,,,,,,,,,,,,,,,,,,,,,,,,,,
2018,1,1,18,4,18/01/2018,B6,20409,B6,N653JB,27,11618,1161802,31703,EWR,"Newark, NJ",NJ,34,New Jersey,21,13204,1320402,31454,MCO,"Orlando, FL",FL,12,Florida,33,841,912,31,31,1,2,0800-0859,59,1011,1230,15,1139,1245,66,66,1,4,1100-1159,0,,0,178,213,139,1,937,4,23,0,35,0,8,,,,0,,,,,,,,,,,,,,,,,,,,,,,,,,,,,,,,,,,,,,,,,,,,
2018,1,1,18,4,18/01/2018,B6,20409,B6,N503JB,28,13204,1320402,31454,MCO,"Orlando, FL",FL,12,Florida,33,11618,1161802,31703,EWR,"Newark, NJ",NJ,34,New Jersey,21,939,937,-2,0,0,-1,0900-0959,23,1000,1204,7,1215,1211,-4,0,0,-1,1200-1259,0,,0,156,154,124,1,937,4,,,,,,,,,0,,,,,,,,,,,,,,,,,,,,,,,,,,,,,,,,,,,,,,,,,,,,
2018,1,1,18,4,18/01/2018,B6,20409,B6,N267JB,33,10785,1078502,30785,BTV,"Burlington, VT",VT,50,Vermont,16,12478,1247805,31703,JFK,"New York, NY",NY,36,New York,22,1441,1427,-14,0,0,-1,1400-1459,18,1445,1540,4,1608,1544,-24,0,0,-2,1600-1659,0,,0,87,77,55,1,266,2,,,,,,,,,0,,,,,,,,,,,,,,,,,,,,,,,,,,,,,,,,,,,,,,,,,,,,
2018,1,1,18,4,18/01/2018,B6,20409,B6,N267JB,34,12478,1247805,31703,JFK,"New York, NY",NY,36,New York,22,10785,1078502,30785,BTV,"Burlington, VT",VT,50,Vermont,16,1253,1246,-7,0,0,-1,1200-1259,9,1255,1347,4,1406,1351,-15,0,0,-1,1400-1459,0,,0,73,65,52,1,266,2,,,,,,,,,0,,,,,,,,,,,,,,,,,,,,,,,,,,,,,,,,,,,,,,,,,,,,
2018,1,1,18,4,18/01/2018,B6,20409,B6,N568JB,42,12954,1295406,32575,LGB,"Long Beach, CA",CA,6,California,91,14570,1457002,34570,RNO,"Reno, NV",NV,32,Nevada,85,835,825,-10,0,0,-1,0800-0859,9,834,935,3,1002,938,-24,0,0,-2,1000-1059,0,,0,87,73,61,1,402,2,,,,,,,,,0,,,,,,,,,,,,,,,,,,,,,,,,,,,,,,,,,,,,,,,,,,,,
2018,1,1,18,4,18/01/2018,B6,20409,B6,N568JB,43,14570,1457002,34570,RNO,"Reno, NV",NV,32,Nevada,85,12954,1295406,32575,LGB,"Long Beach, CA",CA,6,California,91,1042,1024,-18,0,0,-2,1000-1059,14,1038,1144,2,1204,1146,-18,0,0,-2,1200-1259,0,,0,82,82,66,1,402,2,,,,,,,,,0,,,,,,,,,,,,,,,,,,,,,,,,,,,,,,,,,,,,,,,,,,,,
2018,1,1,18,4,18/01/2018,B6,20409,B6,N304JB,49,10721,1072102,30721,BOS,"Boston, MA",MA,25,Massachusetts,13,14685,1468502,34685,SAV,"Savannah, GA",GA,13,Georgia,34,951,1000,9,9,0,0,0900-0959,24,1024,1217,3,1240,1220,-20,0,0,-2,1200-1259,0,,0,169,140,113,1,901,4,,,,,,,,,0,,,,,,,,,,,,,,,,,,,,,,,,,,,,,,,,,,,,,,,,,,,,
2018,1,1,18,4,18/01/2018,B6,20409,B6,N304JB,50,14685,1468502,34685,SAV,"Savannah, GA",GA,13,Georgia,34,10721,1072102,30721,BOS,"Boston, MA",MA,25,Massachusetts,13,1315,1308,-7,0,0,-1,1300-1359,11,1319,1518,5,1533,1523,-10,0,0,-1,1500-1559,0,,0,138,135,119,1,901,4,,,,,,,,,0,,,,,,,,,,,,,,,,,,,,,,,,,,,,,,,,,,,,,,,,,,,,
2018,1,1,18,4,18/01/2018,B6,20409,B6,N955JB,51,10721,1072102,30721,BOS,"Boston, MA",MA,25,Massachusetts,13,13204,1320402,31454,MCO,"Orlando, FL",FL,12,Florida,33,600,557,-3,0,0,-1,0600-0659,36,633,917,10,926,927,1,1,0,0,0900-0959,0,,0,206,210,164,1,1121,5,,,,,,,,,0,,,,,,,,,,,,,,,,,,,,,,,,,,,,,,,,,,,,,,,,,,,,
2018,1,1,18,4,18/01/2018,B6,20409,B6,N971JB,52,13204,1320402,31454,MCO,"Orlando, FL",FL,12,Florida,33,10721,1072102,30721,BOS,"Boston, MA",MA,25,Massachusetts,13,715,706,-9,0,0,-1,0700-0759,17,723,951,8,1007,959,-8,0,0,-1,1000-1059,0,,0,172,173,148,1,1121,5,,,,,,,,,0,,,,,,,,,,,,,,,,,,,,,,,,,,,,,,,,,,,,,,,,,,,,
2018,1,1,18,4,18/01/2018,B6,20409,B6,N913JB,53,12478,1247805,31703,JFK,"New York, NY",NY,36,New York,22,14027,1402702,34027,PBI,"West Palm Beach/Palm Beach, FL",FL,12,Florida,33,656,647,-9,0,0,-1,0600-0659,20,707,938,5,957,943,-14,0,0,-1,0900-0959,0,,0,181,176,151,1,1028,5,,,,,,,,,0,,,,,,,,,,,,,,,,,,,,,,,,,,,,,,,,,,,,,,,,,,,,
2018,1,1,18,4,18/01/2018,B6,20409,B6,N958JB,54,14027,1402702,34027,PBI,"West Palm Beach/Palm Beach, FL",FL,12,Florida,33,12478,1247805,31703,JFK,"New York, NY",NY,36,New York,22,700,651,-9,0,0,-1,0700-0759,10,701,910,7,939,917,-22,0,0,-2,0900-0959,0,,0,159,146,129,1,1028,5,,,,,,,,,0,,,,,,,,,,,,,,,,,,,,,,,,,,,,,,,,,,,,,,,,,,,,
2018,1,1,18,4,18/01/2018,B6,20409,B6,N197JB,55,10721,1072102,30721,BOS,"Boston, MA",MA,25,Massachusetts,13,11278,1127805,30852,DCA,"Washington, DC",VA,51,Virginia,38,719,720,1,1,0,0,0700-0759,28,748,850,4,907,854,-13,0,0,-1,0900-0959,0,,0,108,94,62,1,399,2,,,,,,,,,0,,,,,,,,,,,,,,,,,,,,,,,,,,,,,,,,,,,,,,,,,,,,
2018,1,1,18,4,18/01/2018,B6,20409,B6,N354JB,56,12264,1226402,30852,IAD,"Washington, DC",VA,51,Virginia,38,10721,1072102,30721,BOS,"Boston, MA",MA,25,Massachusetts,13,1026,1019,-7,0,0,-1,1000-1059,10,1029,1140,4,1149,1144,-5,0,0,-1,1100-1159,0,,0,83,85,71,1,413,2,,,,,,,,,0,,,,,,,,,,,,,,,,,,,,,,,,,,,,,,,,,,,,,,,,,,,,
2018,1,1,18,4,18/01/2018,B6,20409,B6,N354JB,57,10721,1072102,30721,BOS,"Boston, MA",MA,25,Massachusetts,13,12264,1226402,30852,IAD,"Washington, DC",VA,51,Virginia,38,800,757,-3,0,0,-1,0800-0859,26,823,930,5,948,935,-13,0,0,-1,0900-0959,0,,0,108,98,67,1,413,2,,,,,,,,,0,,,,,,,,,,,,,,,,,,,,,,,,,,,,,,,,,,,,,,,,,,,,
2018,1,1,18,4,18/01/2018,B6,20409,B6,N594JB,61,10721,1072102,30721,BOS,"Boston, MA",MA,25,Massachusetts,13,14843,1484306,34819,SJU,"San Juan, PR",PR,72,Puerto Rico,3,2255,2302,7,7,0,0,2200-2259,10,2312,340,4,351,344,-7,0,0,-1,0001-0559,0,,0,236,222,208,1,1674,7,,,,,,,,,0,,,,,,,,,,,,,,,,,,,,,,,,,,,,,,,,,,,,,,,,,,,,
2018,1,1,18,4,18/01/2018,B6,20409,B6,N562JB,62,14027,1402702,34027,PBI,"West Palm Beach/Palm Beach, FL",FL,12,Florida,33,12953,1295304,31703,LGA,"New York, NY",NY,36,New York,22,949,947,-2,0,0,-1,0900-0959,10,957,1213,4,1230,1217,-13,0,0,-1,1200-1259,0,,0,161,150,136,1,1035,5,,,,,,,,,0,,,,,,,,,,,,,,,,,,,,,,,,,,,,,,,,,,,,,,,,,,,,
2018,1,1,18,4,18/01/2018,B6,20409,B6,N603JB,65,12478,1247805,31703,JFK,"New York, NY",NY,36,New York,22,10140,1014005,30140,ABQ,"Albuquerque, NM",NM,35,New Mexico,86,1958,2000,2,2,0,0,1900-1959,12,2012,2204,6,2308,2210,-58,0,0,-2,2300-2359,0,,0,310,250,232,1,1826,8,,,,,,,,,0,,,,,,,,,,,,,,,,,,,,,,,,,,,,,,,,,,,,,,,,,,,,
2018,1,1,18,4,18/01/2018,B6,20409,B6,N603JB,66,10140,1014005,30140,ABQ,"Albuquerque, NM",NM,35,New Mexico,86,12478,1247805,31703,JFK,"New York, NY",NY,36,New York,22,2358,2345,-13,0,0,-1,2300-2359,7,2352,558,6,551,604,13,13,0,0,0001-0559,0,,0,233,259,246,1,1826,8,,,,,,,,,0,,,,,,,,,,,,,,,,,,,,,,,,,,,,,,,,,,,,,,,,,,,,
2018,1,1,18,4,18/01/2018,B6,20409,B6,N594JB,69,10721,1072102,30721,BOS,"Boston, MA",MA,25,Massachusetts,13,11697,1169706,32467,FLL,"Fort Lauderdale, FL",FL,12,Florida,33,1420,1415,-5,0,0,-1,1400-1459,18,1433,1734,5,1755,1739,-16,0,0,-2,1700-1759,0,,0,215,204,181,1,1237,5,,,,,,,,,0,,,,,,,,,,,,,,,,,,,,,,,,,,,,,,,,,,,,,,,,,,,,
2018,1,1,18,4,18/01/2018,B6,20409,B6,N784JB,71,12478,1247805,31703,JFK,"New York, NY",NY,36,New York,22,14869,1486903,34614,SLC,"Salt Lake City, UT",UT,49,Utah,87,2051,2127,36,36,1,2,2000-2059,30,2157,30,2,22,32,10,10,0,0,0001-0559,0,,0,331,305,273,1,1990,8,,,,,,,,,0,,,,,,,,,,,,,,,,,,,,,,,,,,,,,,,,,,,,,,,,,,,,
2018,1,1,18,4,18/01/2018,B6,20409,B6,N809JB,72,14869,1486903,34614,SLC,"Salt Lake City, UT",UT,49,Utah,87,12478,1247805,31703,JFK,"New York, NY",NY,36,New York,22,2252,2243,-9,0,0,-1,2200-2259,9,2252,444,8,508,452,-16,0,0,-2,0001-0559,0,,0,256,249,232,1,1990,8,,,,,,,,,0,,,,,,,,,,,,,,,,,,,,,,,,,,,,,,,,,,,,,,,,,,,,
2018,1,1,18,4,18/01/2018,B6,20409,B6,N324JB,76,13495,1349505,33495,MSY,"New Orleans, LA",LA,22,Louisiana,72,12478,1247805,31703,JFK,"New York, NY",NY,36,New York,22,1158,1155,-3,0,0,-1,1100-1159,10,1205,1538,6,1546,1544,-2,0,0,-1,1500-1559,0,,0,168,169,153,1,1182,5,,,,,,,,,0,,,,,,,,,,,,,,,,,,,,,,,,,,,,,,,,,,,,,,,,,,,,
2018,1,1,18,4,18/01/2018,B6,20409,B6,N804JB,80,14570,1457002,34570,RNO,"Reno, NV",NV,32,Nevada,85,12478,1247805,31703,JFK,"New York, NY",NY,36,New York,22,2356,2359,3,3,0,0,2300-2359,39,38,804,6,803,810,7,7,0,0,0800-0859,0,,0,307,311,266,1,2411,10,,,,,,,,,0,,,,,,,,,,,,,,,,,,,,,,,,,,,,,,,,,,,,,,,,,,,,
2018,1,1,18,4,18/01/2018,B6,20409,B6,N804JB,81,12478,1247805,31703,JFK,"New York, NY",NY,36,New York,22,14570,1457002,34570,RNO,"Reno, NV",NV,32,Nevada,85,1939,1933,-6,0,0,-1,1900-1959,17,1950,2209,6,2306,2215,-51,0,0,-2,2300-2359,0,,0,387,342,319,1,2411,10,,,,,,,,,0,,,,,,,,,,,,,,,,,,,,,,,,,,,,,,,,,,,,,,,,,,,,
2018,1,1,18,4,18/01/2018,B6,20409,B6,N640JB,85,10792,1079206,30792,BUF,"Buffalo, NY",NY,36,New York,22,13204,1320402,31454,MCO,"Orlando, FL",FL,12,Florida,33,1648,1717,29,29,1,1,1600-1659,15,1732,1947,16,1938,2003,25,25,1,1,1900-1959,0,,0,170,166,135,1,1011,5,25,0,0,0,0,,,,0,,,,,,,,,,,,,,,,,,,,,,,,,,,,,,,,,,,,,,,,,,,,
2018,1,1,18,4,18/01/2018,B6,20409,B6,N651JB,87,10257,1025702,30257,ALB,"Albany, NY",NY,36,New York,22,11697,1169706,32467,FLL,"Fort Lauderdale, FL",FL,12,Florida,33,1634,1648,14,14,0,0,1600-1659,12,1700,1953,8,1954,2001,7,7,0,0,1900-1959,0,,0,200,193,173,1,1204,5,,,,,,,,,0,,,,,,,,,,,,,,,,,,,,,,,,,,,,,,,,,,,,,,,,,,,,
2018,1,1,18,4,18/01/2018,B6,20409,B6,N651JB,88,11697,1169706,32467,FLL,"Fort Lauderdale, FL",FL,12,Florida,33,10257,1025702,30257,ALB,"Albany, NY",NY,36,New York,22,1255,1304,9,9,0,0,1200-1259,21,1325,1605,4,1553,1609,16,16,1,1,1500-1559,0,,0,178,185,160,1,1204,5,9,0,7,0,0,,,,0,,,,,,,,,,,,,,,,,,,,,,,,,,,,,,,,,,,,,,,,,,,,
2018,1,1,18,4,18/01/2018,B6,20409,B6,N944JB,89,12478,1247805,31703,JFK,"New York, NY",NY,36,New York,22,14679,1467903,33570,SAN,"San Diego, CA",CA,6,California,91,1635,1635,0,0,0,0,1600-1659,16,1651,1855,8,1957,1903,-54,0,0,-2,1900-1959,0,,0,382,328,304,1,2446,10,,,,,,,,,0,,,,,,,,,,,,,,,,,,,,,,,,,,,,,,,,,,,,,,,,,,,,
2018,1,1,18,4,18/01/2018,B6,20409,B6,N944JB,90,14679,1467903,33570,SAN,"San Diego, CA",CA,6,California,91,12478,1247805,31703,JFK,"New York, NY",NY,36,New York,22,2110,2109,-1,0,0,-1,2100-2159,15,2124,535,6,517,541,24,24,1,1,0001-0559,0,,0,307,332,311,1,2446,10,0,0,24,0,0,,,,0,,,,,,,,,,,,,,,,,,,,,,,,,,,,,,,,,,,,,,,,,,,,
2018,1,1,18,4,18/01/2018,B6,20409,B6,N972JB,97,12478,1247805,31703,JFK,"New York, NY",NY,36,New York,22,11292,1129202,30325,DEN,"Denver, CO",CO,8,Colorado,82,2016,2012,-4,0,0,-1,2000-2059,14,2026,2200,6,2259,2206,-53,0,0,-2,2200-2259,0,,0,283,234,214,1,1626,7,,,,,,,,,0,,,,,,,,,,,,,,,,,,,,,,,,,,,,,,,,,,,,,,,,,,,,
2018,1,1,18,4,18/01/2018,B6,20409,B6,N972JB,98,11292,1129202,30325,DEN,"Denver, CO",CO,8,Colorado,82,12478,1247805,31703,JFK,"New York, NY",NY,36,New York,22,2359,2353,-6,0,0,-1,2300-2359,13,6,525,5,537,530,-7,0,0,-1,0001-0559,0,,0,218,217,199,1,1626,7,,,,,,,,,0,,,,,,,,,,,,,,,,,,,,,,,,,,,,,,,,,,,,,,,,,,,,
2018,1,1,18,4,18/01/2018,B6,20409,B6,N984JB,100,12892,1289208,32575,LAX,"Los Angeles, CA",CA,6,California,91,11697,1169706,32467,FLL,"Fort Lauderdale, FL",FL,12,Florida,33,2114,2113,-1,0,0,-1,2100-2159,29,2142,515,10,501,525,24,24,1,1,0001-0559,0,,0,287,312,273,1,2343,10,0,0,24,0,0,,,,0,,,,,,,,,,,,,,,,,,,,,,,,,,,,,,,,,,,,,,,,,,,,
2018,1,1,18,4,18/01/2018,B6,20409,B6,N976JB,101,11697,1169706,32467,FLL,"Fort Lauderdale, FL",FL,12,Florida,33,12892,1289208,32575,LAX,"Los Angeles, CA",CA,6,California,91,1700,1656,-4,0,0,-1,1700-1759,16,1712,1920,25,1958,1945,-13,0,0,-1,1900-1959,0,,0,358,349,308,1,2343,10,,,,,,,,,0,,,,,,,,,,,,,,,,,,,,,,,,,,,,,,,,,,,,,,,,,,,,
2018,1,1,18,4,18/01/2018,B6,20409,B6,N353JB,102,12478,1247805,31703,JFK,"New York, NY",NY,36,New York,22,10792,1079206,30792,BUF,"Buffalo, NY",NY,36,New York,22,1833,1826,-7,0,0,-1,1800-1859,10,1836,1934,4,2008,1938,-30,0,0,-2,2000-2059,0,,0,95,72,58,1,301,2,,,,,,,,,0,,,,,,,,,,,,,,,,,,,,,,,,,,,,,,,,,,,,,,,,,,,,
2018,1,1,18,4,18/01/2018,B6,20409,B6,N358JB,105,12478,1247805,31703,JFK,"New York, NY",NY,36,New York,22,13930,1393006,30977,ORD,"Chicago, IL",IL,17,Illinois,41,1545,1606,21,21,1,1,1500-1559,20,1626,1731,15,1741,1746,5,5,0,0,1700-1759,0,,0,176,160,125,1,740,3,,,,,,,,,0,,,,,,,,,,,,,,,,,,,,,,,,,,,,,,,,,,,,,,,,,,,,
2018,1,1,18,4,18/01/2018,B6,20409,B6,N517JB,106,11697,1169706,32467,FLL,"Fort Lauderdale, FL",FL,12,Florida,33,11618,1161802,31703,EWR,"Newark, NJ",NJ,34,New Jersey,21,1620,1708,48,48,1,3,1600-1659,36,1744,2010,8,1924,2018,54,54,1,3,1900-1959,0,,0,184,190,146,1,1065,5,18,0,36,0,0,,,,0,,,,,,,,,,,,,,,,,,,,,,,,,,,,,,,,,,,,,,,,,,,,
2018,1,1,18,4,18/01/2018,B6,20409,B6,N353JB,107,14321,1432105,34321,PWM,"Portland, ME",ME,23,Maine,12,12478,1247805,31703,JFK,"New York, NY",NY,36,New York,22,1146,1156,10,10,0,0,1100-1159,12,1208,1255,6,1307,1301,-6,0,0,-1,1300-1359,0,,0,81,65,47,1,273,2,,,,,,,,,0,,,,,,,,,,,,,,,,,,,,,,,,,,,,,,,,,,,,,,,,,,,,
2018,1,1,18,4,18/01/2018,B6,20409,B6,N358JB,108,12478,1247805,31703,JFK,"New York, NY",NY,36,New York,22,14321,1432105,34321,PWM,"Portland, ME",ME,23,Maine,12,2250,2241,-9,0,0,-1,2200-2259,19,2300,2346,4,4,2350,-14,0,0,-1,0001-0559,0,,0,74,69,46,1,273,2,,,,,,,,,0,,,,,,,,,,,,,,,,,,,,,,,,,,,,,,,,,,,,,,,,,,,,
2018,1,1,18,4,18/01/2018,B6,20409,B6,N249JB,111,10721,1072102,30721,BOS,"Boston, MA",MA,25,Massachusetts,13,13930,1393006,30977,ORD,"Chicago, IL",IL,17,Illinois,41,701,657,-4,0,0,-1,0700-0759,41,738,848,15,904,903,-1,0,0,-1,0900-0959,0,,0,183,186,130,1,867,4,,,,,,,,,0,,,,,,,,,,,,,,,,,,,,,,,,,,,,,,,,,,,,,,,,,,,,
2018,1,1,18,4,18/01/2018,B6,20409,B6,N206JB,112,13930,1393006,30977,ORD,"Chicago, IL",IL,17,Illinois,41,10721,1072102,30721,BOS,"Boston, MA",MA,25,Massachusetts,13,1942,1932,-10,0,0,-1,1900-1959,23,1955,2240,5,2257,2245,-12,0,0,-1,2200-2259,0,,0,135,133,105,1,867,4,,,,,,,,,0,,,,,,,,,,,,,,,,,,,,,,,,,,,,,,,,,,,,,,,,,,,,
2018,1,1,18,4,18/01/2018,B6,20409,B6,N284JB,115,15096,1509602,35096,SYR,"Syracuse, NY",NY,36,New York,22,12478,1247805,31703,JFK,"New York, NY",NY,36,New York,22,530,517,-13,0,0,-1,0001-0559,28,545,634,4,653,638,-15,0,0,-1,0600-0659,0,,0,83,81,49,1,209,1,,,,,,,,,0,,,,,,,,,,,,,,,,,,,,,,,,,,,,,,,,,,,,,,,,,,,,
2018,1,1,18,4,18/01/2018,B6,20409,B6,N203JB,116,12478,1247805,31703,JFK,"New York, NY",NY,36,New York,22,15096,1509602,35096,SYR,"Syracuse, NY",NY,36,New York,22,735,737,2,2,0,0,0700-0759,19,756,840,3,848,843,-5,0,0,-1,0800-0859,0,,0,73,66,44,1,209,1,,,,,,,,,0,,,,,,,,,,,,,,,,,,,,,,,,,,,,,,,,,,,,,,,,,,,,
2018,1,1,18,4,18/01/2018,B6,20409,B6,N281JB,117,10721,1072102,30721,BOS,"Boston, MA",MA,25,Massachusetts,13,12478,1247805,31703,JFK,"New York, NY",NY,36,New York,22,1243,1248,5,5,0,0,1200-1259,16,1304,1346,4,1401,1350,-11,0,0,-1,1400-1459,0,,0,78,62,42,1,187,1,,,,,,,,,0,,,,,,,,,,,,,,,,,,,,,,,,,,,,,,,,,,,,,,,,,,,,
2018,1,1,18,4,18/01/2018,B6,20409,B6,N595JB,119,10257,1025702,30257,ALB,"Albany, NY",NY,36,New York,22,13204,1320402,31454,MCO,"Orlando, FL",FL,12,Florida,33,1526,1520,-6,0,0,-1,1500-1559,10,1530,1801,11,1835,1812,-23,0,0,-2,1800-1859,0,,0,189,172,151,1,1073,5,,,,,,,,,0,,,,,,,,,,,,,,,,,,,,,,,,,,,,,,,,,,,,,,,,,,,,
2018,1,1,18,4,18/01/2018,B6,20409,B6,N595JB,120,13204,1320402,31454,MCO,"Orlando, FL",FL,12,Florida,33,10257,1025702,30257,ALB,"Albany, NY",NY,36,New York,22,1202,1152,-10,0,0,-1,1200-1259,14,1206,1426,6,1446,1432,-14,0,0,-1,1400-1459,0,,0,164,160,140,1,1073,5,,,,,,,,,0,,,,,,,,,,,,,,,,,,,,,,,,,,,,,,,,,,,,,,,,,,,,
2018,1,1,18,4,18/01/2018,B6,20409,B6,N834JB,121,10721,1072102,30721,BOS,"Boston, MA",MA,25,Massachusetts,13,14027,1402702,34027,PBI,"West Palm Beach/Palm Beach, FL",FL,12,Florida,33,900,906,6,6,0,0,0900-0959,17,923,1201,3,1229,1204,-25,0,0,-2,1200-1259,0,,0,209,178,158,1,1197,5,,,,,,,,,0,,,,,,,,,,,,,,,,,,,,,,,,,,,,,,,,,,,,,,,,,,,,
2018,1,1,18,4,18/01/2018,B6,20409,B6,N606JB,122,14027,1402702,34027,PBI,"West Palm Beach/Palm Beach, FL",FL,12,Florida,33,10721,1072102,30721,BOS,"Boston, MA",MA,25,Massachusetts,13,1540,1533,-7,0,0,-1,1500-1559,13,1546,1825,14,1843,1839,-4,0,0,-1,1800-1859,0,,0,183,186,159,1,1197,5,,,,,,,,,0,,,,,,,,,,,,,,,,,,,,,,,,,,,,,,,,,,,,,,,,,,,,
2018,1,1,18,4,18/01/2018,B6,20409,B6,N991JB,123,12478,1247805,31703,JFK,"New York, NY",NY,36,New York,22,12892,1289208,32575,LAX,"Los Angeles, CA",CA,6,California,91,726,731,5,5,0,0,0700-0759,23,754,1000,5,1053,1005,-48,0,0,-2,1000-1059,0,,0,387,334,306,1,2475,10,,,,,,,,,0,,,,,,,,,,,,,,,,,,,,,,,,,,,,,,,,,,,,,,,,,,,,
2018,1,1,18,4,18/01/2018,B6,20409,B6,N944JB,124,12892,1289208,32575,LAX,"Los Angeles, CA",CA,6,California,91,12478,1247805,31703,JFK,"New York, NY",NY,36,New York,22,700,650,-10,0,0,-1,0700-0759,24,714,1528,7,1516,1535,19,19,1,1,1500-1559,0,,0,316,345,314,1,2475,10,0,0,19,0,0,,,,0,,,,,,,,,,,,,,,,,,,,,,,,,,,,,,,,,,,,,,,,,,,,
2018,1,1,18,4,18/01/2018,B6,20409,B6,N206JB,126,10821,1082106,30852,BWI,"Baltimore, MD",MD,24,Maryland,35,10721,1072102,30721,BOS,"Boston, MA",MA,25,Massachusetts,13,1306,1323,17,17,1,1,1300-1359,10,1333,1431,5,1426,1436,10,10,0,0,1400-1459,0,,0,80,73,58,1,369,2,,,,,,,,,0,,,,,,,,,,,,,,,,,,,,,,,,,,,,,,,,,,,,,,,,,,,,
2018,1,1,18,4,18/01/2018,B6,20409,B6,N655JB,127,11618,1161802,31703,EWR,"Newark, NJ",NJ,34,New Jersey,21,13204,1320402,31454,MCO,"Orlando, FL",FL,12,Florida,33,1934,2036,62,62,1,4,1900-1959,18,2054,2310,13,2227,2323,56,56,1,3,2200-2259,0,,0,173,167,136,1,937,4,1,0,0,0,55,,,,0,,,,,,,,,,,,,,,,,,,,,,,,,,,,,,,,,,,,,,,,,,,,
2018,1,1,18,4,18/01/2018,B6,20409,B6,N623JB,128,13204,1320402,31454,MCO,"Orlando, FL",FL,12,Florida,33,11618,1161802,31703,EWR,"Newark, NJ",NJ,34,New Jersey,21,1709,1859,110,110,1,7,1700-1759,28,1927,2127,11,1952,2138,106,106,1,7,1900-1959,0,,0,163,159,120,1,937,4,106,0,0,0,0,1659,32,32,0,,,,,,,,,,,,,,,,,,,,,,,,,,,,,,,,,,,,,,,,,,,,
2018,1,1,18,4,18/01/2018,B6,20409,B6,N587JB,130,14635,1463502,31714,RSW,"Fort Myers, FL",FL,12,Florida,33,12478,1247805,31703,JFK,"New York, NY",NY,36,New York,22,1510,1501,-9,0,0,-1,1500-1559,8,1509,1729,12,1757,1741,-16,0,0,-2,1700-1759,0,,0,167,160,140,1,1074,5,,,,,,,,,0,,,,,,,,,,,,,,,,,,,,,,,,,,,,,,,,,,,,,,,,,,,,
2018,1,1,18,4,18/01/2018,B6,20409,B6,N706JB,131,13204,1320402,31454,MCO,"Orlando, FL",FL,12,Florida,33,12892,1289208,32575,LAX,"Los Angeles, CA",CA,6,California,91,2013,2011,-2,0,0,-1,2000-2059,12,2023,2214,14,2300,2228,-32,0,0,-2,2300-2359,0,,0,347,317,291,1,2218,9,,,,,,,,,0,,,,,,,,,,,,,,,,,,,,,,,,,,,,,,,,,,,,,,,,,,,,
2018,1,1,18,4,18/01/2018,B6,20409,B6,N706JB,132,12892,1289208,32575,LAX,"Los Angeles, CA",CA,6,California,91,13204,1320402,31454,MCO,"Orlando, FL",FL,12,Florida,33,2350,2342,-8,0,0,-1,2300-2359,12,2354,716,13,739,729,-10,0,0,-1,0700-0759,0,,0,289,287,262,1,2218,9,,,,,,,,,0,,,,,,,,,,,,,,,,,,,,,,,,,,,,,,,,,,,,,,,,,,,,
2018,1,1,18,4,18/01/2018,B6,20409,B6,N985JB,133,10721,1072102,30721,BOS,"Boston, MA",MA,25,Massachusetts,13,14771,1477104,32457,SFO,"San Francisco, CA",CA,6,California,91,640,634,-6,0,0,-1,0600-0659,39,713,1007,6,1038,1013,-25,0,0,-2,1000-1059,0,,0,418,399,354,1,2704,11,,,,,,,,,0,,,,,,,,,,,,,,,,,,,,,,,,,,,,,,,,,,,,,,,,,,,,
2018,1,1,18,4,18/01/2018,B6,20409,B6,N828JB,135,12478,1247805,31703,JFK,"New York, NY",NY,36,New York,22,14107,1410702,30466,PHX,"Phoenix, AZ",AZ,4,Arizona,81,1919,2015,56,56,1,3,1900-1959,13,2028,2302,8,2309,2310,1,1,0,0,2300-2359,0,,0,350,295,274,1,2153,9,,,,,,,,,0,,,,,,,,,,,,,,,,,,,,,,,,,,,,,,,,,,,,,,,,,,,,
2018,1,1,18,4,18/01/2018,B6,20409,B6,N746JB,136,14107,1410702,30466,PHX,"Phoenix, AZ",AZ,4,Arizona,81,12478,1247805,31703,JFK,"New York, NY",NY,36,New York,22,2249,2340,51,51,1,3,2200-2259,17,2357,631,6,521,637,76,76,1,5,0001-0559,0,,0,272,297,274,1,2153,9,0,0,25,0,51,,,,0,,,,,,,,,,,,,,,,,,,,,,,,,,,,,,,,,,,,,,,,,,,,
2018,1,1,18,4,18/01/2018,B6,20409,B6,N339JB,144,10994,1099402,30994,CHS,"Charleston, SC",SC,45,South Carolina,37,11278,1127805,30852,DCA,"Washington, DC",VA,51,Virginia,38,605,555,-10,0,0,-1,0600-0659,12,607,714,13,727,727,0,0,0,0,0700-0759,0,,0,82,92,67,1,444,2,,,,,,,,,0,,,,,,,,,,,,,,,,,,,,,,,,,,,,,,,,,,,,,,,,,,,,
2018,1,1,18,4,18/01/2018,B6,20409,B6,N637JB,147,13796,1379608,32457,OAK,"Oakland, CA",CA,6,California,91,12954,1295406,32575,LGB,"Long Beach, CA",CA,6,California,91,849,837,-12,0,0,-1,0800-0859,10,847,948,2,1006,950,-16,0,0,-2,1000-1059,0,,0,77,73,61,1,353,2,,,,,,,,,0,,,,,,,,,,,,,,,,,,,,,,,,,,,,,,,,,,,,,,,,,,,,
2018,1,1,18,4,18/01/2018,B6,20409,B6,N637JB,148,12954,1295406,32575,LGB,"Long Beach, CA",CA,6,California,91,13796,1379608,32457,OAK,"Oakland, CA",CA,6,California,91,650,638,-12,0,0,-1,0600-0659,22,700,753,4,809,757,-12,0,0,-1,0800-0859,0,,0,79,79,53,1,353,2,,,,,,,,,0,,,,,,,,,,,,,,,,,,,,,,,,,,,,,,,,,,,,,,,,,,,,
2018,1,1,18,4,18/01/2018,B6,20409,B6,N630JB,149,12478,1247805,31703,JFK,"New York, NY",NY,36,New York,22,14262,1426204,34262,PSP,"Palm Springs, CA",CA,6,California,91,1730,1727,-3,0,0,-1,1700-1759,23,1750,1950,6,2042,1956,-46,0,0,-2,2000-2059,0,,0,372,329,300,1,2378,10,,,,,,,,,0,,,,,,,,,,,,,,,,,,,,,,,,,,,,,,,,,,,,,,,,,,,,
2018,1,1,18,4,18/01/2018,B6,20409,B6,N630JB,150,14262,1426204,34262,PSP,"Palm Springs, CA",CA,6,California,91,12478,1247805,31703,JFK,"New York, NY",NY,36,New York,22,2132,2127,-5,0,0,-1,2100-2159,15,2142,545,6,531,551,20,20,1,1,0001-0559,0,,0,299,324,303,1,2378,10,0,0,20,0,0,,,,0,,,,,,,,,,,,,,,,,,,,,,,,,,,,,,,,,,,,,,,,,,,,
2018,1,1,18,4,18/01/2018,B6,20409,B6,N949JB,153,12478,1247805,31703,JFK,"New York, NY",NY,36,New York,22,14027,1402702,34027,PBI,"West Palm Beach/Palm Beach, FL",FL,12,Florida,33,1459,1458,-1,0,0,-1,1400-1459,34,1532,1804,8,1808,1812,4,4,0,0,1800-1859,0,,0,189,194,152,1,1028,5,,,,,,,,,0,,,,,,,,,,,,,,,,,,,,,,,,,,,,,,,,,,,,,,,,,,,,
2018,1,1,18,4,18/01/2018,B6,20409,B6,N913JB,154,14027,1402702,34027,PBI,"West Palm Beach/Palm Beach, FL",FL,12,Florida,33,12478,1247805,31703,JFK,"New York, NY",NY,36,New York,22,1100,1057,-3,0,0,-1,1100-1159,13,1110,1330,3,1343,1333,-10,0,0,-1,1300-1359,0,,0,163,156,140,1,1028,5,,,,,,,,,0,,,,,,,,,,,,,,,,,,,,,,,,,,,,,,,,,,,,,,,,,,,,
2018,1,1,18,4,18/01/2018,B6,20409,B6,N323JB,156,12264,1226402,30852,IAD,"Washington, DC",VA,51,Virginia,38,10721,1072102,30721,BOS,"Boston, MA",MA,25,Massachusetts,13,1459,1452,-7,0,0,-1,1400-1459,11,1503,1617,5,1623,1622,-1,0,0,-1,1600-1659,0,,0,84,90,74,1,413,2,,,,,,,,,0,,,,,,,,,,,,,,,,,,,,,,,,,,,,,,,,,,,,,,,,,,,,
2018,1,1,18,4,18/01/2018,B6,20409,B6,N323JB,157,10721,1072102,30721,BOS,"Boston, MA",MA,25,Massachusetts,13,12264,1226402,30852,IAD,"Washington, DC",VA,51,Virginia,38,1241,1228,-13,0,0,-1,1200-1259,15,1243,1350,4,1424,1354,-30,0,0,-2,1400-1459,0,,0,103,86,67,1,413,2,,,,,,,,,0,,,,,,,,,,,,,,,,,,,,,,,,,,,,,,,,,,,,,,,,,,,,
2018,1,1,18,4,18/01/2018,B6,20409,B6,N746JB,159,10721,1072102,30721,BOS,"Boston, MA",MA,25,Massachusetts,13,14100,1410005,34100,PHL,"Philadelphia, PA",PA,42,Pennsylvania,23,645,919,154,154,1,10,0600-0659,17,936,1031,5,825,1036,131,131,1,8,0800-0859,0,,0,100,77,55,1,280,2,131,0,0,0,0,806,23,23,0,,,,,,,,,,,,,,,,,,,,,,,,,,,,,,,,,,,,,,,,,,,,
2018,1,1,18,4,18/01/2018,B6,20409,B6,N374JB,160,14100,1410005,34100,PHL,"Philadelphia, PA",PA,42,Pennsylvania,23,10721,1072102,30721,BOS,"Boston, MA",MA,25,Massachusetts,13,1045,1144,59,59,1,3,1000-1059,15,1159,1253,5,1208,1258,50,50,1,3,1200-1259,0,,0,83,74,54,1,280,2,0,0,0,0,50,,,,0,,,,,,,,,,,,,,,,,,,,,,,,,,,,,,,,,,,,,,,,,,,,
2018,1,1,18,4,18/01/2018,B6,20409,B6,N592JB,161,12478,1247805,31703,JFK,"New York, NY",NY,36,New York,22,14893,1489302,33192,SMF,"Sacramento, CA",CA,6,California,91,1920,1913,-7,0,0,-1,1900-1959,12,1925,2205,4,2300,2209,-51,0,0,-2,2300-2359,0,,0,400,356,340,1,2521,11,,,,,,,,,0,,,,,,,,,,,,,,,,,,,,,,,,,,,,,,,,,,,,,,,,,,,,
2018,1,1,18,4,18/01/2018,B6,20409,B6,N592JB,162,14893,1489302,33192,SMF,"Sacramento, CA",CA,6,California,91,12478,1247805,31703,JFK,"New York, NY",NY,36,New York,22,2350,2342,-8,0,0,-1,2300-2359,11,2353,734,6,802,740,-22,0,0,-2,0800-0859,0,,0,312,298,281,1,2521,11,,,,,,,,,0,,,,,,,,,,,,,,,,,,,,,,,,,,,,,,,,,,,,,,,,,,,,
2018,1,1,18,4,18/01/2018,B6,20409,B6,N789JB,163,12478,1247805,31703,JFK,"New York, NY",NY,36,New York,22,14986,1498603,34986,SRQ,"Sarasota/Bradenton, FL",FL,12,Florida,33,759,755,-4,0,0,-1,0700-0759,16,811,1035,4,1108,1039,-29,0,0,-2,1100-1159,0,,0,189,164,144,1,1041,5,,,,,,,,,0,,,,,,,,,,,,,,,,,,,,,,,,,,,,,,,,,,,,,,,,,,,,
2018,1,1,18,4,18/01/2018,B6,20409,B6,N789JB,164,14986,1498603,34986,SRQ,"Sarasota/Bradenton, FL",FL,12,Florida,33,12478,1247805,31703,JFK,"New York, NY",NY,36,New York,22,1148,1136,-12,0,0,-1,1100-1159,9,1145,1403,4,1429,1407,-22,0,0,-2,1400-1459,0,,0,161,151,138,1,1041,5,,,,,,,,,0,,,,,,,,,,,,,,,,,,,,,,,,,,,,,,,,,,,,,,,,,,,,
2018,1,1,18,4,18/01/2018,B6,20409,B6,N527JB,165,10721,1072102,30721,BOS,"Boston, MA",MA,25,Massachusetts,13,14635,1463502,31714,RSW,"Fort Myers, FL",FL,12,Florida,33,1449,1517,28,28,1,1,1400-1459,11,1528,1826,4,1830,1830,0,0,0,0,1800-1859,0,,0,221,193,178,1,1249,5,,,,,,,,,0,,,,,,,,,,,,,,,,,,,,,,,,,,,,,,,,,,,,,,,,,,,,
2018,1,1,18,4,18/01/2018,B6,20409,B6,N593JB,167,12478,1247805,31703,JFK,"New York, NY",NY,36,New York,22,13796,1379608,32457,OAK,"Oakland, CA",CA,6,California,91,2029,2105,36,36,1,2,2000-2059,15,2120,2,4,12,6,-6,0,0,-1,0001-0559,0,,0,403,361,342,1,2576,11,,,,,,,,,0,,,,,,,,,,,,,,,,,,,,,,,,,,,,,,,,,,,,,,,,,,,,
2018,1,1,18,4,18/01/2018,B6,20409,B6,N763JB,168,13796,1379608,32457,OAK,"Oakland, CA",CA,6,California,91,12478,1247805,31703,JFK,"New York, NY",NY,36,New York,22,2209,2238,29,29,1,1,2200-2259,13,2251,641,6,629,647,18,18,1,1,0600-0659,0,,0,320,309,290,1,2576,11,2,0,0,0,16,,,,0,,,,,,,,,,,,,,,,,,,,,,,,,,,,,,,,,,,,,,,,,,,,
2018,1,1,18,4,18/01/2018,B6,20409,B6,N659JB,170,11697,1169706,32467,FLL,"Fort Lauderdale, FL",FL,12,Florida,33,10721,1072102,30721,BOS,"Boston, MA",MA,25,Massachusetts,13,1610,1623,13,13,0,0,1600-1659,16,1639,1930,9,1920,1939,19,19,1,1,1900-1959,0,,0,190,196,171,1,1237,5,13,0,6,0,0,,,,0,,,,,,,,,,,,,,,,,,,,,,,,,,,,,,,,,,,,,,,,,,,,
2018,1,1,18,4,18/01/2018,B6,20409,B6,N559JB,176,14843,1484306,34819,SJU,"San Juan, PR",PR,72,Puerto Rico,3,10529,1052906,30529,BDL,"Hartford, CT",CT,9,Connecticut,11,1331,1323,-8,0,0,-1,1300-1359,16,1339,1608,7,1634,1615,-19,0,0,-2,1600-1659,0,,0,243,232,209,1,1666,7,,,,,,,,,0,,,,,,,,,,,,,,,,,,,,,,,,,,,,,,,,,,,,,,,,,,,,
2018,1,1,18,4,18/01/2018,B6,20409,B6,N967JB,177,10721,1072102,30721,BOS,"Boston, MA",MA,25,Massachusetts,13,12889,1288903,32211,LAS,"Las Vegas, NV",NV,32,Nevada,85,2045,2040,-5,0,0,-1,2000-2059,22,2102,2312,14,2355,2326,-29,0,0,-2,2300-2359,0,,0,370,346,310,1,2381,10,,,,,,,,,0,,,,,,,,,,,,,,,,,,,,,,,,,,,,,,,,,,,,,,,,,,,,
2018,1,1,18,4,18/01/2018,B6,20409,B6,N968JB,178,12889,1288903,32211,LAS,"Las Vegas, NV",NV,32,Nevada,85,10721,1072102,30721,BOS,"Boston, MA",MA,25,Massachusetts,13,1135,1131,-4,0,0,-1,1100-1159,17,1148,1934,11,1933,1945,12,12,0,0,1900-1959,0,,0,298,314,286,1,2381,10,,,,,,,,,0,,,,,,,,,,,,,,,,,,,,,,,,,,,,,,,,,,,,,,,,,,,,
2018,1,1,18,4,18/01/2018,B6,20409,B6,N597JB,179,12889,1288903,32211,LAS,"Las Vegas, NV",NV,32,Nevada,85,12954,1295406,32575,LGB,"Long Beach, CA",CA,6,California,91,1845,1838,-7,0,0,-1,1800-1859,8,1846,1930,2,1949,1932,-17,0,0,-2,1900-1959,0,,0,64,54,44,1,231,1,,,,,,,,,0,,,,,,,,,,,,,,,,,,,,,,,,,,,,,,,,,,,,,,,,,,,,
2018,1,1,18,4,18/01/2018,B6,20409,B6,N507JB,180,12954,1295406,32575,LGB,"Long Beach, CA",CA,6,California,91,12889,1288903,32211,LAS,"Las Vegas, NV",NV,32,Nevada,85,1845,1852,7,7,0,0,1800-1859,8,1900,1944,5,1951,1949,-2,0,0,-1,1900-1959,0,,0,66,57,44,1,231,1,,,,,,,,,0,,,,,,,,,,,,,,,,,,,,,,,,,,,,,,,,,,,,,,,,,,,,
2018,1,1,18,4,18/01/2018,B6,20409,B6,N635JB,181,11697,1169706,32467,FLL,"Fort Lauderdale, FL",FL,12,Florida,33,10693,1069302,30693,BNA,"Nashville, TN",TN,47,Tennessee,54,1406,1525,79,79,1,5,1400-1459,50,1615,1713,9,1533,1722,109,109,1,7,1500-1559,0,,0,147,177,118,1,793,4,79,0,30,0,0,,,,0,,,,,,,,,,,,,,,,,,,,,,,,,,,,,,,,,,,,,,,,,,,,
2018,1,1,18,4,18/01/2018,B6,20409,B6,N635JB,182,10693,1069302,30693,BNA,"Nashville, TN",TN,47,Tennessee,54,11697,1169706,32467,FLL,"Fort Lauderdale, FL",FL,12,Florida,33,1619,1800,101,101,1,6,1600-1659,15,1815,2105,6,1936,2111,95,95,1,6,1900-1959,0,,0,137,131,110,1,793,4,0,0,0,0,95,,,,0,,,,,,,,,,,,,,,,,,,,,,,,,,,,,,,,,,,,,,,,,,,,
2018,1,1,18,4,18/01/2018,B6,20409,B6,N317JB,184,14492,1449202,34492,RDU,"Raleigh/Durham, NC",NC,37,North Carolina,36,10721,1072102,30721,BOS,"Boston, MA",MA,25,Massachusetts,13,1814,1855,41,41,1,2,1800-1859,14,1909,2038,8,2007,2046,39,39,1,2,2000-2059,0,,0,113,111,89,1,612,3,14,0,0,0,25,,,,0,,,,,,,,,,,,,,,,,,,,,,,,,,,,,,,,,,,,,,,,,,,,
2018,1,1,18,4,18/01/2018,B6,20409,B6,N238JB,185,14576,1457606,34576,ROC,"Rochester, NY",NY,36,New York,22,12478,1247805,31703,JFK,"New York, NY",NY,36,New York,22,535,528,-7,0,0,-1,0001-0559,35,603,651,25,658,716,18,18,1,1,0600-0659,0,,0,83,108,48,1,264,2,0,0,18,0,0,,,,0,,,,,,,,,,,,,,,,,,,,,,,,,,,,,,,,,,,,,,,,,,,,
2018,1,1,18,4,18/01/2018,B6,20409,B6,N990JB,189,12478,1247805,31703,JFK,"New York, NY",NY,36,New York,22,14679,1467903,33570,SAN,"San Diego, CA",CA,6,California,91,855,853,-2,0,0,-1,0800-0859,16,909,1109,6,1219,1115,-64,0,0,-2,1200-1259,0,,0,384,322,300,1,2446,10,,,,,,,,,0,,,,,,,,,,,,,,,,,,,,,,,,,,,,,,,,,,,,,,,,,,,,
2018,1,1,18,4,18/01/2018,B6,20409,B6,N990JB,190,14679,1467903,33570,SAN,"San Diego, CA",CA,6,California,91,12478,1247805,31703,JFK,"New York, NY",NY,36,New York,22,1330,1325,-5,0,0,-1,1300-1359,22,1347,2152,10,2144,2202,18,18,1,1,2100-2159,0,,0,314,337,305,1,2446,10,0,0,18,0,0,,,,0,,,,,,,,,,,,,,,,,,,,,,,,,,,,,,,,,,,,,,,,,,,,
2018,1,1,18,4,18/01/2018,B6,20409,B6,N656JB,195,10821,1082106,30852,BWI,"Baltimore, MD",MD,24,Maryland,35,11697,1169706,32467,FLL,"Fort Lauderdale, FL",FL,12,Florida,33,700,654,-6,0,0,-1,0700-0759,19,713,918,4,943,922,-21,0,0,-2,0900-0959,0,,0,163,148,125,1,925,4,,,,,,,,,0,,,,,,,,,,,,,,,,,,,,,,,,,,,,,,,,,,,,,,,,,,,,
2018,1,1,18,4,18/01/2018,B6,20409,B6,N641JB,197,10721,1072102,30721,BOS,"Boston, MA",MA,25,Massachusetts,13,14747,1474703,30559,SEA,"Seattle, WA",WA,53,Washington,93,1921,1916,-5,0,0,-1,1900-1959,22,1938,2242,7,2249,2249,0,0,0,0,2200-2259,0,,0,388,393,364,1,2496,10,,,,,,,,,0,,,,,,,,,,,,,,,,,,,,,,,,,,,,,,,,,,,,,,,,,,,,
2018,1,1,18,4,18/01/2018,B6,20409,B6,N640JB,198,13204,1320402,31454,MCO,"Orlando, FL",FL,12,Florida,33,12953,1295304,31703,LGA,"New York, NY",NY,36,New York,22,605,605,0,0,0,0,0600-0659,19,624,832,5,833,837,4,4,0,0,0800-0859,0,,0,148,152,128,1,950,4,,,,,,,,,0,,,,,,,,,,,,,,,,,,,,,,,,,,,,,,,,,,,,,,,,,,,,
2018,1,1,18,4,18/01/2018,B6,20409,B6,N640JB,199,12953,1295304,31703,LGA,"New York, NY",NY,36,New York,22,13204,1320402,31454,MCO,"Orlando, FL",FL,12,Florida,33,930,928,-2,0,0,-1,0900-0959,27,955,1208,12,1245,1220,-25,0,0,-2,1200-1259,0,,0,195,172,133,1,950,4,,,,,,,,,0,,,,,,,,,,,,,,,,,,,,,,,,,,,,,,,,,,,,,,,,,,,,
2018,1,1,18,4,18/01/2018,B6,20409,B6,N959JB,202,11697,1169706,32467,FLL,"Fort Lauderdale, FL",FL,12,Florida,33,12478,1247805,31703,JFK,"New York, NY",NY,36,New York,22,1415,1417,2,2,0,0,1400-1459,13,1430,1650,5,1706,1655,-11,0,0,-1,1700-1759,0,,0,171,158,140,1,1069,5,,,,,,,,,0,,,,,,,,,,,,,,,,,,,,,,,,,,,,,,,,,,,,,,,,,,,,
2018,1,1,18,4,18/01/2018,B6,20409,B6,N556JB,205,11618,1161802,31703,EWR,"Newark, NJ",NJ,34,New Jersey,21,11697,1169706,32467,FLL,"Fort Lauderdale, FL",FL,12,Florida,33,1005,959,-6,0,0,-1,1000-1059,39,1038,1306,5,1317,1311,-6,0,0,-1,1300-1359,0,,0,192,192,148,1,1065,5,,,,,,,,,0,,,,,,,,,,,,,,,,,,,,,,,,,,,,,,,,,,,,,,,,,,,,
2018,1,1,18,4,18/01/2018,B6,20409,B6,N605JB,211,11618,1161802,31703,EWR,"Newark, NJ",NJ,34,New Jersey,21,14635,1463502,31714,RSW,"Fort Myers, FL",FL,12,Florida,33,929,924,-5,0,0,-1,0900-0959,64,1028,1259,10,1256,1309,13,13,0,0,1200-1259,0,,0,207,225,151,1,1068,5,,,,,,,,,0,,,,,,,,,,,,,,,,,,,,,,,,,,,,,,,,,,,,,,,,,,,,
2018,1,1,18,4,18/01/2018,B6,20409,B6,N649JB,213,12478,1247805,31703,JFK,"New York, NY",NY,36,New York,22,12954,1295406,32575,LGB,"Long Beach, CA",CA,6,California,91,726,726,0,0,0,0,0700-0759,21,747,953,4,1044,957,-47,0,0,-2,1000-1059,0,,0,378,331,306,1,2465,10,,,,,,,,,0,,,,,,,,,,,,,,,,,,,,,,,,,,,,,,,,,,,,,,,,,,,,
2018,1,1,18,4,18/01/2018,B6,20409,B6,N715JB,215,10721,1072102,30721,BOS,"Boston, MA",MA,25,Massachusetts,13,11298,1129806,30194,DFW,"Dallas/Fort Worth, TX",TX,48,Texas,74,731,737,6,6,0,0,0700-0759,24,801,1018,7,1105,1025,-40,0,0,-2,1100-1159,0,,0,274,228,197,1,1562,7,,,,,,,,,0,,,,,,,,,,,,,,,,,,,,,,,,,,,,,,,,,,,,,,,,,,,,
2018,1,1,18,4,18/01/2018,B6,20409,B6,N265JB,218,11057,1105703,31057,CLT,"Charlotte, NC",NC,37,North Carolina,36,12478,1247805,31703,JFK,"New York, NY",NY,36,New York,22,1038,1022,-16,0,0,-2,1000-1059,18,1040,1203,8,1221,1211,-10,0,0,-1,1200-1259,0,,0,103,109,83,1,541,3,,,,,,,,,0,,,,,,,,,,,,,,,,,,,,,,,,,,,,,,,,,,,,,,,,,,,,
2018,1,1,18,4,18/01/2018,B6,20409,B6,N265JB,219,12478,1247805,31703,JFK,"New York, NY",NY,36,New York,22,11057,1105703,31057,CLT,"Charlotte, NC",NC,37,North Carolina,36,800,754,-6,0,0,-1,0800-0859,13,807,920,6,1003,926,-37,0,0,-2,1000-1059,0,,0,123,92,73,1,541,3,,,,,,,,,0,,,,,,,,,,,,,,,,,,,,,,,,,,,,,,,,,,,,,,,,,,,,
2018,1,1,18,4,18/01/2018,B6,20409,B6,N508JB,221,10721,1072102,30721,BOS,"Boston, MA",MA,25,Massachusetts,13,14027,1402702,34027,PBI,"West Palm Beach/Palm Beach, FL",FL,12,Florida,33,2030,2036,6,6,0,0,2000-2059,16,2052,2346,4,2353,2350,-3,0,0,-1,2300-2359,0,,0,203,194,174,1,1197,5,,,,,,,,,0,,,,,,,,,,,,,,,,,,,,,,,,,,,,,,,,,,,,,,,,,,,,
2018,1,1,18,4,18/01/2018,B6,20409,B6,N834JB,222,14027,1402702,34027,PBI,"West Palm Beach/Palm Beach, FL",FL,12,Florida,33,10721,1072102,30721,BOS,"Boston, MA",MA,25,Massachusetts,13,1310,1259,-11,0,0,-1,1300-1359,9,1308,1546,4,1615,1550,-25,0,0,-2,1600-1659,0,,0,185,171,158,1,1197,5,,,,,,,,,0,,,,,,,,,,,,,,,,,,,,,,,,,,,,,,,,,,,,,,,,,,,,
2018,1,1,18,4,18/01/2018,B6,20409,B6,N937JB,223,12478,1247805,31703,JFK,"New York, NY",NY,36,New York,22,12892,1289208,32575,LAX,"Los Angeles, CA",CA,6,California,91,829,823,-6,0,0,-1,0800-0859,17,840,1045,4,1204,1049,-75,0,0,-2,1200-1259,0,,0,395,326,305,1,2475,10,,,,,,,,,0,,,,,,,,,,,,,,,,,,,,,,,,,,,,,,,,,,,,,,,,,,,,
2018,1,1,18,4,18/01/2018,B6,20409,B6,N987JB,224,12892,1289208,32575,LAX,"Los Angeles, CA",CA,6,California,91,12478,1247805,31703,JFK,"New York, NY",NY,36,New York,22,830,826,-4,0,0,-1,0800-0859,29,855,1706,10,1650,1716,26,26,1,1,1600-1659,0,,0,320,350,311,1,2475,10,0,0,26,0,0,,,,0,,,,,,,,,,,,,,,,,,,,,,,,,,,,,,,,,,,,,,,,,,,,
2018,1,1,18,4,18/01/2018,B6,20409,B6,N587JB,225,12478,1247805,31703,JFK,"New York, NY",NY,36,New York,22,15304,1530402,33195,TPA,"Tampa, FL",FL,12,Florida,33,1842,1840,-2,0,0,-1,1800-1859,12,1852,2112,6,2155,2118,-37,0,0,-2,2100-2159,0,,0,193,158,140,1,1005,5,,,,,,,,,0,,,,,,,,,,,,,,,,,,,,,,,,,,,,,,,,,,,,,,,,,,,,
2018,1,1,18,4,18/01/2018,B6,20409,B6,N709JB,227,11618,1161802,31703,EWR,"Newark, NJ",NJ,34,New Jersey,21,13204,1320402,31454,MCO,"Orlando, FL",FL,12,Florida,33,1716,1819,63,63,1,4,1700-1759,12,1831,2040,26,2013,2106,53,53,1,3,2000-2059,0,,0,177,167,129,1,937,4,7,0,0,0,46,,,,0,,,,,,,,,,,,,,,,,,,,,,,,,,,,,,,,,,,,,,,,,,,,
2018,1,1,18,4,18/01/2018,B6,20409,B6,N580JB,228,13204,1320402,31454,MCO,"Orlando, FL",FL,12,Florida,33,11618,1161802,31703,EWR,"Newark, NJ",NJ,34,New Jersey,21,2108,2133,25,25,1,1,2100-2159,23,2156,2353,25,2339,18,39,39,1,2,2300-2359,0,,0,151,165,117,1,937,4,25,0,14,0,0,,,,0,,,,,,,,,,,,,,,,,,,,,,,,,,,,,,,,,,,,,,,,,,,,
2018,1,1,18,4,18/01/2018,B6,20409,B6,N583JB,231,14869,1486903,34614,SLC,"Salt Lake City, UT",UT,49,Utah,87,12954,1295406,32575,LGB,"Long Beach, CA",CA,6,California,91,1130,1130,0,0,0,0,1100-1159,12,1142,1210,3,1222,1213,-9,0,0,-1,1200-1259,0,,0,112,103,88,1,588,3,,,,,,,,,0,,,,,,,,,,,,,,,,,,,,,,,,,,,,,,,,,,,,,,,,,,,,
2018,1,1,18,4,18/01/2018,B6,20409,B6,N583JB,232,12954,1295406,32575,LGB,"Long Beach, CA",CA,6,California,91,14869,1486903,34614,SLC,"Salt Lake City, UT",UT,49,Utah,87,807,759,-8,0,0,-1,0800-0859,8,807,1032,2,1049,1034,-15,0,0,-1,1000-1059,0,,0,102,95,85,1,588,3,,,,,,,,,0,,,,,,,,,,,,,,,,,,,,,,,,,,,,,,,,,,,,,,,,,,,,
2018,1,1,18,4,18/01/2018,B6,20409,B6,N358JB,233,10785,1078502,30785,BTV,"Burlington, VT",VT,50,Vermont,16,12478,1247805,31703,JFK,"New York, NY",NY,36,New York,22,532,520,-12,0,0,-1,0001-0559,18,538,627,5,700,632,-28,0,0,-2,0700-0759,0,,0,88,72,49,1,266,2,,,,,,,,,0,,,,,,,,,,,,,,,,,,,,,,,,,,,,,,,,,,,,,,,,,,,,
2018,1,1,18,4,18/01/2018,B6,20409,B6,N353JB,234,12478,1247805,31703,JFK,"New York, NY",NY,36,New York,22,10785,1078502,30785,BTV,"Burlington, VT",VT,50,Vermont,16,2244,2239,-5,0,0,-1,2200-2259,20,2259,2343,4,2359,2347,-12,0,0,-1,2300-2359,0,,0,75,68,44,1,266,2,,,,,,,,,0,,,,,,,,,,,,,,,,,,,,,,,,,,,,,,,,,,,,,,,,,,,,
2018,1,1,18,4,18/01/2018,B6,20409,B6,N612JB,238,13204,1320402,31454,MCO,"Orlando, FL",FL,12,Florida,33,10529,1052906,30529,BDL,"Hartford, CT",CT,9,Connecticut,11,2014,2012,-2,0,0,-1,2000-2059,20,2032,2245,5,2250,2250,0,0,0,0,2200-2259,0,,0,156,158,133,1,1050,5,,,,,,,,,0,,,,,,,,,,,,,,,,,,,,,,,,,,,,,,,,,,,,,,,,,,,,
2018,1,1,18,4,18/01/2018,B6,20409,B6,N556JB,244,14027,1402702,34027,PBI,"West Palm Beach/Palm Beach, FL",FL,12,Florida,33,11618,1161802,31703,EWR,"Newark, NJ",NJ,34,New Jersey,21,630,620,-10,0,0,-1,0600-0659,15,635,857,9,915,906,-9,0,0,-1,0900-0959,0,,0,165,166,142,1,1023,5,,,,,,,,,0,,,,,,,,,,,,,,,,,,,,,,,,,,,,,,,,,,,,,,,,,,,,
2018,1,1,18,4,18/01/2018,B6,20409,B6,N583JB,247,13796,1379608,32457,OAK,"Oakland, CA",CA,6,California,91,12954,1295406,32575,LGB,"Long Beach, CA",CA,6,California,91,600,548,-12,0,0,-1,0600-0659,24,612,713,4,722,717,-5,0,0,-1,0700-0759,0,,0,82,89,61,1,353,2,,,,,,,,,0,,,,,,,,,,,,,,,,,,,,,,,,,,,,,,,,,,,,,,,,,,,,
2018,1,1,18,4,18/01/2018,B6,20409,B6,N649JB,248,12954,1295406,32575,LGB,"Long Beach, CA",CA,6,California,91,13796,1379608,32457,OAK,"Oakland, CA",CA,6,California,91,1134,1121,-13,0,0,-1,1100-1159,15,1136,1234,4,1255,1238,-17,0,0,-2,1200-1259,0,,0,81,77,58,1,353,2,,,,,,,,,0,,,,,,,,,,,,,,,,,,,,,,,,,,,,,,,,,,,,,,,,,,,,
2018,1,1,18,4,18/01/2018,B6,20409,B6,N531JB,251,10721,1072102,30721,BOS,"Boston, MA",MA,25,Massachusetts,13,13204,1320402,31454,MCO,"Orlando, FL",FL,12,Florida,33,830,826,-4,0,0,-1,0800-0859,20,846,1122,4,1155,1126,-29,0,0,-2,1100-1159,0,,0,205,180,156,1,1121,5,,,,,,,,,0,,,,,,,,,,,,,,,,,,,,,,,,,,,,,,,,,,,,,,,,,,,,
2018,1,1,18,4,18/01/2018,B6,20409,B6,N955JB,252,13204,1320402,31454,MCO,"Orlando, FL",FL,12,Florida,33,10721,1072102,30721,BOS,"Boston, MA",MA,25,Massachusetts,13,1030,1038,8,8,0,0,1000-1059,19,1057,1329,7,1320,1336,16,16,1,1,1300-1359,0,,0,170,178,152,1,1121,5,8,0,8,0,0,,,,0,,,,,,,,,,,,,,,,,,,,,,,,,,,,,,,,,,,,,,,,,,,,
2018,1,1,18,4,18/01/2018,B6,20409,B6,N354JB,254,11278,1127805,30852,DCA,"Washington, DC",VA,51,Virginia,38,10721,1072102,30721,BOS,"Boston, MA",MA,25,Massachusetts,13,600,552,-8,0,0,-1,0600-0659,14,606,716,4,724,720,-4,0,0,-1,0700-0759,0,,0,84,88,70,1,399,2,,,,,,,,,0,,,,,,,,,,,,,,,,,,,,,,,,,,,,,,,,,,,,,,,,,,,,
2018,1,1,18,4,18/01/2018,B6,20409,B6,N323JB,255,10721,1072102,30721,BOS,"Boston, MA",MA,25,Massachusetts,13,11278,1127805,30852,DCA,"Washington, DC",VA,51,Virginia,38,819,809,-10,0,0,-1,0800-0859,25,834,936,3,1001,939,-22,0,0,-2,1000-1059,0,,0,102,90,62,1,399,2,,,,,,,,,0,,,,,,,,,,,,,,,,,,,,,,,,,,,,,,,,,,,,,,,,,,,,
2018,1,1,18,4,18/01/2018,B6,20409,B6,N309JB,260,14100,1410005,34100,PHL,"Philadelphia, PA",PA,42,Pennsylvania,23,10721,1072102,30721,BOS,"Boston, MA",MA,25,Massachusetts,13,1802,1800,-2,0,0,-1,1800-1859,19,1819,1906,8,1924,1914,-10,0,0,-1,1900-1959,0,,0,82,74,47,1,280,2,,,,,,,,,0,,,,,,,,,,,,,,,,,,,,,,,,,,,,,,,,,,,,,,,,,,,,
2018,1,1,18,4,18/01/2018,B6,20409,B6,N775JB,263,12478,1247805,31703,JFK,"New York, NY",NY,36,New York,22,14747,1474703,30559,SEA,"Seattle, WA",WA,53,Washington,93,1738,1732,-6,0,0,-1,1700-1759,23,1755,2043,7,2059,2050,-9,0,0,-1,2000-2059,0,,0,381,378,348,1,2422,10,,,,,,,,,0,,,,,,,,,,,,,,,,,,,,,,,,,,,,,,,,,,,,,,,,,,,,
2018,1,1,18,4,18/01/2018,B6,20409,B6,N775JB,264,14747,1474703,30559,SEA,"Seattle, WA",WA,53,Washington,93,12478,1247805,31703,JFK,"New York, NY",NY,36,New York,22,2150,2150,0,0,0,0,2100-2159,16,2206,547,4,559,551,-8,0,0,-1,0001-0559,0,,0,309,301,281,1,2422,10,,,,,,,,,0,,,,,,,,,,,,,,,,,,,,,,,,,,,,,,,,,,,,,,,,,,,,
2018,1,1,18,4,18/01/2018,B6,20409,B6,N766JB,265,14893,1489302,33192,SMF,"Sacramento, CA",CA,6,California,91,12954,1295406,32575,LGB,"Long Beach, CA",CA,6,California,91,1015,1010,-5,0,0,-1,1000-1059,11,1021,1125,5,1137,1130,-7,0,0,-1,1100-1159,0,,0,82,80,64,1,387,2,,,,,,,,,0,,,,,,,,,,,,,,,,,,,,,,,,,,,,,,,,,,,,,,,,,,,,
2018,1,1,18,4,18/01/2018,B6,20409,B6,N766JB,266,12954,1295406,32575,LGB,"Long Beach, CA",CA,6,California,91,14893,1489302,33192,SMF,"Sacramento, CA",CA,6,California,91,807,803,-4,0,0,-1,0800-0859,10,813,920,6,935,926,-9,0,0,-1,0900-0959,0,,0,88,83,67,1,387,2,,,,,,,,,0,,,,,,,,,,,,,,,,,,,,,,,,,,,,,,,,,,,,,,,,,,,,
2018,1,1,18,4,18/01/2018,B6,20409,B6,N505JB,269,10721,1072102,30721,BOS,"Boston, MA",MA,25,Massachusetts,13,11697,1169706,32467,FLL,"Fort Lauderdale, FL",FL,12,Florida,33,935,959,24,24,1,1,0900-0959,24,1023,1308,17,1311,1325,14,14,0,0,1300-1359,0,,0,216,206,165,1,1237,5,,,,,,,,,0,,,,,,,,,,,,,,,,,,,,,,,,,,,,,,,,,,,,,,,,,,,,
2018,1,1,18,4,18/01/2018,B6,20409,B6,N552JB,272,11697,1169706,32467,FLL,"Fort Lauderdale, FL",FL,12,Florida,33,12953,1295304,31703,LGA,"New York, NY",NY,36,New York,22,606,554,-12,0,0,-1,0600-0659,26,620,848,8,859,856,-3,0,0,-1,0800-0859,0,,0,173,182,148,1,1076,5,,,,,,,,,0,,,,,,,,,,,,,,,,,,,,,,,,,,,,,,,,,,,,,,,,,,,,
2018,1,1,18,4,18/01/2018,B6,20409,B6,N618JB,275,10529,1052906,30529,BDL,"Hartford, CT",CT,9,Connecticut,11,14843,1484306,34819,SJU,"San Juan, PR",PR,72,Puerto Rico,3,600,603,3,3,0,0,0600-0659,32,635,1110,8,1053,1118,25,25,1,1,1000-1059,0,,0,233,255,215,1,1666,7,3,0,22,0,0,,,,0,,,,,,,,,,,,,,,,,,,,,,,,,,,,,,,,,,,,,,,,,,,,
2018,1,1,18,4,18/01/2018,B6,20409,B6,N979JB,277,11697,1169706,32467,FLL,"Fort Lauderdale, FL",FL,12,Florida,33,14771,1477104,32457,SFO,"San Francisco, CA",CA,6,California,91,1731,1807,36,36,1,2,1700-1759,47,1854,2134,12,2104,2146,42,42,1,2,2100-2159,0,,0,393,399,340,1,2584,11,0,0,42,0,0,,,,0,,,,,,,,,,,,,,,,,,,,,,,,,,,,,,,,,,,,,,,,,,,,
2018,1,1,18,4,18/01/2018,B6,20409,B6,N979JB,278,14771,1477104,32457,SFO,"San Francisco, CA",CA,6,California,91,11697,1169706,32467,FLL,"Fort Lauderdale, FL",FL,12,Florida,33,2215,2258,43,43,1,2,2200-2259,26,2324,721,8,636,729,53,53,1,3,0600-0659,0,,0,321,331,297,1,2584,11,12,0,10,0,31,,,,0,,,,,,,,,,,,,,,,,,,,,,,,,,,,,,,,,,,,,,,,,,,,
2018,1,1,18,4,18/01/2018,B6,20409,B6,N703JB,279,12889,1288903,32211,LAS,"Las Vegas, NV",NV,32,Nevada,85,12954,1295406,32575,LGB,"Long Beach, CA",CA,6,California,91,849,839,-10,0,0,-1,0800-0859,11,850,932,5,954,937,-17,0,0,-2,0900-0959,0,,0,65,58,42,1,231,1,,,,,,,,,0,,,,,,,,,,,,,,,,,,,,,,,,,,,,,,,,,,,,,,,,,,,,
2018,1,1,18,4,18/01/2018,B6,20409,B6,N637JB,280,12954,1295406,32575,LGB,"Long Beach, CA",CA,6,California,91,12889,1288903,32211,LAS,"Las Vegas, NV",NV,32,Nevada,85,1051,1041,-10,0,0,-1,1000-1059,15,1056,1141,6,1158,1147,-11,0,0,-1,1100-1159,0,,0,67,66,45,1,231,1,,,,,,,,,0,,,,,,,,,,,,,,,,,,,,,,,,,,,,,,,,,,,,,,,,,,,,
2018,1,1,18,4,18/01/2018,B6,20409,B6,N639JB,282,12191,1219102,31453,HOU,"Houston, TX",TX,48,Texas,74,12478,1247805,31703,JFK,"New York, NY",NY,36,New York,22,1120,1120,0,0,0,0,1100-1159,12,1132,1532,6,1541,1538,-3,0,0,-1,1500-1559,0,,0,201,198,180,1,1428,6,,,,,,,,,0,,,,,,,,,,,,,,,,,,,,,,,,,,,,,,,,,,,,,,,,,,,,
2018,1,1,18,4,18/01/2018,B6,20409,B6,N907JB,283,12478,1247805,31703,JFK,"New York, NY",NY,36,New York,22,13204,1320402,31454,MCO,"Orlando, FL",FL,12,Florida,33,1736,1740,4,4,0,0,1700-1759,9,1749,1959,9,2038,2008,-30,0,0,-2,2000-2059,0,,0,182,148,130,1,944,4,,,,,,,,,0,,,,,,,,,,,,,,,,,,,,,,,,,,,,,,,,,,,,,,,,,,,,
2018,1,1,18,4,18/01/2018,B6,20409,B6,N358JB,286,12478,1247805,31703,JFK,"New York, NY",NY,36,New York,22,14576,1457606,34576,ROC,"Rochester, NY",NY,36,New York,22,734,756,22,22,1,1,0700-0759,21,817,908,9,857,917,20,20,1,1,0800-0859,0,,0,83,81,51,1,264,2,20,0,0,0,0,,,,0,,,,,,,,,,,,,,,,,,,,,,,,,,,,,,,,,,,,,,,,,,,,
2018,1,1,18,4,18/01/2018,B6,20409,B6,N964JB,287,10721,1072102,30721,BOS,"Boston, MA",MA,25,Massachusetts,13,12892,1289208,32575,LAX,"Los Angeles, CA",CA,6,California,91,645,642,-3,0,0,-1,0600-0659,38,720,946,7,1030,953,-37,0,0,-2,1000-1059,0,,0,405,371,326,1,2611,11,,,,,,,,,0,,,,,,,,,,,,,,,,,,,,,,,,,,,,,,,,,,,,,,,,,,,,
2018,1,1,18,4,18/01/2018,B6,20409,B6,N969JB,288,12892,1289208,32575,LAX,"Los Angeles, CA",CA,6,California,91,10721,1072102,30721,BOS,"Boston, MA",MA,25,Massachusetts,13,600,545,-15,0,0,-1,0600-0659,12,557,1414,12,1419,1426,7,7,0,0,1400-1459,0,,0,319,341,317,1,2611,11,,,,,,,,,0,,,,,,,,,,,,,,,,,,,,,,,,,,,,,,,,,,,,,,,,,,,,
2018,1,1,18,4,18/01/2018,B6,20409,B6,N907JB,289,12478,1247805,31703,JFK,"New York, NY",NY,36,New York,22,13204,1320402,31454,MCO,"Orlando, FL",FL,12,Florida,33,932,931,-1,0,0,-1,0900-0959,27,958,1210,12,1237,1222,-15,0,0,-1,1200-1259,0,,0,185,171,132,1,944,4,,,,,,,,,0,,,,,,,,,,,,,,,,,,,,,,,,,,,,,,,,,,,,,,,,,,,,
2018,1,1,18,4,18/01/2018,B6,20409,B6,N304JB,290,11278,1127805,30852,DCA,"Washington, DC",VA,51,Virginia,38,10721,1072102,30721,BOS,"Boston, MA",MA,25,Massachusetts,13,750,806,16,16,1,1,0700-0759,12,818,925,3,916,928,12,12,0,0,0900-0959,0,,0,86,82,67,1,399,2,,,,,,741,4,4,0,,,,,,,,,,,,,,,,,,,,,,,,,,,,,,,,,,,,,,,,,,,,
2018,1,1,18,4,18/01/2018,B6,20409,B6,N552JB,294,11697,1169706,32467,FLL,"Fort Lauderdale, FL",FL,12,Florida,33,10821,1082106,30852,BWI,"Baltimore, MD",MD,24,Maryland,35,1355,1402,7,7,0,0,1300-1359,20,1422,1638,11,1626,1649,23,23,1,1,1600-1659,0,,0,151,167,136,1,925,4,7,0,16,0,0,,,,0,,,,,,,,,,,,,,,,,,,,,,,,,,,,,,,,,,,,,,,,,,,,
2018,1,1,18,4,18/01/2018,B6,20409,B6,N552JB,295,10821,1082106,30852,BWI,"Baltimore, MD",MD,24,Maryland,35,11697,1169706,32467,FLL,"Fort Lauderdale, FL",FL,12,Florida,33,1706,1750,44,44,1,2,1700-1759,30,1820,2037,9,1948,2046,58,58,1,3,1900-1959,0,,0,162,176,137,1,925,4,21,0,14,0,23,,,,0,,,,,,,,,,,,,,,,,,,,,,,,,,,,,,,,,,,,,,,,,,,,
2018,1,1,18,4,18/01/2018,B6,20409,B6,N648JB,299,12953,1295304,31703,LGA,"New York, NY",NY,36,New York,22,13204,1320402,31454,MCO,"Orlando, FL",FL,12,Florida,33,1629,1729,60,60,1,4,1600-1659,19,1748,1957,15,1939,2012,33,33,1,2,1900-1959,0,,0,190,163,129,1,950,4,5,0,0,0,28,,,,0,,,,,,,,,,,,,,,,,,,,,,,,,,,,,,,,,,,,,,,,,,,,
2018,1,1,18,4,18/01/2018,B6,20409,B6,N503JB,302,11697,1169706,32467,FLL,"Fort Lauderdale, FL",FL,12,Florida,33,12478,1247805,31703,JFK,"New York, NY",NY,36,New York,22,1653,1710,17,17,1,1,1600-1659,13,1723,1954,9,1953,2003,10,10,0,0,1900-1959,0,,0,180,173,151,1,1069,5,,,,,,,,,0,,,,,,,,,,,,,,,,,,,,,,,,,,,,,,,,,,,,,,,,,,,,
2018,1,1,18,4,18/01/2018,B6,20409,B6,N503JB,305,11618,1161802,31703,EWR,"Newark, NJ",NJ,34,New Jersey,21,11697,1169706,32467,FLL,"Fort Lauderdale, FL",FL,12,Florida,33,1255,1320,25,25,1,1,1200-1259,12,1332,1600,5,1601,1605,4,4,0,0,1600-1659,0,,0,186,165,148,1,1065,5,,,,,,,,,0,,,,,,,,,,,,,,,,,,,,,,,,,,,,,,,,,,,,,,,,,,,,
2018,1,1,18,4,18/01/2018,B6,20409,B6,N655JB,306,11697,1169706,32467,FLL,"Fort Lauderdale, FL",FL,12,Florida,33,11618,1161802,31703,EWR,"Newark, NJ",NJ,34,New Jersey,21,900,900,0,0,0,0,0900-0959,14,914,1140,7,1152,1147,-5,0,0,-1,1100-1159,0,,0,172,167,146,1,1065,5,,,,,,,,,0,,,,,,,,,,,,,,,,,,,,,,,,,,,,,,,,,,,,,,,,,,,,
2018,1,1,18,4,18/01/2018,B6,20409,B6,N316JB,311,10721,1072102,30721,BOS,"Boston, MA",MA,25,Massachusetts,13,13930,1393006,30977,ORD,"Chicago, IL",IL,17,Illinois,41,1052,1049,-3,0,0,-1,1000-1059,17,1106,1219,13,1255,1232,-23,0,0,-2,1200-1259,0,,0,183,163,133,1,867,4,,,,,,,,,0,,,,,,,,,,,,,,,,,,,,,,,,,,,,,,,,,,,,,,,,,,,,
2018,1,1,18,4,18/01/2018,B6,20409,B6,N316JB,312,13930,1393006,30977,ORD,"Chicago, IL",IL,17,Illinois,41,10721,1072102,30721,BOS,"Boston, MA",MA,25,Massachusetts,13,1330,1320,-10,0,0,-1,1300-1359,11,1331,1619,7,1645,1626,-19,0,0,-2,1600-1659,0,,0,135,126,108,1,867,4,,,,,,,,,0,,,,,,,,,,,,,,,,,,,,,,,,,,,,,,,,,,,,,,,,,,,,
2018,1,1,18,4,18/01/2018,B6,20409,B6,N203JB,315,15096,1509602,35096,SYR,"Syracuse, NY",NY,36,New York,22,12478,1247805,31703,JFK,"New York, NY",NY,36,New York,22,923,919,-4,0,0,-1,0900-0959,12,931,1019,6,1041,1025,-16,0,0,-2,1000-1059,0,,0,78,66,48,1,209,1,,,,,,,,,0,,,,,,,,,,,,,,,,,,,,,,,,,,,,,,,,,,,,,,,,,,,,
2018,1,1,18,4,18/01/2018,B6,20409,B6,N354JB,317,10721,1072102,30721,BOS,"Boston, MA",MA,25,Massachusetts,13,12478,1247805,31703,JFK,"New York, NY",NY,36,New York,22,2006,2036,30,30,1,2,2000-2059,19,2055,2140,9,2122,2149,27,27,1,1,2100-2159,0,,0,76,73,45,1,187,1,27,0,0,0,0,,,,0,,,,,,,,,,,,,,,,,,,,,,,,,,,,,,,,,,,,,,,,,,,,
2018,1,1,18,4,18/01/2018,B6,20409,B6,N323JB,318,12478,1247805,31703,JFK,"New York, NY",NY,36,New York,22,10721,1072102,30721,BOS,"Boston, MA",MA,25,Massachusetts,13,634,624,-10,0,0,-1,0600-0659,22,646,725,7,744,732,-12,0,0,-1,0700-0759,0,,0,70,68,39,1,187,1,,,,,,,,,0,,,,,,,,,,,,,,,,,,,,,,,,,,,,,,,,,,,,,,,,,,,,
2018,1,1,18,4,18/01/2018,B6,20409,B6,N516JB,319,11697,1169706,32467,FLL,"Fort Lauderdale, FL",FL,12,Florida,33,14869,1486903,34614,SLC,"Salt Lake City, UT",UT,49,Utah,87,1940,1936,-4,0,0,-1,1900-1959,15,1951,2233,16,2309,2249,-20,0,0,-2,2300-2359,0,,0,329,313,282,1,2084,9,,,,,,,,,0,,,,,,,,,,,,,,,,,,,,,,,,,,,,,,,,,,,,,,,,,,,,
2018,1,1,18,4,18/01/2018,B6,20409,B6,N516JB,320,14869,1486903,34614,SLC,"Salt Lake City, UT",UT,49,Utah,87,11697,1169706,32467,FLL,"Fort Lauderdale, FL",FL,12,Florida,33,2359,2352,-7,0,0,-1,2300-2359,11,3,605,5,626,610,-16,0,0,-2,0600-0659,0,,0,267,258,242,1,2084,9,,,,,,,,,0,,,,,,,,,,,,,,,,,,,,,,,,,,,,,,,,,,,,,,,,,,,,
2018,1,1,18,4,18/01/2018,B6,20409,B6,N796JB,321,10721,1072102,30721,BOS,"Boston, MA",MA,25,Massachusetts,13,14027,1402702,34027,PBI,"West Palm Beach/Palm Beach, FL",FL,12,Florida,33,1644,1644,0,0,0,0,1600-1659,18,1702,1952,4,2013,1956,-17,0,0,-2,2000-2059,0,,0,209,192,170,1,1197,5,,,,,,,,,0,,,,,,,,,,,,,,,,,,,,,,,,,,,,,,,,,,,,,,,,,,,,
2018,1,1,18,4,18/01/2018,B6,20409,B6,N923JB,323,12478,1247805,31703,JFK,"New York, NY",NY,36,New York,22,12892,1289208,32575,LAX,"Los Angeles, CA",CA,6,California,91,930,1015,45,45,1,3,0900-0959,16,1031,1239,5,1303,1244,-19,0,0,-2,1300-1359,0,,0,393,329,308,1,2475,10,,,,,,925,16,16,0,,,,,,,,,,,,,,,,,,,,,,,,,,,,,,,,,,,,,,,,,,,,
2018,1,1,18,4,18/01/2018,B6,20409,B6,N929JB,324,12892,1289208,32575,LAX,"Los Angeles, CA",CA,6,California,91,12478,1247805,31703,JFK,"New York, NY",NY,36,New York,22,1033,1023,-10,0,0,-1,1000-1059,14,1037,1842,10,1853,1852,-1,0,0,-1,1800-1859,0,,0,320,329,305,1,2475,10,,,,,,,,,0,,,,,,,,,,,,,,,,,,,,,,,,,,,,,,,,,,,,,,,,,,,,
2018,1,1,18,4,18/01/2018,B6,20409,B6,N950JB,325,12478,1247805,31703,JFK,"New York, NY",NY,36,New York,22,15304,1530402,33195,TPA,"Tampa, FL",FL,12,Florida,33,1457,1453,-4,0,0,-1,1400-1459,19,1512,1738,13,1810,1751,-19,0,0,-2,1800-1859,0,,0,193,178,146,1,1005,5,,,,,,,,,0,,,,,,,,,,,,,,,,,,,,,,,,,,,,,,,,,,,,,,,,,,,,
2018,1,1,18,4,18/01/2018,B6,20409,B6,N592JB,326,15304,1530402,33195,TPA,"Tampa, FL",FL,12,Florida,33,12478,1247805,31703,JFK,"New York, NY",NY,36,New York,22,700,651,-9,0,0,-1,0700-0759,13,704,914,6,933,920,-13,0,0,-1,0900-0959,0,,0,153,149,130,1,1005,5,,,,,,,,,0,,,,,,,,,,,,,,,,,,,,,,,,,,,,,,,,,,,,,,,,,,,,
2018,1,1,18,4,18/01/2018,B6,20409,B6,N587JB,329,12478,1247805,31703,JFK,"New York, NY",NY,36,New York,22,14635,1463502,31714,RSW,"Fort Myers, FL",FL,12,Florida,33,1112,1118,6,6,0,0,1100-1159,16,1134,1405,3,1430,1408,-22,0,0,-2,1400-1459,0,,0,198,170,151,1,1074,5,,,,,,,,,0,,,,,,,,,,,,,,,,,,,,,,,,,,,,,,,,,,,,,,,,,,,,
2018,1,1,18,4,18/01/2018,B6,20409,B6,N985JB,333,10721,1072102,30721,BOS,"Boston, MA",MA,25,Massachusetts,13,14771,1477104,32457,SFO,"San Francisco, CA",CA,6,California,91,2137,2127,-10,0,0,-1,2100-2159,16,2143,49,8,131,57,-34,0,0,-2,0001-0559,0,,0,414,390,366,1,2704,11,,,,,,,,,0,,,,,,,,,,,,,,,,,,,,,,,,,,,,,,,,,,,,,,,,,,,,
2018,1,1,18,4,18/01/2018,B6,20409,B6,N985JB,334,14771,1477104,32457,SFO,"San Francisco, CA",CA,6,California,91,10721,1072102,30721,BOS,"Boston, MA",MA,25,Massachusetts,13,1150,1144,-6,0,0,-1,1100-1159,12,1156,2000,13,2027,2013,-14,0,0,-1,2000-2059,0,,0,337,329,304,1,2704,11,,,,,,,,,0,,,,,,,,,,,,,,,,,,,,,,,,,,,,,,,,,,,,,,,,,,,,
2018,1,1,18,4,18/01/2018,B6,20409,B6,N337JB,340,14843,1484306,34819,SJU,"San Juan, PR",PR,72,Puerto Rico,3,15027,1502704,34992,STX,"Christiansted, VI",VI,78,U.S. Virgin Islands,4,1453,1511,18,18,1,1,1400-1459,19,1530,1551,2,1534,1553,19,19,1,1,1500-1559,0,,0,41,42,21,1,94,1,18,0,1,0,0,,,,0,,,,,,,,,,,,,,,,,,,,,,,,,,,,,,,,,,,,,,,,,,,,
2018,1,1,18,4,18/01/2018,B6,20409,B6,N337JB,341,15027,1502704,34992,STX,"Christiansted, VI",VI,78,U.S. Virgin Islands,4,14843,1484306,34819,SJU,"San Juan, PR",PR,72,Puerto Rico,3,1611,1617,6,6,0,0,1600-1659,10,1627,1651,3,1655,1654,-1,0,0,-1,1600-1659,0,,0,44,37,24,1,94,1,,,,,,,,,0,,,,,,,,,,,,,,,,,,,,,,,,,,,,,,,,,,,,,,,,,,,,
2018,1,1,18,4,18/01/2018,B6,20409,B6,N565JB,347,13796,1379608,32457,OAK,"Oakland, CA",CA,6,California,91,12954,1295406,32575,LGB,"Long Beach, CA",CA,6,California,91,1712,1705,-7,0,0,-1,1700-1759,13,1718,1820,3,1828,1823,-5,0,0,-1,1800-1859,0,,0,76,78,62,1,353,2,,,,,,,,,0,,,,,,,,,,,,,,,,,,,,,,,,,,,,,,,,,,,,,,,,,,,,
2018,1,1,18,4,18/01/2018,B6,20409,B6,N565JB,348,12954,1295406,32575,LGB,"Long Beach, CA",CA,6,California,91,13796,1379608,32457,OAK,"Oakland, CA",CA,6,California,91,1510,1506,-4,0,0,-1,1500-1559,16,1522,1617,4,1632,1621,-11,0,0,-1,1600-1659,0,,0,82,75,55,1,353,2,,,,,,,,,0,,,,,,,,,,,,,,,,,,,,,,,,,,,,,,,,,,,,,,,,,,,,
2018,1,1,18,4,18/01/2018,B6,20409,B6,N258JB,350,15304,1530402,33195,TPA,"Tampa, FL",FL,12,Florida,33,11278,1127805,30852,DCA,"Washington, DC",VA,51,Virginia,38,1604,1551,-13,0,0,-1,1600-1659,11,1602,1748,5,1814,1753,-21,0,0,-2,1800-1859,0,,0,130,122,106,1,814,4,,,,,,,,,0,,,,,,,,,,,,,,,,,,,,,,,,,,,,,,,,,,,,,,,,,,,,
2018,1,1,18,4,18/01/2018,B6,20409,B6,N965JB,352,13204,1320402,31454,MCO,"Orlando, FL",FL,12,Florida,33,10721,1072102,30721,BOS,"Boston, MA",MA,25,Massachusetts,13,1531,1528,-3,0,0,-1,1500-1559,12,1540,1813,6,1825,1819,-6,0,0,-1,1800-1859,0,,0,174,171,153,1,1121,5,,,,,,,,,0,,,,,,,,,,,,,,,,,,,,,,,,,,,,,,,,,,,,,,,,,,,,
2018,1,1,18,4,18/01/2018,B6,20409,B6,N374JB,356,12264,1226402,30852,IAD,"Washington, DC",VA,51,Virginia,38,10721,1072102,30721,BOS,"Boston, MA",MA,25,Massachusetts,13,2042,2050,8,8,0,0,2000-2059,11,2101,2204,8,2210,2212,2,2,0,0,2200-2259,0,,0,88,82,63,1,413,2,,,,,,,,,0,,,,,,,,,,,,,,,,,,,,,,,,,,,,,,,,,,,,,,,,,,,,
2018,1,1,18,4,18/01/2018,B6,20409,B6,N374JB,357,10721,1072102,30721,BOS,"Boston, MA",MA,25,Massachusetts,13,12264,1226402,30852,IAD,"Washington, DC",VA,51,Virginia,38,1822,1843,21,21,1,1,1800-1859,17,1900,2008,5,2007,2013,6,6,0,0,2000-2059,0,,0,105,90,68,1,413,2,,,,,,,,,0,,,,,,,,,,,,,,,,,,,,,,,,,,,,,,,,,,,,,,,,,,,,
2018,1,1,18,4,18/01/2018,B6,20409,B6,N779JB,358,10800,1080003,32575,BUR,"Burbank, CA",CA,6,California,91,12478,1247805,31703,JFK,"New York, NY",NY,36,New York,22,2129,2116,-13,0,0,-1,2100-2159,11,2127,536,4,546,540,-6,0,0,-1,0001-0559,0,,0,317,324,309,1,2465,10,,,,,,,,,0,,,,,,,,,,,,,,,,,,,,,,,,,,,,,,,,,,,,,,,,,,,,
2018,1,1,18,4,18/01/2018,B6,20409,B6,N779JB,359,12478,1247805,31703,JFK,"New York, NY",NY,36,New York,22,10800,1080003,32575,BUR,"Burbank, CA",CA,6,California,91,1710,1706,-4,0,0,-1,1700-1759,17,1723,1939,3,2039,1942,-57,0,0,-2,2000-2059,0,,0,389,336,316,1,2465,10,,,,,,,,,0,,,,,,,,,,,,,,,,,,,,,,,,,,,,,,,,,,,,,,,,,,,,
2018,1,1,18,4,18/01/2018,B6,20409,B6,N648JB,362,14027,1402702,34027,PBI,"West Palm Beach/Palm Beach, FL",FL,12,Florida,33,12953,1295304,31703,LGA,"New York, NY",NY,36,New York,22,1259,1347,48,48,1,3,1200-1259,23,1410,1635,4,1549,1639,50,50,1,3,1500-1559,0,,0,170,172,145,1,1035,5,0,0,9,0,41,,,,0,,,,,,,,,,,,,,,,,,,,,,,,,,,,,,,,,,,,,,,,,,,,
2018,1,1,18,4,18/01/2018,B6,20409,B6,N583JB,365,14893,1489302,33192,SMF,"Sacramento, CA",CA,6,California,91,12954,1295406,32575,LGB,"Long Beach, CA",CA,6,California,91,1856,1856,0,0,0,0,1800-1859,10,1906,2013,3,2016,2016,0,0,0,0,2000-2059,0,,0,80,80,67,1,387,2,,,,,,,,,0,,,,,,,,,,,,,,,,,,,,,,,,,,,,,,,,,,,,,,,,,,,,
2018,1,1,18,4,18/01/2018,B6,20409,B6,N625JB,371,12953,1295304,31703,LGA,"New York, NY",NY,36,New York,22,11697,1169706,32467,FLL,"Fort Lauderdale, FL",FL,12,Florida,33,600,554,-6,0,0,-1,0600-0659,11,605,829,5,910,834,-36,0,0,-2,0900-0959,0,,0,190,160,144,1,1076,5,,,,,,,,,0,,,,,,,,,,,,,,,,,,,,,,,,,,,,,,,,,,,,,,,,,,,,
2018,1,1,18,4,18/01/2018,B6,20409,B6,N621JB,375,14100,1410005,34100,PHL,"Philadelphia, PA",PA,42,Pennsylvania,23,11697,1169706,32467,FLL,"Fort Lauderdale, FL",FL,12,Florida,33,700,650,-10,0,0,-1,0700-0759,22,712,936,5,958,941,-17,0,0,-2,0900-0959,0,,0,178,171,144,1,992,4,,,,,,,,,0,,,,,,,,,,,,,,,,,,,,,,,,,,,,,,,,,,,,,,,,,,,,
2018,1,1,18,4,18/01/2018,B6,20409,B6,N662JB,376,11697,1169706,32467,FLL,"Fort Lauderdale, FL",FL,12,Florida,33,14100,1410005,34100,PHL,"Philadelphia, PA",PA,42,Pennsylvania,23,1127,1154,27,27,1,1,1100-1159,21,1215,1436,11,1411,1447,36,36,1,2,1400-1459,0,,0,164,173,141,1,992,4,27,0,9,0,0,,,,0,,,,,,,,,,,,,,,,,,,,,,,,,,,,,,,,,,,,,,,,,,,,
2018,1,1,18,4,18/01/2018,B6,20409,B6,N583JB,380,12954,1295406,32575,LGB,"Long Beach, CA",CA,6,California,91,12889,1288903,32211,LAS,"Las Vegas, NV",NV,32,Nevada,85,1311,1302,-9,0,0,-1,1300-1359,16,1318,1403,7,1419,1410,-9,0,0,-1,1400-1459,0,,0,68,68,45,1,231,1,,,,,,,,,0,,,,,,,,,,,,,,,,,,,,,,,,,,,,,,,,,,,,,,,,,,,,
2018,1,1,18,4,18/01/2018,B6,20409,B6,N281JB,381,10721,1072102,30721,BOS,"Boston, MA",MA,25,Massachusetts,13,14524,1452401,34524,RIC,"Richmond, VA",VA,51,Virginia,38,1751,1845,54,54,1,3,1700-1759,13,1858,2013,2,1942,2015,33,33,1,2,1900-1959,0,,0,111,90,75,1,474,2,33,0,0,0,0,,,,0,,,,,,,,,,,,,,,,,,,,,,,,,,,,,,,,,,,,,,,,,,,,
2018,1,1,18,4,18/01/2018,B6,20409,B6,N258JB,382,14524,1452401,34524,RIC,"Richmond, VA",VA,51,Virginia,38,10721,1072102,30721,BOS,"Boston, MA",MA,25,Massachusetts,13,840,835,-5,0,0,-1,0800-0859,9,844,1000,7,1008,1007,-1,0,0,-1,1000-1059,0,,0,88,92,76,1,474,2,,,,,,,,,0,,,,,,,,,,,,,,,,,,,,,,,,,,,,,,,,,,,,,,,,,,,,
2018,1,1,18,4,18/01/2018,B6,20409,B6,N283JB,389,10721,1072102,30721,BOS,"Boston, MA",MA,25,Massachusetts,13,11278,1127805,30852,DCA,"Washington, DC",VA,51,Virginia,38,920,956,36,36,1,2,0900-0959,15,1011,1113,3,1102,1116,14,14,0,0,1100-1159,0,,0,102,80,62,1,399,2,,,,,,,,,0,,,,,,,,,,,,,,,,,,,,,,,,,,,,,,,,,,,,,,,,,,,,
2018,1,1,18,4,18/01/2018,B6,20409,B6,N323JB,390,11278,1127805,30852,DCA,"Washington, DC",VA,51,Virginia,38,10721,1072102,30721,BOS,"Boston, MA",MA,25,Massachusetts,13,1038,1021,-17,0,0,-2,1000-1059,24,1045,1148,3,1206,1151,-15,0,0,-1,1200-1259,0,,0,88,90,63,1,399,2,,,,,,,,,0,,,,,,,,,,,,,,,,,,,,,,,,,,,,,,,,,,,,,,,,,,,,
2018,1,1,18,4,18/01/2018,B6,20409,B6,N606JB,391,10721,1072102,30721,BOS,"Boston, MA",MA,25,Massachusetts,13,15304,1530402,33195,TPA,"Tampa, FL",FL,12,Florida,33,1928,1932,4,4,0,0,1900-1959,19,1951,2245,5,2257,2250,-7,0,0,-1,2200-2259,0,,0,209,198,174,1,1185,5,,,,,,,,,0,,,,,,,,,,,,,,,,,,,,,,,,,,,,,,,,,,,,,,,,,,,,
2018,1,1,18,4,18/01/2018,B6,20409,B6,N547JB,392,15304,1530402,33195,TPA,"Tampa, FL",FL,12,Florida,33,10721,1072102,30721,BOS,"Boston, MA",MA,25,Massachusetts,13,1934,1938,4,4,0,0,1900-1959,14,1952,2223,9,2225,2232,7,7,0,0,2200-2259,0,,0,171,174,151,1,1185,5,,,,,,,,,0,,,,,,,,,,,,,,,,,,,,,,,,,,,,,,,,,,,,,,,,,,,,
2018,1,1,18,4,18/01/2018,B6,20409,B6,N526JB,393,12478,1247805,31703,JFK,"New York, NY",NY,36,New York,22,11252,1125203,31252,DAB,"Daytona Beach, FL",FL,12,Florida,33,754,754,0,0,0,0,0700-0759,27,821,1021,3,1044,1024,-20,0,0,-2,1000-1059,0,,0,170,150,120,1,891,4,,,,,,,,,0,,,,,,,,,,,,,,,,,,,,,,,,,,,,,,,,,,,,,,,,,,,,
2018,1,1,18,4,18/01/2018,B6,20409,B6,N294JB,395,12197,1219702,31703,HPN,"White Plains, NY",NY,36,New York,22,13204,1320402,31454,MCO,"Orlando, FL",FL,12,Florida,33,1011,956,-15,0,0,-1,1000-1059,30,1026,1233,12,1302,1245,-17,0,0,-2,1300-1359,0,,0,171,169,127,1,972,4,,,,,,,,,0,,,,,,,,,,,,,,,,,,,,,,,,,,,,,,,,,,,,,,,,,,,,
2018,1,1,18,4,18/01/2018,B6,20409,B6,N508JB,396,10397,1039707,30397,ATL,"Atlanta, GA",GA,13,Georgia,34,10721,1072102,30721,BOS,"Boston, MA",MA,25,Massachusetts,13,947,1009,22,22,1,1,0900-0959,12,1021,1230,4,1228,1234,6,6,0,0,1200-1259,0,,0,161,145,129,1,946,4,,,,,,,,,0,,,,,,,,,,,,,,,,,,,,,,,,,,,,,,,,,,,,,,,,,,,,
2018,1,1,18,4,18/01/2018,B6,20409,B6,N508JB,397,10721,1072102,30721,BOS,"Boston, MA",MA,25,Massachusetts,13,10397,1039707,30397,ATL,"Atlanta, GA",GA,13,Georgia,34,600,647,47,47,1,3,0600-0659,42,729,927,9,902,936,34,34,1,2,0900-0959,0,,0,182,169,118,1,946,4,34,0,0,0,0,,,,0,,,,,,,,,,,,,,,,,,,,,,,,,,,,,,,,,,,,,,,,,,,,
2018,1,1,18,4,18/01/2018,B6,20409,B6,N653JB,398,13204,1320402,31454,MCO,"Orlando, FL",FL,12,Florida,33,12953,1295304,31703,LGA,"New York, NY",NY,36,New York,22,1224,1336,72,72,1,4,1200-1259,19,1355,1607,6,1459,1613,74,74,1,4,1400-1459,0,,0,155,157,132,1,950,4,0,0,13,0,61,,,,0,,,,,,,,,,,,,,,,,,,,,,,,,,,,,,,,,,,,,,,,,,,,
2018,1,1,18,4,18/01/2018,B6,20409,B6,N658JB,400,13495,1349505,33495,MSY,"New Orleans, LA",LA,22,Louisiana,72,10721,1072102,30721,BOS,"Boston, MA",MA,25,Massachusetts,13,1438,1447,9,9,0,0,1400-1459,11,1458,1842,7,1846,1849,3,3,0,0,1800-1859,0,,0,188,182,164,1,1368,6,,,,,,,,,0,,,,,,,,,,,,,,,,,,,,,,,,,,,,,,,,,,,,,,,,,,,,
2018,1,1,18,4,18/01/2018,B6,20409,B6,N658JB,401,10721,1072102,30721,BOS,"Boston, MA",MA,25,Massachusetts,13,13495,1349505,33495,MSY,"New Orleans, LA",LA,22,Louisiana,72,1100,1124,24,24,1,1,1100-1159,26,1150,1347,3,1358,1350,-8,0,0,-1,1300-1359,0,,0,238,206,177,1,1368,6,,,,,,,,,0,,,,,,,,,,,,,,,,,,,,,,,,,,,,,,,,,,,,,,,,,,,,
2018,1,1,18,4,18/01/2018,B6,20409,B6,N970JB,403,12478,1247805,31703,JFK,"New York, NY",NY,36,New York,22,14843,1484306,34819,SJU,"San Juan, PR",PR,72,Puerto Rico,3,948,945,-3,0,0,-1,0900-0959,23,1008,1432,5,1442,1437,-5,0,0,-1,1400-1459,0,,0,234,232,204,1,1598,7,,,,,,,,,0,,,,,,,,,,,,,,,,,,,,,,,,,,,,,,,,,,,,,,,,,,,,
2018,1,1,18,4,18/01/2018,B6,20409,B6,N796JB,404,10397,1039707,30397,ATL,"Atlanta, GA",GA,13,Georgia,34,10721,1072102,30721,BOS,"Boston, MA",MA,25,Massachusetts,13,1241,1236,-5,0,0,-1,1200-1259,11,1247,1459,5,1521,1504,-17,0,0,-2,1500-1559,0,,0,160,148,132,1,946,4,,,,,,,,,0,,,,,,,,,,,,,,,,,,,,,,,,,,,,,,,,,,,,,,,,,,,,
2018,1,1,18,4,18/01/2018,B6,20409,B6,N566JB,405,10721,1072102,30721,BOS,"Boston, MA",MA,25,Massachusetts,13,12954,1295406,32575,LGB,"Long Beach, CA",CA,6,California,91,1753,1753,0,0,0,0,1700-1759,21,1814,2044,4,2135,2048,-47,0,0,-2,2100-2159,0,,0,402,355,330,1,2602,11,,,,,,,,,0,,,,,,,,,,,,,,,,,,,,,,,,,,,,,,,,,,,,,,,,,,,,
2018,1,1,18,4,18/01/2018,B6,20409,B6,N793JB,406,12954,1295406,32575,LGB,"Long Beach, CA",CA,6,California,91,14747,1474703,30559,SEA,"Seattle, WA",WA,53,Washington,93,805,805,0,0,0,0,0800-0859,13,818,1025,8,1049,1033,-16,0,0,-2,1000-1059,0,,0,164,148,127,1,965,4,,,,,,,,,0,,,,,,,,,,,,,,,,,,,,,,,,,,,,,,,,,,,,,,,,,,,,
2018,1,1,18,4,18/01/2018,B6,20409,B6,N637JB,407,14747,1474703,30559,SEA,"Seattle, WA",WA,53,Washington,93,12954,1295406,32575,LGB,"Long Beach, CA",CA,6,California,91,1756,1750,-6,0,0,-1,1700-1759,19,1809,2031,6,2028,2037,9,9,0,0,2000-2059,0,,0,152,167,142,1,965,4,,,,,,,,,0,,,,,,,,,,,,,,,,,,,,,,,,,,,,,,,,,,,,,,,,,,,,
2018,1,1,18,4,18/01/2018,B6,20409,B6,N265JB,408,12478,1247805,31703,JFK,"New York, NY",NY,36,New York,22,14321,1432105,34321,PWM,"Portland, ME",ME,23,Maine,12,1323,1319,-4,0,0,-1,1300-1359,17,1336,1426,4,1438,1430,-8,0,0,-1,1400-1459,0,,0,75,71,50,1,273,2,,,,,,,,,0,,,,,,,,,,,,,,,,,,,,,,,,,,,,,,,,,,,,,,,,,,,,
2018,1,1,18,4,18/01/2018,B6,20409,B6,N988JB,415,12478,1247805,31703,JFK,"New York, NY",NY,36,New York,22,14771,1477104,32457,SFO,"San Francisco, CA",CA,6,California,91,920,920,0,0,0,0,0900-0959,11,931,1209,15,1310,1224,-46,0,0,-2,1300-1359,0,,0,410,364,338,1,2586,11,,,,,,,,,0,,,,,,,,,,,,,,,,,,,,,,,,,,,,,,,,,,,,,,,,,,,,
2018,1,1,18,4,18/01/2018,B6,20409,B6,N961JB,416,14771,1477104,32457,SFO,"San Francisco, CA",CA,6,California,91,12478,1247805,31703,JFK,"New York, NY",NY,36,New York,22,1140,1138,-2,0,0,-1,1100-1159,15,1153,1957,11,2011,2008,-3,0,0,-1,2000-2059,0,,0,331,330,304,1,2586,11,,,,,,,,,0,,,,,,,,,,,,,,,,,,,,,,,,,,,,,,,,,,,,,,,,,,,,
2018,1,1,18,4,18/01/2018,B6,20409,B6,N281JB,418,12478,1247805,31703,JFK,"New York, NY",NY,36,New York,22,10721,1072102,30721,BOS,"Boston, MA",MA,25,Massachusetts,13,1630,1624,-6,0,0,-1,1600-1659,16,1640,1726,9,1751,1735,-16,0,0,-2,1700-1759,0,,0,81,71,46,1,187,1,,,,,,,,,0,,,,,,,,,,,,,,,,,,,,,,,,,,,,,,,,,,,,,,,,,,,,
2018,1,1,18,4,18/01/2018,B6,20409,B6,N947JB,423,12478,1247805,31703,JFK,"New York, NY",NY,36,New York,22,12892,1289208,32575,LAX,"Los Angeles, CA",CA,6,California,91,1035,1029,-6,0,0,-1,1000-1059,13,1042,1245,11,1403,1256,-67,0,0,-2,1400-1459,0,,0,388,327,303,1,2475,10,,,,,,,,,0,,,,,,,,,,,,,,,,,,,,,,,,,,,,,,,,,,,,,,,,,,,,
2018,1,1,18,4,18/01/2018,B6,20409,B6,N991JB,424,12892,1289208,32575,LAX,"Los Angeles, CA",CA,6,California,91,12478,1247805,31703,JFK,"New York, NY",NY,36,New York,22,1203,1155,-8,0,0,-1,1200-1259,14,1209,2020,8,2025,2028,3,3,0,0,2000-2059,0,,0,322,333,311,1,2475,10,,,,,,,,,0,,,,,,,,,,,,,,,,,,,,,,,,,,,,,,,,,,,,,,,,,,,,
2018,1,1,18,4,18/01/2018,B6,20409,B6,N950JB,426,15304,1530402,33195,TPA,"Tampa, FL",FL,12,Florida,33,12478,1247805,31703,JFK,"New York, NY",NY,36,New York,22,1910,1855,-15,0,0,-1,1900-1959,16,1911,2135,12,2148,2147,-1,0,0,-1,2100-2159,0,,0,158,172,144,1,1005,5,,,,,,,,,0,,,,,,,,,,,,,,,,,,,,,,,,,,,,,,,,,,,,,,,,,,,,
2018,1,1,18,4,18/01/2018,B6,20409,B6,N292JB,427,10721,1072102,30721,BOS,"Boston, MA",MA,25,Massachusetts,13,10821,1082106,30852,BWI,"Baltimore, MD",MD,24,Maryland,35,800,759,-1,0,0,-1,0800-0859,32,831,927,5,938,932,-6,0,0,-1,0900-0959,0,,0,98,93,56,1,369,2,,,,,,,,,0,,,,,,,,,,,,,,,,,,,,,,,,,,,,,,,,,,,,,,,,,,,,
2018,1,1,18,4,18/01/2018,B6,20409,B6,N197JB,433,11278,1127805,30852,DCA,"Washington, DC",VA,51,Virginia,38,14027,1402702,34027,PBI,"West Palm Beach/Palm Beach, FL",FL,12,Florida,33,945,937,-8,0,0,-1,0900-0959,13,950,1154,4,1222,1158,-24,0,0,-2,1200-1259,0,,0,157,141,124,1,857,4,,,,,,,,,0,,,,,,,,,,,,,,,,,,,,,,,,,,,,,,,,,,,,,,,,,,,,
2018,1,1,18,4,18/01/2018,B6,20409,B6,N945JB,434,14771,1477104,32457,SFO,"San Francisco, CA",CA,6,California,91,10721,1072102,30721,BOS,"Boston, MA",MA,25,Massachusetts,13,800,753,-7,0,0,-1,0800-0859,13,806,1613,14,1629,1627,-2,0,0,-1,1600-1659,0,,0,329,334,307,1,2704,11,,,,,,,,,0,,,,,,,,,,,,,,,,,,,,,,,,,,,,,,,,,,,,,,,,,,,,
2018,1,1,18,4,18/01/2018,B6,20409,B6,N607JB,438,13204,1320402,31454,MCO,"Orlando, FL",FL,12,Florida,33,10529,1052906,30529,BDL,"Hartford, CT",CT,9,Connecticut,11,1030,1020,-10,0,0,-1,1000-1059,21,1041,1255,7,1310,1302,-8,0,0,-1,1300-1359,0,,0,160,162,134,1,1050,5,,,,,,,,,0,,,,,,,,,,,,,,,,,,,,,,,,,,,,,,,,,,,,,,,,,,,,
2018,1,1,18,4,18/01/2018,B6,20409,B6,N228JB,440,11042,1104205,30647,CLE,"Cleveland, OH",OH,39,Ohio,44,10721,1072102,30721,BOS,"Boston, MA",MA,25,Massachusetts,13,1028,1029,1,1,0,0,1000-1059,11,1040,1200,5,1208,1205,-3,0,0,-1,1200-1259,0,,0,100,96,80,1,563,3,,,,,,,,,0,,,,,,,,,,,,,,,,,,,,,,,,,,,,,,,,,,,,,,,,,,,,
2018,1,1,18,4,18/01/2018,B6,20409,B6,N228JB,441,10721,1072102,30721,BOS,"Boston, MA",MA,25,Massachusetts,13,11042,1104205,30647,CLE,"Cleveland, OH",OH,39,Ohio,44,744,747,3,3,0,0,0700-0759,30,817,940,7,953,947,-6,0,0,-1,0900-0959,0,,0,129,120,83,1,563,3,,,,,,,,,0,,,,,,,,,,,,,,,,,,,,,,,,,,,,,,,,,,,,,,,,,,,,
2018,1,1,18,4,18/01/2018,B6,20409,B6,N179JB,445,15070,1507002,31703,SWF,"Newburgh/Poughkeepsie, NY",NY,36,New York,22,13204,1320402,31454,MCO,"Orlando, FL",FL,12,Florida,33,1744,1733,-11,0,0,-1,1700-1759,22,1755,2024,34,2045,2058,13,13,0,0,2000-2059,0,,0,181,205,149,1,989,4,,,,,,,,,0,,,,,,,,,,,,,,,,,,,,,,,,,,,,,,,,,,,,,,,,,,,,
2018,1,1,18,4,18/01/2018,B6,20409,B6,N649JB,447,13796,1379608,32457,OAK,"Oakland, CA",CA,6,California,91,12954,1295406,32575,LGB,"Long Beach, CA",CA,6,California,91,1335,1325,-10,0,0,-1,1300-1359,8,1333,1436,3,1452,1439,-13,0,0,-1,1400-1459,0,,0,77,74,63,1,353,2,,,,,,,,,0,,,,,,,,,,,,,,,,,,,,,,,,,,,,,,,,,,,,,,,,,,,,
2018,1,1,18,4,18/01/2018,B6,20409,B6,N763JB,448,12954,1295406,32575,LGB,"Long Beach, CA",CA,6,California,91,13796,1379608,32457,OAK,"Oakland, CA",CA,6,California,91,2001,2028,27,27,1,1,2000-2059,18,2046,2141,4,2119,2145,26,26,1,1,2100-2159,0,,0,78,77,55,1,353,2,3,0,0,0,23,,,,0,,,,,,,,,,,,,,,,,,,,,,,,,,,,,,,,,,,,,,,,,,,,
2018,1,1,18,4,18/01/2018,B6,20409,B6,N965JB,451,10721,1072102,30721,BOS,"Boston, MA",MA,25,Massachusetts,13,13204,1320402,31454,MCO,"Orlando, FL",FL,12,Florida,33,1105,1058,-7,0,0,-1,1100-1159,15,1113,1342,12,1428,1354,-34,0,0,-2,1400-1459,0,,0,203,176,149,1,1121,5,,,,,,,,,0,,,,,,,,,,,,,,,,,,,,,,,,,,,,,,,,,,,,,,,,,,,,
2018,1,1,18,4,18/01/2018,B6,20409,B6,N592JB,453,12478,1247805,31703,JFK,"New York, NY",NY,36,New York,22,14027,1402702,34027,PBI,"West Palm Beach/Palm Beach, FL",FL,12,Florida,33,1018,1014,-4,0,0,-1,1000-1059,16,1030,1248,7,1320,1255,-25,0,0,-2,1300-1359,0,,0,182,161,138,1,1028,5,,,,,,,,,0,,,,,,,,,,,,,,,,,,,,,,,,,,,,,,,,,,,,,,,,,,,,
2018,1,1,18,4,18/01/2018,B6,20409,B6,N949JB,454,14027,1402702,34027,PBI,"West Palm Beach/Palm Beach, FL",FL,12,Florida,33,12478,1247805,31703,JFK,"New York, NY",NY,36,New York,22,1916,1913,-3,0,0,-1,1900-1959,24,1937,2203,5,2200,2208,8,8,0,0,2200-2259,0,,0,164,175,146,1,1028,5,,,,,,,,,0,,,,,,,,,,,,,,,,,,,,,,,,,,,,,,,,,,,,,,,,,,,,
2018,1,1,18,4,18/01/2018,B6,20409,B6,N258JB,455,10721,1072102,30721,BOS,"Boston, MA",MA,25,Massachusetts,13,11278,1127805,30852,DCA,"Washington, DC",VA,51,Virginia,38,1043,1041,-2,0,0,-1,1000-1059,14,1055,1155,2,1223,1157,-26,0,0,-2,1200-1259,0,,0,100,76,60,1,399,2,,,,,,,,,0,,,,,,,,,,,,,,,,,,,,,,,,,,,,,,,,,,,,,,,,,,,,
2018,1,1,18,4,18/01/2018,B6,20409,B6,N374JB,459,10721,1072102,30721,BOS,"Boston, MA",MA,25,Massachusetts,13,14100,1410005,34100,PHL,"Philadelphia, PA",PA,42,Pennsylvania,23,832,948,76,76,1,5,0800-0859,27,1015,1110,10,1010,1120,70,70,1,4,1000-1059,0,,0,98,92,55,1,280,2,12,0,0,0,58,,,,0,,,,,,,,,,,,,,,,,,,,,,,,,,,,,,,,,,,,,,,,,,,,
2018,1,1,18,4,18/01/2018,B6,20409,B6,N552JB,460,11697,1169706,32467,FLL,"Fort Lauderdale, FL",FL,12,Florida,33,10529,1052906,30529,BDL,"Hartford, CT",CT,9,Connecticut,11,2033,2215,102,102,1,6,2000-2059,16,2231,56,8,2328,104,96,96,1,6,2300-2359,0,,0,175,169,145,1,1173,5,46,0,0,0,50,,,,0,,,,,,,,,,,,,,,,,,,,,,,,,,,,,,,,,,,,,,,,,,,,
2018,1,1,18,4,18/01/2018,B6,20409,B6,N334JB,461,12953,1295304,31703,LGA,"New York, NY",NY,36,New York,22,14027,1402702,34027,PBI,"West Palm Beach/Palm Beach, FL",FL,12,Florida,33,730,726,-4,0,0,-1,0700-0759,16,742,1002,4,1039,1006,-33,0,0,-2,1000-1059,0,,0,189,160,140,1,1035,5,,,,,,,,,0,,,,,,,,,,,,,,,,,,,,,,,,,,,,,,,,,,,,,,,,,,,,
2018,1,1,18,4,18/01/2018,B6,20409,B6,N641JB,462,14843,1484306,34819,SJU,"San Juan, PR",PR,72,Puerto Rico,3,10721,1072102,30721,BOS,"Boston, MA",MA,25,Massachusetts,13,1247,1328,41,41,1,2,1200-1259,14,1342,1618,5,1556,1623,27,27,1,1,1500-1559,0,,0,249,235,216,1,1674,7,11,0,0,0,16,,,,0,,,,,,,,,,,,,,,,,,,,,,,,,,,,,,,,,,,,,,,,,,,,
2018,1,1,18,4,18/01/2018,B6,20409,B6,N806JB,465,10721,1072102,30721,BOS,"Boston, MA",MA,25,Massachusetts,13,14635,1463502,31714,RSW,"Fort Myers, FL",FL,12,Florida,33,603,558,-5,0,0,-1,0600-0659,38,636,932,3,954,935,-19,0,0,-2,0900-0959,0,,0,231,217,176,1,1249,5,,,,,,,,,0,,,,,,,,,,,,,,,,,,,,,,,,,,,,,,,,,,,,,,,,,,,,
2018,1,1,18,4,18/01/2018,B6,20409,B6,N806JB,466,14635,1463502,31714,RSW,"Fort Myers, FL",FL,12,Florida,33,10721,1072102,30721,BOS,"Boston, MA",MA,25,Massachusetts,13,1035,1023,-12,0,0,-1,1000-1059,10,1033,1318,6,1336,1324,-12,0,0,-1,1300-1359,0,,0,181,181,165,1,1249,5,,,,,,,,,0,,,,,,,,,,,,,,,,,,,,,,,,,,,,,,,,,,,,,,,,,,,,
2018,1,1,18,4,18/01/2018,B6,20409,B6,N807JB,470,11697,1169706,32467,FLL,"Fort Lauderdale, FL",FL,12,Florida,33,10721,1072102,30721,BOS,"Boston, MA",MA,25,Massachusetts,13,1037,1052,15,15,1,1,1000-1059,18,1110,1357,8,1344,1405,21,21,1,1,1300-1359,0,,0,187,193,167,1,1237,5,15,0,6,0,0,,,,0,,,,,,,,,,,,,,,,,,,,,,,,,,,,,,,,,,,,,,,,,,,,
2018,1,1,18,4,18/01/2018,B6,20409,B6,N715JB,471,10721,1072102,30721,BOS,"Boston, MA",MA,25,Massachusetts,13,14831,1483106,32457,SJC,"San Jose, CA",CA,6,California,91,1702,1708,6,6,0,0,1700-1759,19,1727,2031,4,2049,2035,-14,0,0,-1,2000-2059,0,,0,407,387,364,1,2689,11,,,,,,,,,0,,,,,,,,,,,,,,,,,,,,,,,,,,,,,,,,,,,,,,,,,,,,
2018,1,1,18,4,18/01/2018,B6,20409,B6,N715JB,472,14831,1483106,32457,SJC,"San Jose, CA",CA,6,California,91,10721,1072102,30721,BOS,"Boston, MA",MA,25,Massachusetts,13,2139,2139,0,0,0,0,2100-2159,11,2150,537,4,605,541,-24,0,0,-2,0600-0659,0,,0,326,302,287,1,2689,11,,,,,,,,,0,,,,,,,,,,,,,,,,,,,,,,,,,,,,,,,,,,,,,,,,,,,,
2018,1,1,18,4,18/01/2018,B6,20409,B6,N607JB,475,14307,1430705,30721,PVD,"Providence, RI",RI,44,Rhode Island,15,13204,1320402,31454,MCO,"Orlando, FL",FL,12,Florida,33,600,550,-10,0,0,-1,0600-0659,23,613,849,12,911,901,-10,0,0,-1,0900-0959,0,,0,191,191,156,1,1072,5,,,,,,,,,0,,,,,,,,,,,,,,,,,,,,,,,,,,,,,,,,,,,,,,,,,,,,
2018,1,1,18,4,18/01/2018,B6,20409,B6,N709JB,476,13204,1320402,31454,MCO,"Orlando, FL",FL,12,Florida,33,14307,1430705,30721,PVD,"Providence, RI",RI,44,Rhode Island,15,2058,2204,66,66,1,4,2000-2059,12,2216,24,4,2335,28,53,53,1,3,2300-2359,0,,0,157,144,128,1,1072,5,14,0,0,0,39,,,,0,,,,,,,,,,,,,,,,,,,,,,,,,,,,,,,,,,,,,,,,,,,,
2018,1,1,18,4,18/01/2018,B6,20409,B6,N520JB,477,12478,1247805,31703,JFK,"New York, NY",NY,36,New York,22,12451,1245102,31136,JAX,"Jacksonville, FL",FL,12,Florida,33,1557,1611,14,14,0,0,1500-1559,23,1634,1825,4,1844,1829,-15,0,0,-1,1800-1859,0,,0,167,138,111,1,828,4,,,,,,,,,0,,,,,,,,,,,,,,,,,,,,,,,,,,,,,,,,,,,,,,,,,,,,
2018,1,1,18,4,18/01/2018,B6,20409,B6,N520JB,478,12451,1245102,31136,JAX,"Jacksonville, FL",FL,12,Florida,33,12478,1247805,31703,JFK,"New York, NY",NY,36,New York,22,1925,1939,14,14,0,0,1900-1959,25,2004,2210,4,2140,2214,34,34,1,2,2100-2159,0,,0,135,155,126,1,828,4,0,0,34,0,0,,,,0,,,,,,,,,,,,,,,,,,,,,,,,,,,,,,,,,,,,,,,,,,,,
2018,1,1,18,4,18/01/2018,B6,20409,B6,N339JB,481,11278,1127805,30852,DCA,"Washington, DC",VA,51,Virginia,38,14635,1463502,31714,RSW,"Fort Myers, FL",FL,12,Florida,33,1438,1431,-7,0,0,-1,1400-1459,14,1445,1653,5,1721,1658,-23,0,0,-2,1700-1759,0,,0,163,147,128,1,892,4,,,,,,,,,0,,,,,,,,,,,,,,,,,,,,,,,,,,,,,,,,,,,,,,,,,,,,
2018,1,1,18,4,18/01/2018,B6,20409,B6,N339JB,482,14635,1463502,31714,RSW,"Fort Myers, FL",FL,12,Florida,33,11278,1127805,30852,DCA,"Washington, DC",VA,51,Virginia,38,1756,1746,-10,0,0,-1,1700-1759,11,1757,1949,6,2015,1955,-20,0,0,-2,2000-2059,0,,0,139,129,112,1,892,4,,,,,,,,,0,,,,,,,,,,,,,,,,,,,,,,,,,,,,,,,,,,,,,,,,,,,,
2018,1,1,18,4,18/01/2018,B6,20409,B6,N358JB,485,14576,1457606,34576,ROC,"Rochester, NY",NY,36,New York,22,12478,1247805,31703,JFK,"New York, NY",NY,36,New York,22,939,945,6,6,0,0,0900-0959,19,1004,1052,9,1057,1101,4,4,0,0,1000-1059,0,,0,78,76,48,1,264,2,,,,,,,,,0,,,,,,,,,,,,,,,,,,,,,,,,,,,,,,,,,,,,,,,,,,,,
2018,1,1,18,4,18/01/2018,B6,20409,B6,N178JB,486,12478,1247805,31703,JFK,"New York, NY",NY,36,New York,22,14576,1457606,34576,ROC,"Rochester, NY",NY,36,New York,22,2245,2300,15,15,1,1,2200-2259,19,2319,13,7,7,20,13,13,0,0,0001-0559,0,,0,82,80,54,1,264,2,,,,,,,,,0,,,,,,,,,,,,,,,,,,,,,,,,,,,,,,,,,,,,,,,,,,,,
2018,1,1,18,4,18/01/2018,B6,20409,B6,N983JB,487,10721,1072102,30721,BOS,"Boston, MA",MA,25,Massachusetts,13,12892,1289208,32575,LAX,"Los Angeles, CA",CA,6,California,91,1050,1056,6,6,0,0,1000-1059,21,1117,1345,7,1435,1352,-43,0,0,-2,1400-1459,0,,0,405,356,328,1,2611,11,,,,,,,,,0,,,,,,,,,,,,,,,,,,,,,,,,,,,,,,,,,,,,,,,,,,,,
2018,1,1,18,4,18/01/2018,B6,20409,B6,N964JB,488,12892,1289208,32575,LAX,"Los Angeles, CA",CA,6,California,91,10721,1072102,30721,BOS,"Boston, MA",MA,25,Massachusetts,13,1140,1143,3,3,0,0,1100-1159,16,1159,2007,7,2003,2014,11,11,0,0,2000-2059,0,,0,323,331,308,1,2611,11,,,,,,,,,0,,,,,,,,,,,,,,,,,,,,,,,,,,,,,,,,,,,,,,,,,,,,
2018,1,1,18,4,18/01/2018,B6,20409,B6,N292JB,489,10721,1072102,30721,BOS,"Boston, MA",MA,25,Massachusetts,13,11278,1127805,30852,DCA,"Washington, DC",VA,51,Virginia,38,1214,1158,-16,0,0,-2,1200-1259,13,1211,1318,1,1354,1319,-35,0,0,-2,1300-1359,0,,0,100,81,67,1,399,2,,,,,,,,,0,,,,,,,,,,,,,,,,,,,,,,,,,,,,,,,,,,,,,,,,,,,,
2018,1,1,18,4,18/01/2018,B6,20409,B6,N591JB,490,13204,1320402,31454,MCO,"Orlando, FL",FL,12,Florida,33,12478,1247805,31703,JFK,"New York, NY",NY,36,New York,22,936,935,-1,0,0,-1,0900-0959,13,948,1151,6,1205,1157,-8,0,0,-1,1200-1259,0,,0,149,142,123,1,944,4,,,,,,,,,0,,,,,,,,,,,,,,,,,,,,,,,,,,,,,,,,,,,,,,,,,,,,
2018,1,1,18,4,18/01/2018,B6,20409,B6,N652JB,491,10792,1079206,30792,BUF,"Buffalo, NY",NY,36,New York,22,12892,1289208,32575,LAX,"Los Angeles, CA",CA,6,California,91,1846,1841,-5,0,0,-1,1800-1859,13,1854,2032,6,2134,2038,-56,0,0,-2,2100-2159,0,,0,348,297,278,1,2218,9,,,,,,,,,0,,,,,,,,,,,,,,,,,,,,,,,,,,,,,,,,,,,,,,,,,,,,
2018,1,1,18,4,18/01/2018,B6,20409,B6,N652JB,492,12892,1289208,32575,LAX,"Los Angeles, CA",CA,6,California,91,10792,1079206,30792,BUF,"Buffalo, NY",NY,36,New York,22,2224,2221,-3,0,0,-1,2200-2259,12,2233,548,7,608,555,-13,0,0,-1,0600-0659,0,,0,284,274,255,1,2218,9,,,,,,,,,0,,,,,,,,,,,,,,,,,,,,,,,,,,,,,,,,,,,,,,,,,,,,
2018,1,1,18,4,18/01/2018,B6,20409,B6,N627JB,493,10721,1072102,30721,BOS,"Boston, MA",MA,25,Massachusetts,13,11292,1129202,30325,DEN,"Denver, CO",CO,8,Colorado,82,729,857,88,88,1,5,0700-0759,23,920,1109,7,1025,1116,51,51,1,3,1000-1059,0,,0,296,259,229,1,1754,8,51,0,0,0,0,,,,0,,,,,,,,,,,,,,,,,,,,,,,,,,,,,,,,,,,,,,,,,,,,
2018,1,1,18,4,18/01/2018,B6,20409,B6,N627JB,494,11292,1129202,30325,DEN,"Denver, CO",CO,8,Colorado,82,10721,1072102,30721,BOS,"Boston, MA",MA,25,Massachusetts,13,1115,1211,56,56,1,3,1100-1159,11,1222,1745,6,1702,1751,49,49,1,3,1700-1759,0,,0,227,220,203,1,1754,8,4,0,0,0,45,,,,0,,,,,,,,,,,,,,,,,,,,,,,,,,,,,,,,,,,,,,,,,,,,
2018,1,1,18,4,18/01/2018,B6,20409,B6,N198JB,495,12197,1219702,31703,HPN,"White Plains, NY",NY,36,New York,22,13204,1320402,31454,MCO,"Orlando, FL",FL,12,Florida,33,1412,1556,104,104,1,6,1400-1459,9,1605,1822,12,1706,1834,88,88,1,5,1700-1759,0,,0,174,158,137,1,972,4,88,0,0,0,0,,,,0,,,,,,,,,,,,,,,,,,,,,,,,,,,,,,,,,,,,,,,,,,,,
2018,1,1,18,4,18/01/2018,B6,20409,B6,N641JB,498,14747,1474703,30559,SEA,"Seattle, WA",WA,53,Washington,93,10721,1072102,30721,BOS,"Boston, MA",MA,25,Massachusetts,13,2339,2333,-6,0,0,-1,2300-2359,14,2347,712,2,749,714,-35,0,0,-2,0700-0759,0,,0,310,281,265,1,2496,10,,,,,,,,,0,,,,,,,,,,,,,,,,,,,,,,,,,,,,,,,,,,,,,,,,,,,,
2018,1,1,18,4,18/01/2018,B6,20409,B6,N529JB,499,12953,1295304,31703,LGA,"New York, NY",NY,36,New York,22,13204,1320402,31454,MCO,"Orlando, FL",FL,12,Florida,33,2100,2139,39,39,1,2,2100-2159,15,2154,4,3,2350,7,17,17,1,1,2300-2359,0,,0,170,148,130,1,950,4,8,0,0,0,9,,,,0,,,,,,,,,,,,,,,,,,,,,,,,,,,,,,,,,,,,,,,,,,,,
2018,1,1,18,4,18/01/2018,B6,20409,B6,N526JB,500,11252,1125203,31252,DAB,"Daytona Beach, FL",FL,12,Florida,33,12478,1247805,31703,JFK,"New York, NY",NY,36,New York,22,1125,1142,17,17,1,1,1100-1159,12,1154,1354,4,1344,1358,14,14,0,0,1300-1359,0,,0,139,136,120,1,891,4,,,,,,,,,0,,,,,,,,,,,,,,,,,,,,,,,,,,,,,,,,,,,,,,,,,,,,
2018,1,1,18,4,18/01/2018,B6,20409,B6,N903JB,502,11697,1169706,32467,FLL,"Fort Lauderdale, FL",FL,12,Florida,33,12478,1247805,31703,JFK,"New York, NY",NY,36,New York,22,1007,1004,-3,0,0,-1,1000-1059,11,1015,1230,5,1255,1235,-20,0,0,-2,1200-1259,0,,0,168,151,135,1,1069,5,,,,,,,,,0,,,,,,,,,,,,,,,,,,,,,,,,,,,,,,,,,,,,,,,,,,,,
2018,1,1,18,4,18/01/2018,B6,20409,B6,N568JB,504,12954,1295406,32575,LGB,"Long Beach, CA",CA,6,California,91,10721,1072102,30721,BOS,"Boston, MA",MA,25,Massachusetts,13,2115,2117,2,2,0,0,2100-2159,9,2126,531,3,529,534,5,5,0,0,0001-0559,0,,0,314,317,305,1,2602,11,,,,,,,,,0,,,,,,,,,,,,,,,,,,,,,,,,,,,,,,,,,,,,,,,,,,,,
2018,1,1,18,4,18/01/2018,B6,20409,B6,N265JB,507,14321,1432105,34321,PWM,"Portland, ME",ME,23,Maine,12,12478,1247805,31703,JFK,"New York, NY",NY,36,New York,22,1514,1516,2,2,0,0,1500-1559,10,1526,1618,3,1639,1621,-18,0,0,-2,1600-1659,0,,0,85,65,52,1,273,2,,,,,,,,,0,,,,,,,,,,,,,,,,,,,,,,,,,,,,,,,,,,,,,,,,,,,,
2018,1,1,18,4,18/01/2018,B6,20409,B6,N353JB,508,12478,1247805,31703,JFK,"New York, NY",NY,36,New York,22,14321,1432105,34321,PWM,"Portland, ME",ME,23,Maine,12,951,953,2,2,0,0,0900-0959,22,1015,1108,4,1111,1112,1,1,0,0,1100-1159,0,,0,80,79,53,1,273,2,,,,,,,,,0,,,,,,,,,,,,,,,,,,,,,,,,,,,,,,,,,,,,,,,,,,,,
2018,1,1,18,4,18/01/2018,B6,20409,B6,N729JB,511,11697,1169706,32467,FLL,"Fort Lauderdale, FL",FL,12,Florida,33,10423,1042302,30423,AUS,"Austin, TX",TX,48,Texas,74,1556,1544,-12,0,0,-1,1500-1559,18,1602,1758,20,1807,1818,11,11,0,0,1800-1859,0,,0,191,214,176,1,1105,5,,,,,,,,,0,,,,,,,,,,,,,,,,,,,,,,,,,,,,,,,,,,,,,,,,,,,,
2018,1,1,18,4,18/01/2018,B6,20409,B6,N729JB,512,10423,1042302,30423,AUS,"Austin, TX",TX,48,Texas,74,11697,1169706,32467,FLL,"Fort Lauderdale, FL",FL,12,Florida,33,1133,1122,-11,0,0,-1,1100-1159,8,1130,1444,5,1505,1449,-16,0,0,-2,1500-1559,0,,0,152,147,134,1,1105,5,,,,,,,,,0,,,,,,,,,,,,,,,,,,,,,,,,,,,,,,,,,,,,,,,,,,,,
2018,1,1,18,4,18/01/2018,B6,20409,B6,N793JB,514,12954,1295406,32575,LGB,"Long Beach, CA",CA,6,California,91,12478,1247805,31703,JFK,"New York, NY",NY,36,New York,22,1457,1455,-2,0,0,-1,1400-1459,11,1506,2305,3,2309,2308,-1,0,0,-1,2300-2359,0,,0,312,313,299,1,2465,10,,,,,,,,,0,,,,,,,,,,,,,,,,,,,,,,,,,,,,,,,,,,,,,,,,,,,,
2018,1,1,18,4,18/01/2018,B6,20409,B6,N206JB,515,10721,1072102,30721,BOS,"Boston, MA",MA,25,Massachusetts,13,10792,1079206,30792,BUF,"Buffalo, NY",NY,36,New York,22,645,739,54,54,1,3,0600-0659,21,800,903,2,824,905,41,41,1,2,0800-0859,0,,0,99,86,63,1,395,2,41,0,0,0,0,,,,0,,,,,,,,,,,,,,,,,,,,,,,,,,,,,,,,,,,,,,,,,,,,
2018,1,1,18,4,18/01/2018,B6,20409,B6,N935JB,516,14771,1477104,32457,SFO,"San Francisco, CA",CA,6,California,91,12478,1247805,31703,JFK,"New York, NY",NY,36,New York,22,1310,1301,-9,0,0,-1,1300-1359,22,1323,2126,5,2139,2131,-8,0,0,-1,2100-2159,0,,0,329,330,303,1,2586,11,,,,,,,,,0,,,,,,,,,,,,,,,,,,,,,,,,,,,,,,,,,,,,,,,,,,,,
2018,1,1,18,4,18/01/2018,B6,20409,B6,N238JB,518,12478,1247805,31703,JFK,"New York, NY",NY,36,New York,22,10721,1072102,30721,BOS,"Boston, MA",MA,25,Massachusetts,13,805,811,6,6,0,0,0800-0859,15,826,905,3,915,908,-7,0,0,-1,0900-0959,0,,0,70,57,39,1,187,1,,,,,,,,,0,,,,,,,,,,,,,,,,,,,,,,,,,,,,,,,,,,,,,,,,,,,,
2018,1,1,18,4,18/01/2018,B6,20409,B6,N355JB,521,10721,1072102,30721,BOS,"Boston, MA",MA,25,Massachusetts,13,14027,1402702,34027,PBI,"West Palm Beach/Palm Beach, FL",FL,12,Florida,33,1340,1416,36,36,1,2,1300-1359,15,1431,1710,4,1707,1714,7,7,0,0,1700-1759,0,,0,207,178,159,1,1197,5,,,,,,,,,0,,,,,,,,,,,,,,,,,,,,,,,,,,,,,,,,,,,,,,,,,,,,
2018,1,1,18,4,18/01/2018,B6,20409,B6,N355JB,522,14027,1402702,34027,PBI,"West Palm Beach/Palm Beach, FL",FL,12,Florida,33,10721,1072102,30721,BOS,"Boston, MA",MA,25,Massachusetts,13,1742,1748,6,6,0,0,1700-1759,10,1758,2032,6,2045,2038,-7,0,0,-1,2000-2059,0,,0,183,170,154,1,1197,5,,,,,,,,,0,,,,,,,,,,,,,,,,,,,,,,,,,,,,,,,,,,,,,,,,,,,,
2018,1,1,18,4,18/01/2018,B6,20409,B6,N978JB,523,12478,1247805,31703,JFK,"New York, NY",NY,36,New York,22,12892,1289208,32575,LAX,"Los Angeles, CA",CA,6,California,91,1213,1209,-4,0,0,-1,1200-1259,17,1226,1434,9,1535,1443,-52,0,0,-2,1500-1559,0,,0,382,334,308,1,2475,10,,,,,,,,,0,,,,,,,,,,,,,,,,,,,,,,,,,,,,,,,,,,,,,,,,,,,,
2018,1,1,18,4,18/01/2018,B6,20409,B6,N937JB,524,12892,1289208,32575,LAX,"Los Angeles, CA",CA,6,California,91,12478,1247805,31703,JFK,"New York, NY",NY,36,New York,22,1315,1306,-9,0,0,-1,1300-1359,16,1322,2134,7,2133,2141,8,8,0,0,2100-2159,0,,0,318,335,312,1,2475,10,,,,,,,,,0,,,,,,,,,,,,,,,,,,,,,,,,,,,,,,,,,,,,,,,,,,,,
2018,1,1,18,4,18/01/2018,B6,20409,B6,N190JB,525,12478,1247805,31703,JFK,"New York, NY",NY,36,New York,22,15304,1530402,33195,TPA,"Tampa, FL",FL,12,Florida,33,648,642,-6,0,0,-1,0600-0659,24,706,922,4,948,926,-22,0,0,-2,0900-0959,0,,0,180,164,136,1,1005,5,,,,,,,,,0,,,,,,,,,,,,,,,,,,,,,,,,,,,,,,,,,,,,,,,,,,,,
2018,1,1,18,4,18/01/2018,B6,20409,B6,N656JB,529,11697,1169706,32467,FLL,"Fort Lauderdale, FL",FL,12,Florida,33,14679,1467903,33570,SAN,"San Diego, CA",CA,6,California,91,1725,1726,1,1,0,0,1700-1759,19,1745,1945,2,2012,1947,-25,0,0,-2,2000-2059,0,,0,347,321,300,1,2269,10,,,,,,,,,0,,,,,,,,,,,,,,,,,,,,,,,,,,,,,,,,,,,,,,,,,,,,
2018,1,1,18,4,18/01/2018,B6,20409,B6,N656JB,530,14679,1467903,33570,SAN,"San Diego, CA",CA,6,California,91,11697,1169706,32467,FLL,"Fort Lauderdale, FL",FL,12,Florida,33,2109,2104,-5,0,0,-1,2100-2159,13,2117,438,4,452,442,-10,0,0,-1,0001-0559,0,,0,283,278,261,1,2269,10,,,,,,,,,0,,,,,,,,,,,,,,,,,,,,,,,,,,,,,,,,,,,,,,,,,,,,
2018,1,1,18,4,18/01/2018,B6,20409,B6,N649JB,531,14869,1486903,34614,SLC,"Salt Lake City, UT",UT,49,Utah,87,12954,1295406,32575,LGB,"Long Beach, CA",CA,6,California,91,1901,1851,-10,0,0,-1,1900-1959,10,1901,1932,5,1954,1937,-17,0,0,-2,1900-1959,0,,0,113,106,91,1,588,3,,,,,,,,,0,,,,,,,,,,,,,,,,,,,,,,,,,,,,,,,,,,,,,,,,,,,,
2018,1,1,18,4,18/01/2018,B6,20409,B6,N649JB,532,12954,1295406,32575,LGB,"Long Beach, CA",CA,6,California,91,14869,1486903,34614,SLC,"Salt Lake City, UT",UT,49,Utah,87,1537,1527,-10,0,0,-1,1500-1559,9,1536,1758,4,1821,1802,-19,0,0,-2,1800-1859,0,,0,104,95,82,1,588,3,,,,,,,,,0,,,,,,,,,,,,,,,,,,,,,,,,,,,,,,,,,,,,,,,,,,,,
2018,1,1,18,4,18/01/2018,B6,20409,B6,N607JB,533,10529,1052906,30529,BDL,"Hartford, CT",CT,9,Connecticut,11,15304,1530402,33195,TPA,"Tampa, FL",FL,12,Florida,33,1355,1351,-4,0,0,-1,1300-1359,19,1410,1646,5,1708,1651,-17,0,0,-2,1700-1759,0,,0,193,180,156,1,1111,5,,,,,,,,,0,,,,,,,,,,,,,,,,,,,,,,,,,,,,,,,,,,,,,,,,,,,,
2018,1,1,18,4,18/01/2018,B6,20409,B6,N988JB,534,14771,1477104,32457,SFO,"San Francisco, CA",CA,6,California,91,10721,1072102,30721,BOS,"Boston, MA",MA,25,Massachusetts,13,1420,1417,-3,0,0,-1,1400-1459,15,1432,2233,8,2250,2241,-9,0,0,-1,2200-2259,0,,0,330,324,301,1,2704,11,,,,,,,,,0,,,,,,,,,,,,,,,,,,,,,,,,,,,,,,,,,,,,,,,,,,,,
2018,1,1,18,4,18/01/2018,B6,20409,B6,N274JB,535,15070,1507002,31703,SWF,"Newburgh/Poughkeepsie, NY",NY,36,New York,22,11697,1169706,32467,FLL,"Fort Lauderdale, FL",FL,12,Florida,33,1920,1922,2,2,0,0,1900-1959,11,1933,2224,5,2236,2229,-7,0,0,-1,2200-2259,0,,0,196,187,171,1,1118,5,,,,,,,,,0,,,,,,,,,,,,,,,,,,,,,,,,,,,,,,,,,,,,,,,,,,,,
2018,1,1,18,4,18/01/2018,B6,20409,B6,N274JB,536,11697,1169706,32467,FLL,"Fort Lauderdale, FL",FL,12,Florida,33,15070,1507002,31703,SWF,"Newburgh/Poughkeepsie, NY",NY,36,New York,22,1543,1542,-1,0,0,-1,1500-1559,16,1558,1831,10,1844,1841,-3,0,0,-1,1800-1859,0,,0,181,179,153,1,1118,5,,,,,,,,,0,,,,,,,,,,,,,,,,,,,,,,,,,,,,,,,,,,,,,,,,,,,,
2018,1,1,18,4,18/01/2018,B6,20409,B6,N559JB,537,10529,1052906,30529,BDL,"Hartford, CT",CT,9,Connecticut,11,13204,1320402,31454,MCO,"Orlando, FL",FL,12,Florida,33,1719,1712,-7,0,0,-1,1700-1759,17,1729,1955,16,2023,2011,-12,0,0,-1,2000-2059,0,,0,184,179,146,1,1050,5,,,,,,,,,0,,,,,,,,,,,,,,,,,,,,,,,,,,,,,,,,,,,,,,,,,,,,
2018,1,1,18,4,18/01/2018,B6,20409,B6,N536JB,543,11618,1161802,31703,EWR,"Newark, NJ",NJ,34,New Jersey,21,14027,1402702,34027,PBI,"West Palm Beach/Palm Beach, FL",FL,12,Florida,33,1816,1927,71,71,1,4,1800-1859,25,1952,2220,4,2115,2224,69,69,1,4,2100-2159,0,,0,179,177,148,1,1023,5,12,0,0,0,57,,,,0,,,,,,,,,,,,,,,,,,,,,,,,,,,,,,,,,,,,,,,,,,,,
2018,1,1,18,4,18/01/2018,B6,20409,B6,N334JB,548,15304,1530402,33195,TPA,"Tampa, FL",FL,12,Florida,33,12197,1219702,31703,HPN,"White Plains, NY",NY,36,New York,22,1819,1804,-15,0,0,-1,1800-1859,22,1826,2044,3,2100,2047,-13,0,0,-1,2100-2159,0,,0,161,163,138,1,1032,5,,,,,,,,,0,,,,,,,,,,,,,,,,,,,,,,,,,,,,,,,,,,,,,,,,,,,,
2018,1,1,18,4,18/01/2018,B6,20409,B6,N258JB,549,11278,1127805,30852,DCA,"Washington, DC",VA,51,Virginia,38,15304,1530402,33195,TPA,"Tampa, FL",FL,12,Florida,33,1259,1247,-12,0,0,-1,1200-1259,25,1312,1510,6,1529,1516,-13,0,0,-1,1500-1559,0,,0,150,149,118,1,814,4,,,,,,,,,0,,,,,,,,,,,,,,,,,,,,,,,,,,,,,,,,,,,,,,,,,,,,
2018,1,1,18,4,18/01/2018,B6,20409,B6,N970JB,553,12478,1247805,31703,JFK,"New York, NY",NY,36,New York,22,14027,1402702,34027,PBI,"West Palm Beach/Palm Beach, FL",FL,12,Florida,33,1949,1954,5,5,0,0,1900-1959,24,2018,2245,4,2259,2249,-10,0,0,-1,2200-2259,0,,0,190,175,147,1,1028,5,,,,,,,,,0,,,,,,,,,,,,,,,,,,,,,,,,,,,,,,,,,,,,,,,,,,,,
2018,1,1,18,4,18/01/2018,B6,20409,B6,N706JB,563,13930,1393006,30977,ORD,"Chicago, IL",IL,17,Illinois,41,11697,1169706,32467,FLL,"Fort Lauderdale, FL",FL,12,Florida,33,700,650,-10,0,0,-1,0700-0759,14,704,1045,15,1119,1100,-19,0,0,-2,1100-1159,0,,0,199,190,161,1,1182,5,,,,,,,,,0,,,,,,,,,,,,,,,,,,,,,,,,,,,,,,,,,,,,,,,,,,,,
2018,1,1,18,4,18/01/2018,B6,20409,B6,N706JB,563,11697,1169706,32467,FLL,"Fort Lauderdale, FL",FL,12,Florida,33,14843,1484306,34819,SJU,"San Juan, PR",PR,72,Puerto Rico,3,1215,1218,3,3,0,0,1200-1259,21,1239,1547,4,1546,1551,5,5,0,0,1500-1559,0,,0,151,153,128,1,1046,5,,,,,,,,,0,,,,,,,,,,,,,,,,,,,,,,,,,,,,,,,,,,,,,,,,,,,,
2018,1,1,18,4,18/01/2018,B6,20409,B6,N615JB,566,14843,1484306,34819,SJU,"San Juan, PR",PR,72,Puerto Rico,3,11697,1169706,32467,FLL,"Fort Lauderdale, FL",FL,12,Florida,33,1814,1859,45,45,1,3,1800-1859,9,1908,2034,7,2004,2041,37,37,1,2,2000-2059,0,,0,170,162,146,1,1046,5,21,0,0,0,16,,,,0,,,,,,,,,,,,,,,,,,,,,,,,,,,,,,,,,,,,,,,,,,,,
2018,1,1,18,4,18/01/2018,B6,20409,B6,N615JB,566,11697,1169706,32467,FLL,"Fort Lauderdale, FL",FL,12,Florida,33,13930,1393006,30977,ORD,"Chicago, IL",IL,17,Illinois,41,2049,2128,39,39,1,2,2000-2059,11,2139,2316,9,2301,2325,24,24,1,1,2300-2359,0,,0,192,177,157,1,1182,5,4,0,0,0,20,,,,0,,,,,,,,,,,,,,,,,,,,,,,,,,,,,,,,,,,,,,,,,,,,
2018,1,1,18,4,18/01/2018,B6,20409,B6,N586JB,569,10721,1072102,30721,BOS,"Boston, MA",MA,25,Massachusetts,13,11697,1169706,32467,FLL,"Fort Lauderdale, FL",FL,12,Florida,33,620,620,0,0,0,0,0600-0659,42,702,954,16,952,1010,18,18,1,1,0900-0959,0,,0,212,230,172,1,1237,5,0,0,18,0,0,,,,0,,,,,,,,,,,,,,,,,,,,,,,,,,,,,,,,,,,,,,,,,,,,
2018,1,1,18,4,18/01/2018,B6,20409,B6,N505JB,570,11697,1169706,32467,FLL,"Fort Lauderdale, FL",FL,12,Florida,33,10721,1072102,30721,BOS,"Boston, MA",MA,25,Massachusetts,13,1356,1431,35,35,1,2,1300-1359,17,1448,1730,12,1704,1742,38,38,1,2,1700-1759,0,,0,188,191,162,1,1237,5,26,0,3,0,9,,,,0,,,,,,,,,,,,,,,,,,,,,,,,,,,,,,,,,,,,,,,,,,,,
2018,1,1,18,4,18/01/2018,B6,20409,B6,N588JB,573,11618,1161802,31703,EWR,"Newark, NJ",NJ,34,New Jersey,21,15304,1530402,33195,TPA,"Tampa, FL",FL,12,Florida,33,700,650,-10,0,0,-1,0700-0759,15,705,919,7,956,926,-30,0,0,-2,0900-0959,0,,0,176,156,134,1,997,4,,,,,,,,,0,,,,,,,,,,,,,,,,,,,,,,,,,,,,,,,,,,,,,,,,,,,,
2018,1,1,18,4,18/01/2018,B6,20409,B6,N588JB,574,15304,1530402,33195,TPA,"Tampa, FL",FL,12,Florida,33,11618,1161802,31703,EWR,"Newark, NJ",NJ,34,New Jersey,21,1038,1028,-10,0,0,-1,1000-1059,31,1059,1307,11,1320,1318,-2,0,0,-1,1300-1359,0,,0,162,170,128,1,997,4,,,,,,,,,0,,,,,,,,,,,,,,,,,,,,,,,,,,,,,,,,,,,,,,,,,,,,
2018,1,1,18,4,18/01/2018,B6,20409,B6,N178JB,575,12478,1247805,31703,JFK,"New York, NY",NY,36,New York,22,13495,1349505,33495,MSY,"New Orleans, LA",LA,22,Louisiana,72,1429,1446,17,17,1,1,1400-1459,20,1506,1651,8,1704,1659,-5,0,0,-1,1700-1759,0,,0,215,193,165,1,1182,5,,,,,,,,,0,,,,,,,,,,,,,,,,,,,,,,,,,,,,,,,,,,,,,,,,,,,,
2018,1,1,18,4,18/01/2018,B6,20409,B6,N178JB,576,13495,1349505,33495,MSY,"New Orleans, LA",LA,22,Louisiana,72,12478,1247805,31703,JFK,"New York, NY",NY,36,New York,22,1746,1756,10,10,0,0,1700-1759,8,1804,2146,5,2136,2151,15,15,1,1,2100-2159,0,,0,170,175,162,1,1182,5,10,0,5,0,0,,,,0,,,,,,,,,,,,,,,,,,,,,,,,,,,,,,,,,,,,,,,,,,,,
2018,1,1,18,4,18/01/2018,B6,20409,B6,N935JB,577,11697,1169706,32467,FLL,"Fort Lauderdale, FL",FL,12,Florida,33,14771,1477104,32457,SFO,"San Francisco, CA",CA,6,California,91,830,826,-4,0,0,-1,0800-0859,14,840,1113,7,1200,1120,-40,0,0,-2,1200-1259,0,,0,390,354,333,1,2584,11,,,,,,,,,0,,,,,,,,,,,,,,,,,,,,,,,,,,,,,,,,,,,,,,,,,,,,
2018,1,1,18,4,18/01/2018,B6,20409,B6,N979JB,578,14771,1477104,32457,SFO,"San Francisco, CA",CA,6,California,91,11697,1169706,32467,FLL,"Fort Lauderdale, FL",FL,12,Florida,33,802,758,-4,0,0,-1,0800-0859,13,811,1610,8,1621,1618,-3,0,0,-1,1600-1659,0,,0,319,320,299,1,2584,11,,,,,,,,,0,,,,,,,,,,,,,,,,,,,,,,,,,,,,,,,,,,,,,,,,,,,,
2018,1,1,18,4,18/01/2018,B6,20409,B6,N629JB,581,12478,1247805,31703,JFK,"New York, NY",NY,36,New York,22,12191,1219102,31453,HOU,"Houston, TX",TX,48,Texas,74,1429,1429,0,0,0,0,1400-1459,27,1456,1713,2,1747,1715,-32,0,0,-2,1700-1759,0,,0,258,226,197,1,1428,6,,,,,,,,,0,,,,,,,,,,,,,,,,,,,,,,,,,,,,,,,,,,,,,,,,,,,,
2018,1,1,18,4,18/01/2018,B6,20409,B6,N591JB,583,12478,1247805,31703,JFK,"New York, NY",NY,36,New York,22,13204,1320402,31454,MCO,"Orlando, FL",FL,12,Florida,33,600,554,-6,0,0,-1,0600-0659,14,608,819,10,851,829,-22,0,0,-2,0800-0859,0,,0,171,155,131,1,944,4,,,,,,,,,0,,,,,,,,,,,,,,,,,,,,,,,,,,,,,,,,,,,,,,,,,,,,
2018,1,1,18,4,18/01/2018,B6,20409,B6,N907JB,584,13204,1320402,31454,MCO,"Orlando, FL",FL,12,Florida,33,12478,1247805,31703,JFK,"New York, NY",NY,36,New York,22,1355,1356,1,1,0,0,1300-1359,15,1411,1619,6,1630,1625,-5,0,0,-1,1600-1659,0,,0,155,149,128,1,944,4,,,,,,,,,0,,,,,,,,,,,,,,,,,,,,,,,,,,,,,,,,,,,,,,,,,,,,
2018,1,1,18,4,18/01/2018,B6,20409,B6,N368JB,585,14576,1457606,34576,ROC,"Rochester, NY",NY,36,New York,22,12478,1247805,31703,JFK,"New York, NY",NY,36,New York,22,1357,1351,-6,0,0,-1,1300-1359,24,1415,1510,4,1516,1514,-2,0,0,-1,1500-1559,0,,0,79,83,55,1,264,2,,,,,,,,,0,,,,,,,,,,,,,,,,,,,,,,,,,,,,,,,,,,,,,,,,,,,,
2018,1,1,18,4,18/01/2018,B6,20409,B6,N353JB,586,12478,1247805,31703,JFK,"New York, NY",NY,36,New York,22,14576,1457606,34576,ROC,"Rochester, NY",NY,36,New York,22,1429,1418,-11,0,0,-1,1400-1459,23,1441,1536,7,1556,1543,-13,0,0,-1,1500-1559,0,,0,87,85,55,1,264,2,,,,,,,,,0,,,,,,,,,,,,,,,,,,,,,,,,,,,,,,,,,,,,,,,,,,,,
2018,1,1,18,4,18/01/2018,B6,20409,B6,N375JB,589,11278,1127805,30852,DCA,"Washington, DC",VA,51,Virginia,38,12451,1245102,31136,JAX,"Jacksonville, FL",FL,12,Florida,33,858,851,-7,0,0,-1,0800-0859,25,916,1049,7,1116,1056,-20,0,0,-2,1100-1159,0,,0,138,125,93,1,634,3,,,,,,,,,0,,,,,,,,,,,,,,,,,,,,,,,,,,,,,,,,,,,,,,,,,,,,
2018,1,1,18,4,18/01/2018,B6,20409,B6,N292JB,590,11278,1127805,30852,DCA,"Washington, DC",VA,51,Virginia,38,10721,1072102,30721,BOS,"Boston, MA",MA,25,Massachusetts,13,1429,1416,-13,0,0,-1,1400-1459,8,1424,1525,5,1555,1530,-25,0,0,-2,1500-1559,0,,0,86,74,61,1,399,2,,,,,,,,,0,,,,,,,,,,,,,,,,,,,,,,,,,,,,,,,,,,,,,,,,,,,,
2018,1,1,18,4,18/01/2018,B6,20409,B6,N821JB,597,10721,1072102,30721,BOS,"Boston, MA",MA,25,Massachusetts,13,14747,1474703,30559,SEA,"Seattle, WA",WA,53,Washington,93,859,907,8,8,0,0,0800-0859,19,926,1220,10,1226,1230,4,4,0,0,1200-1259,0,,0,387,383,354,1,2496,10,,,,,,,,,0,,,,,,,,,,,,,,,,,,,,,,,,,,,,,,,,,,,,,,,,,,,,
2018,1,1,18,4,18/01/2018,B6,20409,B6,N821JB,598,14747,1474703,30559,SEA,"Seattle, WA",WA,53,Washington,93,10721,1072102,30721,BOS,"Boston, MA",MA,25,Massachusetts,13,1316,1321,5,5,0,0,1300-1359,11,1332,2059,9,2126,2108,-18,0,0,-2,2100-2159,0,,0,310,287,267,1,2496,10,,,,,,,,,0,,,,,,,,,,,,,,,,,,,,,,,,,,,,,,,,,,,,,,,,,,,,
2018,1,1,18,4,18/01/2018,B6,20409,B6,N192JB,599,10529,1052906,30529,BDL,"Hartford, CT",CT,9,Connecticut,11,11278,1127805,30852,DCA,"Washington, DC",VA,51,Virginia,38,1915,1912,-3,0,0,-1,1900-1959,10,1922,2015,7,2044,2022,-22,0,0,-2,2000-2059,0,,0,89,70,53,1,313,2,,,,,,,,,0,,,,,,,,,,,,,,,,,,,,,,,,,,,,,,,,,,,,,,,,,,,,
2018,1,1,18,4,18/01/2018,B6,20409,B6,N828JB,602,14107,1410702,30466,PHX,"Phoenix, AZ",AZ,4,Arizona,81,10721,1072102,30721,BOS,"Boston, MA",MA,25,Massachusetts,13,2359,2353,-6,0,0,-1,2300-2359,12,5,630,8,643,638,-5,0,0,-1,0600-0659,0,,0,284,285,265,1,2300,10,,,,,,,,,0,,,,,,,,,,,,,,,,,,,,,,,,,,,,,,,,,,,,,,,,,,,,
2018,1,1,18,4,18/01/2018,B6,20409,B6,N746JB,603,10721,1072102,30721,BOS,"Boston, MA",MA,25,Massachusetts,13,14107,1410702,30466,PHX,"Phoenix, AZ",AZ,4,Arizona,81,1752,1931,99,99,1,6,1700-1759,19,1950,2246,8,2159,2254,55,55,1,3,2100-2159,0,,0,367,323,296,1,2300,10,0,0,55,0,0,,,,0,,,,,,,,,,,,,,,,,,,,,,,,,,,,,,,,,,,,,,,,,,,,
2018,1,1,18,4,18/01/2018,B6,20409,B6,N959JB,611,12478,1247805,31703,JFK,"New York, NY",NY,36,New York,22,12889,1288903,32211,LAS,"Las Vegas, NV",NV,32,Nevada,85,1916,1908,-8,0,0,-1,1900-1959,12,1920,2104,6,2218,2110,-68,0,0,-2,2200-2259,0,,0,362,302,284,1,2248,9,,,,,,,,,0,,,,,,,,,,,,,,,,,,,,,,,,,,,,,,,,,,,,,,,,,,,,
2018,1,1,18,4,18/01/2018,B6,20409,B6,N536JB,612,14635,1463502,31714,RSW,"Fort Myers, FL",FL,12,Florida,33,11618,1161802,31703,EWR,"Newark, NJ",NJ,34,New Jersey,21,1440,1538,58,58,1,3,1400-1459,22,1600,1826,9,1736,1835,59,59,1,3,1700-1759,0,,0,176,177,146,1,1068,5,0,0,59,0,0,,,,0,,,,,,,,,,,,,,,,,,,,,,,,,,,,,,,,,,,,,,,,,,,,
2018,1,1,18,4,18/01/2018,B6,20409,B6,N981JB,615,12478,1247805,31703,JFK,"New York, NY",NY,36,New York,22,14771,1477104,32457,SFO,"San Francisco, CA",CA,6,California,91,1140,1136,-4,0,0,-1,1100-1159,39,1215,1506,11,1520,1517,-3,0,0,-1,1500-1559,0,,0,400,401,351,1,2586,11,,,,,,,,,0,,,,,,,,,,,,,,,,,,,,,,,,,,,,,,,,,,,,,,,,,,,,
2018,1,1,18,4,18/01/2018,B6,20409,B6,N986JB,616,14771,1477104,32457,SFO,"San Francisco, CA",CA,6,California,91,12478,1247805,31703,JFK,"New York, NY",NY,36,New York,22,1550,1553,3,3,0,0,1500-1559,12,1605,2400,4,16,4,-12,0,0,-1,0001-0559,0,,0,326,311,295,1,2586,11,,,,,,,,,0,,,,,,,,,,,,,,,,,,,,,,,,,,,,,,,,,,,,,,,,,,,,
2018,1,1,18,4,18/01/2018,B6,20409,B6,N982JB,619,10721,1072102,30721,BOS,"Boston, MA",MA,25,Massachusetts,13,14679,1467903,33570,SAN,"San Diego, CA",CA,6,California,91,700,655,-5,0,0,-1,0700-0759,43,738,1020,6,1039,1026,-13,0,0,-1,1000-1059,0,,0,399,391,342,1,2588,11,,,,,,,,,0,,,,,,,,,,,,,,,,,,,,,,,,,,,,,,,,,,,,,,,,,,,,
2018,1,1,18,4,18/01/2018,B6,20409,B6,N982JB,620,14679,1467903,33570,SAN,"San Diego, CA",CA,6,California,91,10721,1072102,30721,BOS,"Boston, MA",MA,25,Massachusetts,13,1150,1150,0,0,0,0,1100-1159,35,1225,2050,13,2013,2103,50,50,1,3,2000-2059,0,,0,323,373,325,1,2588,11,0,0,50,0,0,,,,0,,,,,,,,,,,,,,,,,,,,,,,,,,,,,,,,,,,,,,,,,,,,
2018,1,1,18,4,18/01/2018,B6,20409,B6,N923JB,624,12892,1289208,32575,LAX,"Los Angeles, CA",CA,6,California,91,12478,1247805,31703,JFK,"New York, NY",NY,36,New York,22,1415,1407,-8,0,0,-1,1400-1459,26,1433,2239,5,2229,2244,15,15,1,1,2200-2259,0,,0,314,337,306,1,2475,10,0,0,15,0,0,,,,0,,,,,,,,,,,,,,,,,,,,,,,,,,,,,,,,,,,,,,,,,,,,
2018,1,1,18,4,18/01/2018,B6,20409,B6,N292JB,626,10821,1082106,30852,BWI,"Baltimore, MD",MD,24,Maryland,35,10721,1072102,30721,BOS,"Boston, MA",MA,25,Massachusetts,13,1013,1000,-13,0,0,-1,1000-1059,10,1010,1113,4,1132,1117,-15,0,0,-1,1100-1159,0,,0,79,77,63,1,369,2,,,,,,,,,0,,,,,,,,,,,,,,,,,,,,,,,,,,,,,,,,,,,,,,,,,,,,
2018,1,1,18,4,18/01/2018,B6,20409,B6,N907JB,629,13204,1320402,31454,MCO,"Orlando, FL",FL,12,Florida,33,10732,1073203,30732,BQN,"Aguadilla, PR",PR,72,Puerto Rico,3,2138,2140,2,2,0,0,2100-2159,11,2151,105,4,118,109,-9,0,0,-1,0001-0559,0,,0,160,149,134,1,1129,5,,,,,,,,,0,,,,,,,,,,,,,,,,,,,,,,,,,,,,,,,,,,,,,,,,,,,,
2018,1,1,18,4,18/01/2018,B6,20409,B6,N971JB,630,10732,1073203,30732,BQN,"Aguadilla, PR",PR,72,Puerto Rico,3,13204,1320402,31454,MCO,"Orlando, FL",FL,12,Florida,33,238,257,19,19,1,1,0001-0559,10,307,438,3,433,441,8,8,0,0,0001-0559,0,,0,175,164,151,1,1129,5,,,,,,,,,0,,,,,,,,,,,,,,,,,,,,,,,,,,,,,,,,,,,,,,,,,,,,
2018,1,1,18,4,18/01/2018,B6,20409,B6,N187JB,631,10721,1072102,30721,BOS,"Boston, MA",MA,25,Massachusetts,13,12953,1295304,31703,LGA,"New York, NY",NY,36,New York,22,645,638,-7,0,0,-1,0600-0659,48,726,815,4,808,819,11,11,0,0,0800-0859,0,,0,83,101,49,1,184,1,,,,,,,,,0,,,,,,,,,,,,,,,,,,,,,,,,,,,,,,,,,,,,,,,,,,,,
2018,1,1,18,4,18/01/2018,B6,20409,B6,N187JB,632,12953,1295304,31703,LGA,"New York, NY",NY,36,New York,22,10721,1072102,30721,BOS,"Boston, MA",MA,25,Massachusetts,13,900,852,-8,0,0,-1,0900-0959,26,918,959,12,1025,1011,-14,0,0,-1,1000-1059,0,,0,85,79,41,1,184,1,,,,,,,,,0,,,,,,,,,,,,,,,,,,,,,,,,,,,,,,,,,,,,,,,,,,,,
2018,1,1,18,4,18/01/2018,B6,20409,B6,N229JB,640,11042,1104205,30647,CLE,"Cleveland, OH",OH,39,Ohio,44,10721,1072102,30721,BOS,"Boston, MA",MA,25,Massachusetts,13,1856,1854,-2,0,0,-1,1800-1859,11,1905,2021,8,2037,2029,-8,0,0,-1,2000-2059,0,,0,101,95,76,1,563,3,,,,,,,,,0,,,,,,,,,,,,,,,,,,,,,,,,,,,,,,,,,,,,,,,,,,,,
2018,1,1,18,4,18/01/2018,B6,20409,B6,N229JB,641,10721,1072102,30721,BOS,"Boston, MA",MA,25,Massachusetts,13,11042,1104205,30647,CLE,"Cleveland, OH",OH,39,Ohio,44,1615,1610,-5,0,0,-1,1600-1659,20,1630,1803,9,1821,1812,-9,0,0,-1,1800-1859,0,,0,126,122,93,1,563,3,,,,,,,,,0,,,,,,,,,,,,,,,,,,,,,,,,,,,,,,,,,,,,,,,,,,,,
2018,1,1,18,4,18/01/2018,B6,20409,B6,N636JB,644,14027,1402702,34027,PBI,"West Palm Beach/Palm Beach, FL",FL,12,Florida,33,11618,1161802,31703,EWR,"Newark, NJ",NJ,34,New Jersey,21,930,958,28,28,1,1,0900-0959,10,1008,1226,9,1218,1235,17,17,1,1,1200-1259,0,,0,168,157,138,1,1023,5,17,0,0,0,0,,,,0,,,,,,,,,,,,,,,,,,,,,,,,,,,,,,,,,,,,,,,,,,,,
2018,1,1,18,4,18/01/2018,B6,20409,B6,N373JB,645,14524,1452401,34524,RIC,"Richmond, VA",VA,51,Virginia,38,11697,1169706,32467,FLL,"Fort Lauderdale, FL",FL,12,Florida,33,1634,1711,37,37,1,2,1600-1659,10,1721,1926,10,1858,1936,38,38,1,2,1800-1859,0,,0,144,145,125,1,805,4,21,0,1,0,16,,,,0,,,,,,,,,,,,,,,,,,,,,,,,,,,,,,,,,,,,,,,,,,,,
2018,1,1,18,4,18/01/2018,B6,20409,B6,N373JB,646,11697,1169706,32467,FLL,"Fort Lauderdale, FL",FL,12,Florida,33,14524,1452401,34524,RIC,"Richmond, VA",VA,51,Virginia,38,1342,1410,28,28,1,1,1300-1359,15,1425,1616,4,1559,1620,21,21,1,1,1500-1559,0,,0,137,130,111,1,805,4,12,0,0,0,9,,,,0,,,,,,,,,,,,,,,,,,,,,,,,,,,,,,,,,,,,,,,,,,,,
2018,1,1,18,4,18/01/2018,B6,20409,B6,N805JB,647,10721,1072102,30721,BOS,"Boston, MA",MA,25,Massachusetts,13,14869,1486903,34614,SLC,"Salt Lake City, UT",UT,49,Utah,87,1900,1921,21,21,1,1,1900-1959,23,1944,2237,14,2237,2251,14,14,0,0,2200-2259,0,,0,337,330,293,1,2105,9,,,,,,,,,0,,,,,,,,,,,,,,,,,,,,,,,,,,,,,,,,,,,,,,,,,,,,
2018,1,1,18,4,18/01/2018,B6,20409,B6,N805JB,648,14869,1486903,34614,SLC,"Salt Lake City, UT",UT,49,Utah,87,10721,1072102,30721,BOS,"Boston, MA",MA,25,Massachusetts,13,2327,2334,7,7,0,0,2300-2359,10,2344,540,3,555,543,-12,0,0,-1,0001-0559,0,,0,268,249,236,1,2105,9,,,,,,,,,0,,,,,,,,,,,,,,,,,,,,,,,,,,,,,,,,,,,,,,,,,,,,
2018,1,1,18,4,18/01/2018,B6,20409,B6,N283JB,654,11278,1127805,30852,DCA,"Washington, DC",VA,51,Virginia,38,10721,1072102,30721,BOS,"Boston, MA",MA,25,Massachusetts,13,1140,1148,8,8,0,0,1100-1159,13,1201,1308,7,1305,1315,10,10,0,0,1300-1359,0,,0,85,87,67,1,399,2,,,,,,,,,0,,,,,,,,,,,,,,,,,,,,,,,,,,,,,,,,,,,,,,,,,,,,
2018,1,1,18,4,18/01/2018,B6,20409,B6,N623JB,655,15096,1509602,35096,SYR,"Syracuse, NY",NY,36,New York,22,13204,1320402,31454,MCO,"Orlando, FL",FL,12,Florida,33,720,716,-4,0,0,-1,0700-0759,33,749,1004,13,1036,1017,-19,0,0,-2,1000-1059,0,,0,196,181,135,1,1053,5,,,,,,,,,0,,,,,,,,,,,,,,,,,,,,,,,,,,,,,,,,,,,,,,,,,,,,
2018,1,1,18,4,18/01/2018,B6,20409,B6,N640JB,656,13204,1320402,31454,MCO,"Orlando, FL",FL,12,Florida,33,15096,1509602,35096,SYR,"Syracuse, NY",NY,36,New York,22,2025,2050,25,25,1,1,2000-2059,18,2108,2324,6,2304,2330,26,26,1,1,2300-2359,0,,0,159,160,136,1,1053,5,7,0,1,0,18,,,,0,,,,,,,,,,,,,,,,,,,,,,,,,,,,,,,,,,,,,,,,,,,,
2018,1,1,18,4,18/01/2018,B6,20409,B6,N517JB,657,11042,1104205,30647,CLE,"Cleveland, OH",OH,39,Ohio,44,11697,1169706,32467,FLL,"Fort Lauderdale, FL",FL,12,Florida,33,700,704,4,4,0,0,0700-0759,16,720,942,4,955,946,-9,0,0,-1,0900-0959,0,,0,175,162,142,1,1062,5,,,,,,,,,0,,,,,,,,,,,,,,,,,,,,,,,,,,,,,,,,,,,,,,,,,,,,
2018,1,1,18,4,18/01/2018,B6,20409,B6,N613JB,658,11697,1169706,32467,FLL,"Fort Lauderdale, FL",FL,12,Florida,33,11042,1104205,30647,CLE,"Cleveland, OH",OH,39,Ohio,44,1940,1949,9,9,0,0,1900-1959,11,2000,2221,8,2238,2229,-9,0,0,-1,2200-2259,0,,0,178,160,141,1,1062,5,,,,,,,,,0,,,,,,,,,,,,,,,,,,,,,,,,,,,,,,,,,,,,,,,,,,,,
2018,1,1,18,4,18/01/2018,B6,20409,B6,N283JB,660,14100,1410005,34100,PHL,"Philadelphia, PA",PA,42,Pennsylvania,23,10721,1072102,30721,BOS,"Boston, MA",MA,25,Massachusetts,13,1559,1556,-3,0,0,-1,1500-1559,20,1616,1711,6,1718,1717,-1,0,0,-1,1700-1759,0,,0,79,81,55,1,280,2,,,,,,,,,0,,,,,,,,,,,,,,,,,,,,,,,,,,,,,,,,,,,,,,,,,,,,
2018,1,1,18,4,18/01/2018,B6,20409,B6,N504JB,665,10721,1072102,30721,BOS,"Boston, MA",MA,25,Massachusetts,13,14635,1463502,31714,RSW,"Fort Myers, FL",FL,12,Florida,33,830,852,22,22,1,1,0800-0859,25,917,1209,4,1212,1213,1,1,0,0,1200-1259,0,,0,222,201,172,1,1249,5,,,,,,,,,0,,,,,,,,,,,,,,,,,,,,,,,,,,,,,,,,,,,,,,,,,,,,
2018,1,1,18,4,18/01/2018,B6,20409,B6,N571JB,667,13204,1320402,31454,MCO,"Orlando, FL",FL,12,Florida,33,14254,1425404,34254,PSE,"Ponce, PR",PR,72,Puerto Rico,3,2145,2151,6,6,0,0,2100-2159,11,2202,128,3,138,131,-7,0,0,-1,0001-0559,0,,0,173,160,146,1,1179,5,,,,,,,,,0,,,,,,,,,,,,,,,,,,,,,,,,,,,,,,,,,,,,,,,,,,,,
2018,1,1,18,4,18/01/2018,B6,20409,B6,N648JB,668,14254,1425404,34254,PSE,"Ponce, PR",PR,72,Puerto Rico,3,13204,1320402,31454,MCO,"Orlando, FL",FL,12,Florida,33,250,255,5,5,0,0,0001-0559,14,309,449,8,455,457,2,2,0,0,0001-0559,0,,0,185,182,160,1,1179,5,,,,,,,,,0,,,,,,,,,,,,,,,,,,,,,,,,,,,,,,,,,,,,,,,,,,,,
2018,1,1,18,4,18/01/2018,B6,20409,B6,N789JB,669,12478,1247805,31703,JFK,"New York, NY",NY,36,New York,22,14831,1483106,32457,SJC,"San Jose, CA",CA,6,California,91,1811,1803,-8,0,0,-1,1800-1859,18,1821,2057,8,2153,2105,-48,0,0,-2,2100-2159,0,,0,402,362,336,1,2569,11,,,,,,,,,0,,,,,,,,,,,,,,,,,,,,,,,,,,,,,,,,,,,,,,,,,,,,
2018,1,1,18,4,18/01/2018,B6,20409,B6,N649JB,670,14831,1483106,32457,SJC,"San Jose, CA",CA,6,California,91,12478,1247805,31703,JFK,"New York, NY",NY,36,New York,22,2245,2247,2,2,0,0,2200-2259,12,2259,652,8,711,700,-11,0,0,-1,0700-0759,0,,0,326,313,293,1,2569,11,,,,,,,,,0,,,,,,,,,,,,,,,,,,,,,,,,,,,,,,,,,,,,,,,,,,,,
2018,1,1,18,4,18/01/2018,B6,20409,B6,N586JB,672,11697,1169706,32467,FLL,"Fort Lauderdale, FL",FL,12,Florida,33,12953,1295304,31703,LGA,"New York, NY",NY,36,New York,22,1801,1845,44,44,1,2,1800-1859,22,1907,2131,5,2058,2136,38,38,1,2,2000-2059,0,,0,177,171,144,1,1076,5,0,0,38,0,0,,,,0,,,,,,,,,,,,,,,,,,,,,,,,,,,,,,,,,,,,,,,,,,,,
2018,1,1,18,4,18/01/2018,B6,20409,B6,N324JB,675,12478,1247805,31703,JFK,"New York, NY",NY,36,New York,22,13495,1349505,33495,MSY,"New Orleans, LA",LA,22,Louisiana,72,847,850,3,3,0,0,0800-0859,10,900,1032,27,1123,1059,-24,0,0,-2,1100-1159,0,,0,216,189,152,1,1182,5,,,,,,,,,0,,,,,,,,,,,,,,,,,,,,,,,,,,,,,,,,,,,,,,,,,,,,
2018,1,1,18,4,18/01/2018,B6,20409,B6,N629JB,677,12478,1247805,31703,JFK,"New York, NY",NY,36,New York,22,12451,1245102,31136,JAX,"Jacksonville, FL",FL,12,Florida,33,807,802,-5,0,0,-1,0800-0859,19,821,1014,3,1047,1017,-30,0,0,-2,1000-1059,0,,0,160,135,113,1,828,4,,,,,,,,,0,,,,,,,,,,,,,,,,,,,,,,,,,,,,,,,,,,,,,,,,,,,,
2018,1,1,18,4,18/01/2018,B6,20409,B6,N629JB,678,12451,1245102,31136,JAX,"Jacksonville, FL",FL,12,Florida,33,12478,1247805,31703,JFK,"New York, NY",NY,36,New York,22,1127,1119,-8,0,0,-1,1100-1159,13,1132,1323,4,1337,1327,-10,0,0,-1,1300-1359,0,,0,130,128,111,1,828,4,,,,,,,,,0,,,,,,,,,,,,,,,,,,,,,,,,,,,,,,,,,,,,,,,,,,,,
2018,1,1,18,4,18/01/2018,B6,20409,B6,N507JB,679,12889,1288903,32211,LAS,"Las Vegas, NV",NV,32,Nevada,85,12954,1295406,32575,LGB,"Long Beach, CA",CA,6,California,91,2031,2033,2,2,0,0,2000-2059,12,2045,2130,3,2135,2133,-2,0,0,-1,2100-2159,0,,0,64,60,45,1,231,1,,,,,,,,,0,,,,,,,,,,,,,,,,,,,,,,,,,,,,,,,,,,,,,,,,,,,,
2018,1,1,18,4,18/01/2018,B6,20409,B6,N597JB,680,12954,1295406,32575,LGB,"Long Beach, CA",CA,6,California,91,12889,1288903,32211,LAS,"Las Vegas, NV",NV,32,Nevada,85,1657,1651,-6,0,0,-1,1600-1659,9,1700,1747,5,1805,1752,-13,0,0,-1,1800-1859,0,,0,68,61,47,1,231,1,,,,,,,,,0,,,,,,,,,,,,,,,,,,,,,,,,,,,,,,,,,,,,,,,,,,,,
2018,1,1,18,4,18/01/2018,B6,20409,B6,N281JB,682,14524,1452401,34524,RIC,"Richmond, VA",VA,51,Virginia,38,10721,1072102,30721,BOS,"Boston, MA",MA,25,Massachusetts,13,2017,2045,28,28,1,1,2000-2059,9,2054,2203,5,2143,2208,25,25,1,1,2100-2159,0,,0,86,83,69,1,474,2,0,0,0,0,25,,,,0,,,,,,,,,,,,,,,,,,,,,,,,,,,,,,,,,,,,,,,,,,,,
2018,1,1,18,4,18/01/2018,B6,20409,B6,N353JB,685,14576,1457606,34576,ROC,"Rochester, NY",NY,36,New York,22,12478,1247805,31703,JFK,"New York, NY",NY,36,New York,22,1631,1621,-10,0,0,-1,1600-1659,17,1638,1738,9,1753,1747,-6,0,0,-1,1700-1759,0,,0,82,86,60,1,264,2,,,,,,,,,0,,,,,,,,,,,,,,,,,,,,,,,,,,,,,,,,,,,,,,,,,,,,
2018,1,1,18,4,18/01/2018,B6,20409,B6,N368JB,686,12478,1247805,31703,JFK,"New York, NY",NY,36,New York,22,14576,1457606,34576,ROC,"Rochester, NY",NY,36,New York,22,1203,1207,4,4,0,0,1200-1259,11,1218,1309,3,1322,1312,-10,0,0,-1,1300-1359,0,,0,79,65,51,1,264,2,,,,,,,,,0,,,,,,,,,,,,,,,,,,,,,,,,,,,,,,,,,,,,,,,,,,,,
2018,1,1,18,4,18/01/2018,B6,20409,B6,N980JB,687,10721,1072102,30721,BOS,"Boston, MA",MA,25,Massachusetts,13,12892,1289208,32575,LAX,"Los Angeles, CA",CA,6,California,91,1740,1733,-7,0,0,-1,1700-1759,18,1751,2023,4,2128,2027,-61,0,0,-2,2100-2159,0,,0,408,354,332,1,2611,11,,,,,,,,,0,,,,,,,,,,,,,,,,,,,,,,,,,,,,,,,,,,,,,,,,,,,,
2018,1,1,18,4,18/01/2018,B6,20409,B6,N983JB,688,12892,1289208,32575,LAX,"Los Angeles, CA",CA,6,California,91,10721,1072102,30721,BOS,"Boston, MA",MA,25,Massachusetts,13,1545,1535,-10,0,0,-1,1500-1559,14,1549,4,3,6,7,1,1,0,0,0001-0559,0,,0,321,332,315,1,2611,11,,,,,,,,,0,,,,,,,,,,,,,,,,,,,,,,,,,,,,,,,,,,,,,,,,,,,,
2018,1,1,18,4,18/01/2018,B6,20409,B6,N966JB,690,13204,1320402,31454,MCO,"Orlando, FL",FL,12,Florida,33,12478,1247805,31703,JFK,"New York, NY",NY,36,New York,22,1507,1503,-4,0,0,-1,1500-1559,15,1518,1726,11,1743,1737,-6,0,0,-1,1700-1759,0,,0,156,154,128,1,944,4,,,,,,,,,0,,,,,,,,,,,,,,,,,,,,,,,,,,,,,,,,,,,,,,,,,,,,
2018,1,1,18,4,18/01/2018,B6,20409,B6,N651JB,694,11697,1169706,32467,FLL,"Fort Lauderdale, FL",FL,12,Florida,33,10821,1082106,30852,BWI,"Baltimore, MD",MD,24,Maryland,35,2059,2102,3,3,0,0,2000-2059,10,2112,2312,4,2325,2316,-9,0,0,-1,2300-2359,0,,0,146,134,120,1,925,4,,,,,,,,,0,,,,,,,,,,,,,,,,,,,,,,,,,,,,,,,,,,,,,,,,,,,,
2018,1,1,18,4,18/01/2018,B6,20409,B6,N508JB,696,10397,1039707,30397,ATL,"Atlanta, GA",GA,13,Georgia,34,10721,1072102,30721,BOS,"Boston, MA",MA,25,Massachusetts,13,1702,1701,-1,0,0,-1,1700-1759,11,1712,1917,10,1945,1927,-18,0,0,-2,1900-1959,0,,0,163,146,125,1,946,4,,,,,,,,,0,,,,,,,,,,,,,,,,,,,,,,,,,,,,,,,,,,,,,,,,,,,,
2018,1,1,18,4,18/01/2018,B6,20409,B6,N508JB,697,10721,1072102,30721,BOS,"Boston, MA",MA,25,Massachusetts,13,10397,1039707,30397,ATL,"Atlanta, GA",GA,13,Georgia,34,1325,1335,10,10,0,0,1300-1359,15,1350,1558,8,1622,1606,-16,0,0,-2,1600-1659,0,,0,177,151,128,1,946,4,,,,,,,,,0,,,,,,,,,,,,,,,,,,,,,,,,,,,,,,,,,,,,,,,,,,,,
2018,1,1,18,4,18/01/2018,B6,20409,B6,N595JB,698,13204,1320402,31454,MCO,"Orlando, FL",FL,12,Florida,33,12953,1295304,31703,LGA,"New York, NY",NY,36,New York,22,1920,1952,32,32,1,2,1900-1959,17,2009,2208,4,2158,2212,14,14,0,0,2100-2159,0,,0,158,140,119,1,950,4,,,,,,,,,0,,,,,,,,,,,,,,,,,,,,,,,,,,,,,,,,,,,,,,,,,,,,
2018,1,1,18,4,18/01/2018,B6,20409,B6,N192JB,699,10529,1052906,30529,BDL,"Hartford, CT",CT,9,Connecticut,11,11278,1127805,30852,DCA,"Washington, DC",VA,51,Virginia,38,926,911,-15,0,0,-1,0900-0959,9,920,1020,5,1058,1025,-33,0,0,-2,1000-1059,0,,0,92,74,60,1,313,2,,,,,,,,,0,,,,,,,,,,,,,,,,,,,,,,,,,,,,,,,,,,,,,,,,,,,,
2018,1,1,18,4,18/01/2018,B6,20409,B6,N976JB,700,12892,1289208,32575,LAX,"Los Angeles, CA",CA,6,California,91,11697,1169706,32467,FLL,"Fort Lauderdale, FL",FL,12,Florida,33,800,747,-13,0,0,-1,0800-0859,14,801,1534,7,1548,1541,-7,0,0,-1,1500-1559,0,,0,288,294,273,1,2343,10,,,,,,,,,0,,,,,,,,,,,,,,,,,,,,,,,,,,,,,,,,,,,,,,,,,,,,
2018,1,1,18,4,18/01/2018,B6,20409,B6,N934JB,701,11697,1169706,32467,FLL,"Fort Lauderdale, FL",FL,12,Florida,33,12892,1289208,32575,LAX,"Los Angeles, CA",CA,6,California,91,924,925,1,1,0,0,0900-0959,18,943,1145,11,1223,1156,-27,0,0,-2,1200-1259,0,,0,359,331,302,1,2343,10,,,,,,,,,0,,,,,,,,,,,,,,,,,,,,,,,,,,,,,,,,,,,,,,,,,,,,
2018,1,1,18,4,18/01/2018,B6,20409,B6,N358JB,702,12478,1247805,31703,JFK,"New York, NY",NY,36,New York,22,10792,1079206,30792,BUF,"Buffalo, NY",NY,36,New York,22,1134,1137,3,3,0,0,1100-1159,21,1158,1254,3,1258,1257,-1,0,0,-1,1200-1259,0,,0,84,80,56,1,301,2,,,,,,,,,0,,,,,,,,,,,,,,,,,,,,,,,,,,,,,,,,,,,,,,,,,,,,
2018,1,1,18,4,18/01/2018,B6,20409,B6,N585JB,705,11618,1161802,31703,EWR,"Newark, NJ",NJ,34,New Jersey,21,11697,1169706,32467,FLL,"Fort Lauderdale, FL",FL,12,Florida,33,1700,1700,0,0,0,0,1700-1759,36,1736,2016,9,2011,2025,14,14,0,0,2000-2059,0,,0,191,205,160,1,1065,5,,,,,,,,,0,,,,,,,,,,,,,,,,,,,,,,,,,,,,,,,,,,,,,,,,,,,,
2018,1,1,18,4,18/01/2018,B6,20409,B6,N535JB,706,11697,1169706,32467,FLL,"Fort Lauderdale, FL",FL,12,Florida,33,11618,1161802,31703,EWR,"Newark, NJ",NJ,34,New Jersey,21,1900,2011,71,71,1,4,1900-1959,11,2022,2241,8,2158,2249,51,51,1,3,2100-2159,0,,0,178,158,139,1,1065,5,0,0,37,0,14,,,,0,,,,,,,,,,,,,,,,,,,,,,,,,,,,,,,,,,,,,,,,,,,,
2018,1,1,18,4,18/01/2018,B6,20409,B6,N943JB,711,12478,1247805,31703,JFK,"New York, NY",NY,36,New York,22,12889,1288903,32211,LAS,"Las Vegas, NV",NV,32,Nevada,85,2045,2107,22,22,1,1,2000-2059,29,2136,2321,9,2344,2330,-14,0,0,-1,2300-2359,0,,0,359,323,285,1,2248,9,,,,,,,,,0,,,,,,,,,,,,,,,,,,,,,,,,,,,,,,,,,,,,,,,,,,,,
2018,1,1,18,4,18/01/2018,B6,20409,B6,N644JB,714,11298,1129806,30194,DFW,"Dallas/Fort Worth, TX",TX,48,Texas,74,10721,1072102,30721,BOS,"Boston, MA",MA,25,Massachusetts,13,1840,1842,2,2,0,0,1800-1859,33,1915,2326,5,2310,2331,21,21,1,1,2300-2359,0,,0,210,229,191,1,1562,7,2,0,19,0,0,,,,0,,,,,,,,,,,,,,,,,,,,,,,,,,,,,,,,,,,,,,,,,,,,
2018,1,1,18,4,18/01/2018,B6,20409,B6,N247JB,716,12451,1245102,31136,JAX,"Jacksonville, FL",FL,12,Florida,33,11278,1127805,30852,DCA,"Washington, DC",VA,51,Virginia,38,1640,1630,-10,0,0,-1,1600-1659,15,1645,1810,3,1823,1813,-10,0,0,-1,1800-1859,0,,0,103,103,85,1,634,3,,,,,,,,,0,,,,,,,,,,,,,,,,,,,,,,,,,,,,,,,,,,,,,,,,,,,,
2018,1,1,18,4,18/01/2018,B6,20409,B6,N368JB,717,10721,1072102,30721,BOS,"Boston, MA",MA,25,Massachusetts,13,12478,1247805,31703,JFK,"New York, NY",NY,36,New York,22,1016,1005,-11,0,0,-1,1000-1059,21,1026,1107,7,1128,1114,-14,0,0,-1,1100-1159,0,,0,72,69,41,1,187,1,,,,,,,,,0,,,,,,,,,,,,,,,,,,,,,,,,,,,,,,,,,,,,,,,,,,,,
2018,1,1,18,4,18/01/2018,B6,20409,B6,N267JB,718,12478,1247805,31703,JFK,"New York, NY",NY,36,New York,22,10721,1072102,30721,BOS,"Boston, MA",MA,25,Massachusetts,13,2250,2244,-6,0,0,-1,2200-2259,18,2302,2338,4,2358,2342,-16,0,0,-2,2300-2359,0,,0,68,58,36,1,187,1,,,,,,,,,0,,,,,,,,,,,,,,,,,,,,,,,,,,,,,,,,,,,,,,,,,,,,
2018,1,1,18,4,18/01/2018,B6,20409,B6,N527JB,722,14027,1402702,34027,PBI,"West Palm Beach/Palm Beach, FL",FL,12,Florida,33,10721,1072102,30721,BOS,"Boston, MA",MA,25,Massachusetts,13,1100,1117,17,17,1,1,1100-1159,11,1128,1416,4,1404,1420,16,16,1,1,1400-1459,0,,0,184,183,168,1,1197,5,16,0,0,0,0,,,,0,,,,,,,,,,,,,,,,,,,,,,,,,,,,,,,,,,,,,,,,,,,,
2018,1,1,18,4,18/01/2018,B6,20409,B6,N192JB,724,13204,1320402,31454,MCO,"Orlando, FL",FL,12,Florida,33,11278,1127805,30852,DCA,"Washington, DC",VA,51,Virginia,38,1436,1429,-7,0,0,-1,1400-1459,16,1445,1626,2,1645,1628,-17,0,0,-2,1600-1659,0,,0,129,119,101,1,759,4,,,,,,,,,0,,,,,,,,,,,,,,,,,,,,,,,,,,,,,,,,,,,,,,,,,,,,
2018,1,1,18,4,18/01/2018,B6,20409,B6,N649JB,726,12954,1295406,32575,LGB,"Long Beach, CA",CA,6,California,91,14831,1483106,32457,SJC,"San Jose, CA",CA,6,California,91,2040,2030,-10,0,0,-1,2000-2059,10,2040,2131,16,2159,2147,-12,0,0,-1,2100-2159,0,,0,79,77,51,1,324,2,,,,,,,,,0,,,,,,,,,,,,,,,,,,,,,,,,,,,,,,,,,,,,,,,,,,,,
2018,1,1,18,4,18/01/2018,B6,20409,B6,N368JB,727,10721,1072102,30721,BOS,"Boston, MA",MA,25,Massachusetts,13,10821,1082106,30852,BWI,"Baltimore, MD",MD,24,Maryland,35,600,558,-2,0,0,-1,0600-0659,35,633,731,9,743,740,-3,0,0,-1,0700-0759,0,,0,103,102,58,1,369,2,,,,,,,,,0,,,,,,,,,,,,,,,,,,,,,,,,,,,,,,,,,,,,,,,,,,,,
2018,1,1,18,4,18/01/2018,B6,20409,B6,N648JB,728,13204,1320402,31454,MCO,"Orlando, FL",FL,12,Florida,33,11618,1161802,31703,EWR,"Newark, NJ",NJ,34,New Jersey,21,600,553,-7,0,0,-1,0600-0659,15,608,817,9,831,826,-5,0,0,-1,0800-0859,0,,0,151,153,129,1,937,4,,,,,,,,,0,,,,,,,,,,,,,,,,,,,,,,,,,,,,,,,,,,,,,,,,,,,,
2018,1,1,18,4,18/01/2018,B6,20409,B6,N281JB,731,10721,1072102,30721,BOS,"Boston, MA",MA,25,Massachusetts,13,12953,1295304,31703,LGA,"New York, NY",NY,36,New York,22,840,830,-10,0,0,-1,0800-0859,20,850,939,4,1000,943,-17,0,0,-2,1000-1059,0,,0,80,73,49,1,184,1,,,,,,,,,0,,,,,,,,,,,,,,,,,,,,,,,,,,,,,,,,,,,,,,,,,,,,
2018,1,1,18,4,18/01/2018,B6,20409,B6,N281JB,732,12953,1295304,31703,LGA,"New York, NY",NY,36,New York,22,10721,1072102,30721,BOS,"Boston, MA",MA,25,Massachusetts,13,1045,1033,-12,0,0,-1,1000-1059,49,1122,1157,4,1206,1201,-5,0,0,-1,1200-1259,0,,0,81,88,35,1,184,1,,,,,,,,,0,,,,,,,,,,,,,,,,,,,,,,,,,,,,,,,,,,,,,,,,,,,,
2018,1,1,18,4,18/01/2018,B6,20409,B6,N615JB,733,13204,1320402,31454,MCO,"Orlando, FL",FL,12,Florida,33,14843,1484306,34819,SJU,"San Juan, PR",PR,72,Puerto Rico,3,1340,1402,22,22,1,1,1300-1359,24,1426,1747,7,1725,1754,29,29,1,1,1700-1759,0,,0,165,172,141,1,1189,5,22,0,7,0,0,,,,0,,,,,,,,,,,,,,,,,,,,,,,,,,,,,,,,,,,,,,,,,,,,
2018,1,1,18,4,18/01/2018,B6,20409,B6,N766JB,735,14771,1477104,32457,SFO,"San Francisco, CA",CA,6,California,91,12954,1295406,32575,LGB,"Long Beach, CA",CA,6,California,91,600,551,-9,0,0,-1,0600-0659,26,617,718,5,722,723,1,1,0,0,0700-0759,0,,0,82,92,61,1,354,2,,,,,,,,,0,,,,,,,,,,,,,,,,,,,,,,,,,,,,,,,,,,,,,,,,,,,,
2018,1,1,18,4,18/01/2018,B6,20409,B6,N703JB,736,12954,1295406,32575,LGB,"Long Beach, CA",CA,6,California,91,14771,1477104,32457,SFO,"San Francisco, CA",CA,6,California,91,1039,1226,107,107,1,7,1000-1059,18,1244,1344,8,1210,1352,102,102,1,6,1200-1259,0,,0,91,86,60,1,354,2,61,0,41,0,0,1122,50,50,0,,,,,,,,,,,,,,,,,,,,,,,,,,,,,,,,,,,,,,,,,,,,
2018,1,1,18,4,18/01/2018,B6,20409,B6,N595JB,737,10529,1052906,30529,BDL,"Hartford, CT",CT,9,Connecticut,11,13204,1320402,31454,MCO,"Orlando, FL",FL,12,Florida,33,803,755,-8,0,0,-1,0800-0859,20,815,1043,5,1115,1048,-27,0,0,-2,1100-1159,0,,0,192,173,148,1,1050,5,,,,,,,,,0,,,,,,,,,,,,,,,,,,,,,,,,,,,,,,,,,,,,,,,,,,,,
2018,1,1,18,4,18/01/2018,B6,20409,B6,N634JB,741,10721,1072102,30721,BOS,"Boston, MA",MA,25,Massachusetts,13,14986,1498603,34986,SRQ,"Sarasota/Bradenton, FL",FL,12,Florida,33,1025,1059,34,34,1,2,1000-1059,22,1121,1405,5,1400,1410,10,10,0,0,1400-1459,0,,0,215,191,164,1,1220,5,,,,,,,,,0,,,,,,,,,,,,,,,,,,,,,,,,,,,,,,,,,,,,,,,,,,,,
2018,1,1,18,4,18/01/2018,B6,20409,B6,N712JB,745,12478,1247805,31703,JFK,"New York, NY",NY,36,New York,22,14254,1425404,34254,PSE,"Ponce, PR",PR,72,Puerto Rico,3,2359,2400,1,1,0,0,2300-2359,18,18,436,3,450,439,-11,0,0,-1,0001-0559,0,,0,231,219,198,1,1617,7,,,,,,,,,0,,,,,,,,,,,,,,,,,,,,,,,,,,,,,,,,,,,,,,,,,,,,
2018,1,1,18,4,18/01/2018,B6,20409,B6,N712JB,746,14254,1425404,34254,PSE,"Ponce, PR",PR,72,Puerto Rico,3,12478,1247805,31703,JFK,"New York, NY",NY,36,New York,22,600,550,-10,0,0,-1,0600-0659,14,604,827,3,907,830,-37,0,0,-2,0900-0959,0,,0,247,220,203,1,1617,7,,,,,,,,,0,,,,,,,,,,,,,,,,,,,,,,,,,,,,,,,,,,,,,,,,,,,,
2018,1,1,18,4,18/01/2018,B6,20409,B6,N943JB,748,12889,1288903,32211,LAS,"Las Vegas, NV",NV,32,Nevada,85,12478,1247805,31703,JFK,"New York, NY",NY,36,New York,22,1140,1140,0,0,0,0,1100-1159,11,1151,1937,6,1934,1943,9,9,0,0,1900-1959,0,,0,294,303,286,1,2248,9,,,,,,,,,0,,,,,,,,,,,,,,,,,,,,,,,,,,,,,,,,,,,,,,,,,,,,
2018,1,1,18,4,18/01/2018,B6,20409,B6,N592JB,754,14027,1402702,34027,PBI,"West Palm Beach/Palm Beach, FL",FL,12,Florida,33,12478,1247805,31703,JFK,"New York, NY",NY,36,New York,22,1400,1352,-8,0,0,-1,1400-1459,13,1405,1624,7,1645,1631,-14,0,0,-1,1600-1659,0,,0,165,159,139,1,1028,5,,,,,,,,,0,,,,,,,,,,,,,,,,,,,,,,,,,,,,,,,,,,,,,,,,,,,,
2018,1,1,18,4,18/01/2018,B6,20409,B6,N304JB,755,10721,1072102,30721,BOS,"Boston, MA",MA,25,Massachusetts,13,11278,1127805,30852,DCA,"Washington, DC",VA,51,Virginia,38,1610,1602,-8,0,0,-1,1600-1659,19,1621,1733,4,1753,1737,-16,0,0,-2,1700-1759,0,,0,103,95,72,1,399,2,,,,,,,,,0,,,,,,,,,,,,,,,,,,,,,,,,,,,,,,,,,,,,,,,,,,,,
2018,1,1,18,4,18/01/2018,B6,20409,B6,N309JB,759,10721,1072102,30721,BOS,"Boston, MA",MA,25,Massachusetts,13,14100,1410005,34100,PHL,"Philadelphia, PA",PA,42,Pennsylvania,23,1545,1537,-8,0,0,-1,1500-1559,37,1614,1725,3,1727,1728,1,1,0,0,1700-1759,0,,0,102,111,71,1,280,2,,,,,,,,,0,,,,,,,,,,,,,,,,,,,,,,,,,,,,,,,,,,,,,,,,,,,,
2018,1,1,18,4,18/01/2018,B6,20409,B6,N228JB,760,14100,1410005,34100,PHL,"Philadelphia, PA",PA,42,Pennsylvania,23,10721,1072102,30721,BOS,"Boston, MA",MA,25,Massachusetts,13,2000,2134,94,94,1,6,2000-2059,15,2149,2242,8,2117,2250,93,93,1,6,2100-2159,0,,0,77,76,53,1,280,2,0,0,0,0,93,,,,0,,,,,,,,,,,,,,,,,,,,,,,,,,,,,,,,,,,,,,,,,,,,
2018,1,1,18,4,18/01/2018,B6,20409,B6,N653JB,761,12953,1295304,31703,LGA,"New York, NY",NY,36,New York,22,14027,1402702,34027,PBI,"West Palm Beach/Palm Beach, FL",FL,12,Florida,33,1600,1745,105,105,1,7,1600-1659,19,1804,2030,6,1916,2036,80,80,1,5,1900-1959,0,,0,196,171,146,1,1035,5,40,0,0,0,40,,,,0,,,,,,,,,,,,,,,,,,,,,,,,,,,,,,,,,,,,,,,,,,,,
2018,1,1,18,4,18/01/2018,B6,20409,B6,N317JB,783,10721,1072102,30721,BOS,"Boston, MA",MA,25,Massachusetts,13,14492,1449202,34492,RDU,"Raleigh/Durham, NC",NC,37,North Carolina,36,1529,1619,50,50,1,3,1500-1559,23,1642,1806,4,1739,1810,31,31,1,2,1700-1759,0,,0,130,111,84,1,612,3,31,0,0,0,0,,,,0,,,,,,,,,,,,,,,,,,,,,,,,,,,,,,,,,,,,,,,,,,,,
2018,1,1,18,4,18/01/2018,B6,20409,B6,N966JB,789,12478,1247805,31703,JFK,"New York, NY",NY,36,New York,22,13204,1320402,31454,MCO,"Orlando, FL",FL,12,Florida,33,1108,1058,-10,0,0,-1,1100-1159,16,1114,1321,15,1407,1336,-31,0,0,-2,1400-1459,0,,0,179,158,127,1,944,4,,,,,,,,,0,,,,,,,,,,,,,,,,,,,,,,,,,,,,,,,,,,,,,,,,,,,,
2018,1,1,18,4,18/01/2018,B6,20409,B6,N348JB,790,11278,1127805,30852,DCA,"Washington, DC",VA,51,Virginia,38,10721,1072102,30721,BOS,"Boston, MA",MA,25,Massachusetts,13,1725,1719,-6,0,0,-1,1700-1759,21,1740,1847,10,1856,1857,1,1,0,0,1800-1859,0,,0,91,98,67,1,399,2,,,,,,,,,0,,,,,,,,,,,,,,,,,,,,,,,,,,,,,,,,,,,,,,,,,,,,
2018,1,1,18,4,18/01/2018,B6,20409,B6,N633JB,794,10423,1042302,30423,AUS,"Austin, TX",TX,48,Texas,74,12478,1247805,31703,JFK,"New York, NY",NY,36,New York,22,600,551,-9,0,0,-1,0600-0659,14,605,1017,5,1027,1022,-5,0,0,-1,1000-1059,0,,0,207,211,192,1,1521,7,,,,,,,,,0,,,,,,,,,,,,,,,,,,,,,,,,,,,,,,,,,,,,,,,,,,,,
2018,1,1,18,4,18/01/2018,B6,20409,B6,N828JB,795,12478,1247805,31703,JFK,"New York, NY",NY,36,New York,22,10423,1042302,30423,AUS,"Austin, TX",TX,48,Texas,74,945,945,0,0,0,0,0900-0959,26,1011,1230,15,1309,1245,-24,0,0,-2,1300-1359,0,,0,264,240,199,1,1521,7,,,,,,,,,0,,,,,,,,,,,,,,,,,,,,,,,,,,,,,,,,,,,,,,,,,,,,
2018,1,1,18,4,18/01/2018,B6,20409,B6,N807JB,796,10397,1039707,30397,ATL,"Atlanta, GA",GA,13,Georgia,34,10721,1072102,30721,BOS,"Boston, MA",MA,25,Massachusetts,13,1947,1939,-8,0,0,-1,1900-1959,17,1956,2201,5,2229,2206,-23,0,0,-2,2200-2259,0,,0,162,147,125,1,946,4,,,,,,,,,0,,,,,,,,,,,,,,,,,,,,,,,,,,,,,,,,,,,,,,,,,,,,
2018,1,1,18,4,18/01/2018,B6,20409,B6,N807JB,797,10721,1072102,30721,BOS,"Boston, MA",MA,25,Massachusetts,13,10397,1039707,30397,ATL,"Atlanta, GA",GA,13,Georgia,34,1607,1558,-9,0,0,-1,1600-1659,17,1615,1824,8,1907,1832,-35,0,0,-2,1900-1959,0,,0,180,154,129,1,946,4,,,,,,,,,0,,,,,,,,,,,,,,,,,,,,,,,,,,,,,,,,,,,,,,,,,,,,
2018,1,1,18,4,18/01/2018,B6,20409,B6,N192JB,798,11278,1127805,30852,DCA,"Washington, DC",VA,51,Virginia,38,10529,1052906,30529,BDL,"Hartford, CT",CT,9,Connecticut,11,725,718,-7,0,0,-1,0700-0759,16,734,827,4,841,831,-10,0,0,-1,0800-0859,0,,0,76,73,53,1,313,2,,,,,,,,,0,,,,,,,,,,,,,,,,,,,,,,,,,,,,,,,,,,,,,,,,,,,,
2018,1,1,18,4,18/01/2018,B6,20409,B6,N809JB,801,13204,1320402,31454,MCO,"Orlando, FL",FL,12,Florida,33,14869,1486903,34614,SLC,"Salt Lake City, UT",UT,49,Utah,87,1904,1859,-5,0,0,-1,1900-1959,23,1922,2139,3,2202,2142,-20,0,0,-2,2200-2259,0,,0,298,283,257,1,1931,8,,,,,,,,,0,,,,,,,,,,,,,,,,,,,,,,,,,,,,,,,,,,,,,,,,,,,,
2018,1,1,18,4,18/01/2018,B6,20409,B6,N565JB,802,14869,1486903,34614,SLC,"Salt Lake City, UT",UT,49,Utah,87,13204,1320402,31454,MCO,"Orlando, FL",FL,12,Florida,33,2248,2244,-4,0,0,-1,2200-2259,11,2255,444,7,501,451,-10,0,0,-1,0001-0559,0,,0,253,247,229,1,1931,8,,,,,,,,,0,,,,,,,,,,,,,,,,,,,,,,,,,,,,,,,,,,,,,,,,,,,,
2018,1,1,18,4,18/01/2018,B6,20409,B6,N645JB,803,12478,1247805,31703,JFK,"New York, NY",NY,36,New York,22,14843,1484306,34819,SJU,"San Juan, PR",PR,72,Puerto Rico,3,1315,1315,0,0,0,0,1300-1359,17,1332,1753,3,1805,1756,-9,0,0,-1,1800-1859,0,,0,230,221,201,1,1598,7,,,,,,,,,0,,,,,,,,,,,,,,,,,,,,,,,,,,,,,,,,,,,,,,,,,,,,
2018,1,1,18,4,18/01/2018,B6,20409,B6,N580JB,811,11618,1161802,31703,EWR,"Newark, NJ",NJ,34,New Jersey,21,14635,1463502,31714,RSW,"Fort Myers, FL",FL,12,Florida,33,610,558,-12,0,0,-1,0600-0659,12,610,838,3,920,841,-39,0,0,-2,0900-0959,0,,0,190,163,148,1,1068,5,,,,,,,,,0,,,,,,,,,,,,,,,,,,,,,,,,,,,,,,,,,,,,,,,,,,,,
2018,1,1,18,4,18/01/2018,B6,20409,B6,N580JB,812,14635,1463502,31714,RSW,"Fort Myers, FL",FL,12,Florida,33,11618,1161802,31703,EWR,"Newark, NJ",NJ,34,New Jersey,21,1003,946,-17,0,0,-2,1000-1059,9,955,1220,14,1252,1234,-18,0,0,-2,1200-1259,0,,0,169,168,145,1,1068,5,,,,,,,,,0,,,,,,,,,,,,,,,,,,,,,,,,,,,,,,,,,,,,,,,,,,,,
2018,1,1,18,4,18/01/2018,B6,20409,B6,N794JB,813,12197,1219702,31703,HPN,"White Plains, NY",NY,36,New York,22,11697,1169706,32467,FLL,"Fort Lauderdale, FL",FL,12,Florida,33,1840,1904,24,24,1,1,1800-1859,10,1914,2152,6,2145,2158,13,13,0,0,2100-2159,0,,0,185,174,158,1,1097,5,,,,,,,,,0,,,,,,,,,,,,,,,,,,,,,,,,,,,,,,,,,,,,,,,,,,,,
2018,1,1,18,4,18/01/2018,B6,20409,B6,N373JB,814,11697,1169706,32467,FLL,"Fort Lauderdale, FL",FL,12,Florida,33,12197,1219702,31703,HPN,"White Plains, NY",NY,36,New York,22,1933,2032,59,59,1,3,1900-1959,15,2047,2319,4,2226,2323,57,57,1,3,2200-2259,0,,0,173,171,152,1,1097,5,25,0,0,0,32,,,,0,,,,,,,,,,,,,,,,,,,,,,,,,,,,,,,,,,,,,,,,,,,,
2018,1,1,18,4,18/01/2018,B6,20409,B6,N292JB,815,10721,1072102,30721,BOS,"Boston, MA",MA,25,Massachusetts,13,10792,1079206,30792,BUF,"Buffalo, NY",NY,36,New York,22,1630,1624,-6,0,0,-1,1600-1659,15,1639,1750,10,1807,1800,-7,0,0,-1,1800-1859,0,,0,97,96,71,1,395,2,,,,,,,,,0,,,,,,,,,,,,,,,,,,,,,,,,,,,,,,,,,,,,,,,,,,,,
2018,1,1,18,4,18/01/2018,B6,20409,B6,N206JB,816,10792,1079206,30792,BUF,"Buffalo, NY",NY,36,New York,22,10721,1072102,30721,BOS,"Boston, MA",MA,25,Massachusetts,13,859,926,27,27,1,1,0800-0859,30,956,1057,7,1021,1104,43,43,1,2,1000-1059,0,,0,82,98,61,1,395,2,0,0,16,0,27,,,,0,,,,,,,,,,,,,,,,,,,,,,,,,,,,,,,,,,,,,,,,,,,,
2018,1,1,18,4,18/01/2018,B6,20409,B6,N192JB,823,11278,1127805,30852,DCA,"Washington, DC",VA,51,Virginia,38,13204,1320402,31454,MCO,"Orlando, FL",FL,12,Florida,33,1137,1126,-11,0,0,-1,1100-1159,13,1139,1327,9,1401,1336,-25,0,0,-2,1400-1459,0,,0,144,130,108,1,759,4,,,,,,,,,0,,,,,,,,,,,,,,,,,,,,,,,,,,,,,,,,,,,,,,,,,,,,
2018,1,1,18,4,18/01/2018,B6,20409,B6,N197JB,824,13204,1320402,31454,MCO,"Orlando, FL",FL,12,Florida,33,11278,1127805,30852,DCA,"Washington, DC",VA,51,Virginia,38,1853,1845,-8,0,0,-1,1800-1859,10,1855,2033,2,2059,2035,-24,0,0,-2,2000-2059,0,,0,126,110,98,1,759,4,,,,,,,,,0,,,,,,,,,,,,,,,,,,,,,,,,,,,,,,,,,,,,,,,,,,,,
2018,1,1,18,4,18/01/2018,B6,20409,B6,N763JB,825,14831,1483106,32457,SJC,"San Jose, CA",CA,6,California,91,12954,1295406,32575,LGB,"Long Beach, CA",CA,6,California,91,843,838,-5,0,0,-1,0800-0859,10,848,942,5,959,947,-12,0,0,-1,0900-0959,0,,0,76,69,54,1,324,2,,,,,,,,,0,,,,,,,,,,,,,,,,,,,,,,,,,,,,,,,,,,,,,,,,,,,,
2018,1,1,18,4,18/01/2018,B6,20409,B6,N763JB,826,12954,1295406,32575,LGB,"Long Beach, CA",CA,6,California,91,14831,1483106,32457,SJC,"San Jose, CA",CA,6,California,91,645,637,-8,0,0,-1,0600-0659,25,702,755,10,803,805,2,2,0,0,0800-0859,0,,0,78,88,53,1,324,2,,,,,,,,,0,,,,,,,,,,,,,,,,,,,,,,,,,,,,,,,,,,,,,,,,,,,,
2018,1,1,18,4,18/01/2018,B6,20409,B6,N608JB,828,13204,1320402,31454,MCO,"Orlando, FL",FL,12,Florida,33,11618,1161802,31703,EWR,"Newark, NJ",NJ,34,New Jersey,21,1422,1516,54,54,1,3,1400-1459,29,1545,1751,11,1706,1802,56,56,1,3,1700-1759,0,,0,164,166,126,1,937,4,0,0,56,0,0,,,,0,,,,,,,,,,,,,,,,,,,,,,,,,,,,,,,,,,,,,,,,,,,,
2018,1,1,18,4,18/01/2018,B6,20409,B6,N187JB,831,10721,1072102,30721,BOS,"Boston, MA",MA,25,Massachusetts,13,12953,1295304,31703,LGA,"New York, NY",NY,36,New York,22,1130,1115,-15,0,0,-1,1100-1159,23,1138,1222,8,1249,1230,-19,0,0,-2,1200-1259,0,,0,79,75,44,1,184,1,,,,,,,,,0,,,,,,,,,,,,,,,,,,,,,,,,,,,,,,,,,,,,,,,,,,,,
2018,1,1,18,4,18/01/2018,B6,20409,B6,N187JB,832,12953,1295304,31703,LGA,"New York, NY",NY,36,New York,22,10721,1072102,30721,BOS,"Boston, MA",MA,25,Massachusetts,13,1359,1436,37,37,1,2,1300-1359,27,1503,1541,9,1512,1550,38,38,1,2,1500-1559,0,,0,73,74,38,1,184,1,37,0,1,0,0,,,,0,,,,,,,,,,,,,,,,,,,,,,,,,,,,,,,,,,,,,,,,,,,,
2018,1,1,18,4,18/01/2018,B6,20409,B6,N945JB,833,10721,1072102,30721,BOS,"Boston, MA",MA,25,Massachusetts,13,14771,1477104,32457,SFO,"San Francisco, CA",CA,6,California,91,1840,1905,25,25,1,1,1800-1859,26,1931,2229,13,2238,2242,4,4,0,0,2200-2259,0,,0,418,397,358,1,2704,11,,,,,,,,,0,,,,,,,,,,,,,,,,,,,,,,,,,,,,,,,,,,,,,,,,,,,,
2018,1,1,18,4,18/01/2018,B6,20409,B6,N981JB,834,14771,1477104,32457,SFO,"San Francisco, CA",CA,6,California,91,10721,1072102,30721,BOS,"Boston, MA",MA,25,Massachusetts,13,2040,2036,-4,0,0,-1,2000-2059,25,2101,520,4,508,524,16,16,1,1,0001-0559,0,,0,328,348,319,1,2704,11,0,0,16,0,0,,,,0,,,,,,,,,,,,,,,,,,,,,,,,,,,,,,,,,,,,,,,,,,,,
2018,1,1,18,4,18/01/2018,B6,20409,B6,N959JB,838,10732,1073203,30732,BQN,"Aguadilla, PR",PR,72,Puerto Rico,3,12478,1247805,31703,JFK,"New York, NY",NY,36,New York,22,604,611,7,7,0,0,0600-0659,9,620,830,4,859,834,-25,0,0,-2,0800-0859,0,,0,235,203,190,1,1576,7,,,,,,,,,0,,,,,,,,,,,,,,,,,,,,,,,,,,,,,,,,,,,,,,,,,,,,
2018,1,1,18,4,18/01/2018,B6,20409,B6,N954JB,839,12478,1247805,31703,JFK,"New York, NY",NY,36,New York,22,10732,1073203,30732,BQN,"Aguadilla, PR",PR,72,Puerto Rico,3,2358,2353,-5,0,0,-1,2300-2359,21,14,432,12,444,444,0,0,0,0,0001-0559,0,,0,226,231,198,1,1576,7,,,,,,,,,0,,,,,,,,,,,,,,,,,,,,,,,,,,,,,,,,,,,,,,,,,,,,
2018,1,1,18,4,18/01/2018,B6,20409,B6,N206JB,840,15096,1509602,35096,SYR,"Syracuse, NY",NY,36,New York,22,10721,1072102,30721,BOS,"Boston, MA",MA,25,Massachusetts,13,540,537,-3,0,0,-1,0001-0559,31,608,654,5,700,659,-1,0,0,-1,0700-0759,0,,0,80,82,46,1,265,2,,,,,,,,,0,,,,,,,,,,,,,,,,,,,,,,,,,,,,,,,,,,,,,,,,,,,,
2018,1,1,18,4,18/01/2018,B6,20409,B6,N645JB,841,12478,1247805,31703,JFK,"New York, NY",NY,36,New York,22,14685,1468502,34685,SAV,"Savannah, GA",GA,13,Georgia,34,711,707,-4,0,0,-1,0700-0759,21,728,906,4,938,910,-28,0,0,-2,0900-0959,0,,0,147,123,98,1,718,3,,,,,,,,,0,,,,,,,,,,,,,,,,,,,,,,,,,,,,,,,,,,,,,,,,,,,,
2018,1,1,18,4,18/01/2018,B6,20409,B6,N645JB,842,14685,1468502,34685,SAV,"Savannah, GA",GA,13,Georgia,34,12478,1247805,31703,JFK,"New York, NY",NY,36,New York,22,1018,1023,5,5,0,0,1000-1059,10,1033,1212,4,1215,1216,1,1,0,0,1200-1259,0,,0,117,113,99,1,718,3,,,,,,,,,0,,,,,,,,,,,,,,,,,,,,,,,,,,,,,,,,,,,,,,,,,,,,
2018,1,1,18,4,18/01/2018,B6,20409,B6,N348JB,843,11278,1127805,30852,DCA,"Washington, DC",VA,51,Virginia,38,10994,1099402,30994,CHS,"Charleston, SC",SC,45,South Carolina,37,1259,1302,3,3,0,0,1200-1259,13,1315,1421,7,1446,1428,-18,0,0,-2,1400-1459,0,,0,107,86,66,1,444,2,,,,,,,,,0,,,,,,,,,,,,,,,,,,,,,,,,,,,,,,,,,,,,,,,,,,,,
2018,1,1,18,4,18/01/2018,B6,20409,B6,N348JB,844,10994,1099402,30994,CHS,"Charleston, SC",SC,45,South Carolina,37,11278,1127805,30852,DCA,"Washington, DC",VA,51,Virginia,38,1521,1515,-6,0,0,-1,1500-1559,11,1526,1632,4,1649,1636,-13,0,0,-1,1600-1659,0,,0,88,81,66,1,444,2,,,,,,,,,0,,,,,,,,,,,,,,,,,,,,,,,,,,,,,,,,,,,,,,,,,,,,
2018,1,1,18,4,18/01/2018,B6,20409,B6,N238JB,845,10721,1072102,30721,BOS,"Boston, MA",MA,25,Massachusetts,13,15096,1509602,35096,SYR,"Syracuse, NY",NY,36,New York,22,2210,2208,-2,0,0,-1,2200-2259,19,2227,2312,5,2335,2317,-18,0,0,-2,2300-2359,0,,0,85,69,45,1,265,2,,,,,,,,,0,,,,,,,,,,,,,,,,,,,,,,,,,,,,,,,,,,,,,,,,,,,,
2018,1,1,18,4,18/01/2018,B6,20409,B6,N179JB,846,13204,1320402,31454,MCO,"Orlando, FL",FL,12,Florida,33,15070,1507002,31703,SWF,"Newburgh/Poughkeepsie, NY",NY,36,New York,22,1352,1339,-13,0,0,-1,1300-1359,15,1354,1613,7,1636,1620,-16,0,0,-2,1600-1659,0,,0,164,161,139,1,989,4,,,,,,,,,0,,,,,,,,,,,,,,,,,,,,,,,,,,,,,,,,,,,,,,,,,,,,
2018,1,1,18,4,18/01/2018,B6,20409,B6,N304JB,854,11278,1127805,30852,DCA,"Washington, DC",VA,51,Virginia,38,10721,1072102,30721,BOS,"Boston, MA",MA,25,Massachusetts,13,1850,1841,-9,0,0,-1,1800-1859,11,1852,1956,9,2019,2005,-14,0,0,-1,2000-2059,0,,0,89,84,64,1,399,2,,,,,,,,,0,,,,,,,,,,,,,,,,,,,,,,,,,,,,,,,,,,,,,,,,,,,,
2018,1,1,18,4,18/01/2018,B6,20409,B6,N353JB,860,14100,1410005,34100,PHL,"Philadelphia, PA",PA,42,Pennsylvania,23,10721,1072102,30721,BOS,"Boston, MA",MA,25,Massachusetts,13,600,548,-12,0,0,-1,0600-0659,19,607,657,3,722,700,-22,0,0,-2,0700-0759,0,,0,82,72,50,1,280,2,,,,,,,,,0,,,,,,,,,,,,,,,,,,,,,,,,,,,,,,,,,,,,,,,,,,,,
2018,1,1,18,4,18/01/2018,B6,20409,B6,N641JB,861,10721,1072102,30721,BOS,"Boston, MA",MA,25,Massachusetts,13,14843,1484306,34819,SJU,"San Juan, PR",PR,72,Puerto Rico,3,700,659,-1,0,0,-1,0700-0759,47,746,1226,6,1202,1232,30,30,1,2,1200-1259,0,,0,242,273,220,1,1674,7,0,0,30,0,0,,,,0,,,,,,,,,,,,,,,,,,,,,,,,,,,,,,,,,,,,,,,,,,,,
2018,1,1,18,4,18/01/2018,B6,20409,B6,N566JB,862,14843,1484306,34819,SJU,"San Juan, PR",PR,72,Puerto Rico,3,10721,1072102,30721,BOS,"Boston, MA",MA,25,Massachusetts,13,501,528,27,27,1,1,0001-0559,9,537,807,3,809,810,1,1,0,0,0800-0859,0,,0,248,222,210,1,1674,7,,,,,,,,,0,,,,,,,,,,,,,,,,,,,,,,,,,,,,,,,,,,,,,,,,,,,,
2018,1,1,18,4,18/01/2018,B6,20409,B6,N971JB,865,10721,1072102,30721,BOS,"Boston, MA",MA,25,Massachusetts,13,14635,1463502,31714,RSW,"Fort Myers, FL",FL,12,Florida,33,1116,1113,-3,0,0,-1,1100-1159,13,1126,1419,8,1500,1427,-33,0,0,-2,1500-1559,0,,0,224,194,173,1,1249,5,,,,,,,,,0,,,,,,,,,,,,,,,,,,,,,,,,,,,,,,,,,,,,,,,,,,,,
2018,1,1,18,4,18/01/2018,B6,20409,B6,N965JB,866,14635,1463502,31714,RSW,"Fort Myers, FL",FL,12,Florida,33,10721,1072102,30721,BOS,"Boston, MA",MA,25,Massachusetts,13,700,650,-10,0,0,-1,0700-0759,13,703,937,3,1000,940,-20,0,0,-2,1000-1059,0,,0,180,170,154,1,1249,5,,,,,,,,,0,,,,,,,,,,,,,,,,,,,,,,,,,,,,,,,,,,,,,,,,,,,,
2018,1,1,18,4,18/01/2018,B6,20409,B6,N505JB,877,10721,1072102,30721,BOS,"Boston, MA",MA,25,Massachusetts,13,12889,1288903,32211,LAS,"Las Vegas, NV",NV,32,Nevada,85,1754,1926,92,92,1,6,1700-1759,21,1947,2155,10,2108,2205,57,57,1,3,2100-2159,0,,0,374,339,308,1,2381,10,0,0,33,0,24,,,,0,,,,,,,,,,,,,,,,,,,,,,,,,,,,,,,,,,,,,,,,,,,,
2018,1,1,18,4,18/01/2018,B6,20409,B6,N505JB,878,12889,1288903,32211,LAS,"Las Vegas, NV",NV,32,Nevada,85,10721,1072102,30721,BOS,"Boston, MA",MA,25,Massachusetts,13,2158,2319,81,81,1,5,2100-2159,11,2330,656,4,555,700,65,65,1,4,0001-0559,0,,0,297,281,266,1,2381,10,19,0,0,0,46,,,,0,,,,,,,,,,,,,,,,,,,,,,,,,,,,,,,,,,,,,,,,,,,,
2018,1,1,18,4,18/01/2018,B6,20409,B6,N583JB,879,12889,1288903,32211,LAS,"Las Vegas, NV",NV,32,Nevada,85,12954,1295406,32575,LGB,"Long Beach, CA",CA,6,California,91,1459,1454,-5,0,0,-1,1400-1459,10,1504,1546,3,1604,1549,-15,0,0,-1,1600-1659,0,,0,65,55,42,1,231,1,,,,,,,,,0,,,,,,,,,,,,,,,,,,,,,,,,,,,,,,,,,,,,,,,,,,,,
2018,1,1,18,4,18/01/2018,B6,20409,B6,N703JB,880,12954,1295406,32575,LGB,"Long Beach, CA",CA,6,California,91,12889,1288903,32211,LAS,"Las Vegas, NV",NV,32,Nevada,85,700,651,-9,0,0,-1,0700-0759,12,703,747,8,809,755,-14,0,0,-1,0800-0859,0,,0,69,64,44,1,231,1,,,,,,,,,0,,,,,,,,,,,,,,,,,,,,,,,,,,,,,,,,,,,,,,,,,,,,
2018,1,1,18,4,18/01/2018,B6,20409,B6,N954JB,883,12478,1247805,31703,JFK,"New York, NY",NY,36,New York,22,13204,1320402,31454,MCO,"Orlando, FL",FL,12,Florida,33,1546,1543,-3,0,0,-1,1500-1559,21,1604,1815,12,1855,1827,-28,0,0,-2,1800-1859,0,,0,189,164,131,1,944,4,,,,,,,,,0,,,,,,,,,,,,,,,,,,,,,,,,,,,,,,,,,,,,,,,,,,,,
2018,1,1,18,4,18/01/2018,B6,20409,B6,N284JB,885,12478,1247805,31703,JFK,"New York, NY",NY,36,New York,22,14492,1449202,34492,RDU,"Raleigh/Durham, NC",NC,37,North Carolina,36,736,730,-6,0,0,-1,0700-0759,20,750,904,44,920,948,28,28,1,1,0900-0959,0,,0,104,138,74,1,427,2,0,0,28,0,0,,,,0,,,,,,,,,,,,,,,,,,,,,,,,,,,,,,,,,,,,,,,,,,,,
2018,1,1,18,4,18/01/2018,B6,20409,B6,N284JB,886,14492,1449202,34492,RDU,"Raleigh/Durham, NC",NC,37,North Carolina,36,12478,1247805,31703,JFK,"New York, NY",NY,36,New York,22,955,1026,31,31,1,2,0900-0959,16,1042,1150,4,1123,1154,31,31,1,2,1100-1159,0,,0,88,88,68,1,427,2,8,0,0,0,23,,,,0,,,,,,,,,,,,,,,,,,,,,,,,,,,,,,,,,,,,,,,,,,,,
2018,1,1,18,4,18/01/2018,B6,20409,B6,N247JB,889,11278,1127805,30852,DCA,"Washington, DC",VA,51,Virginia,38,10994,1099402,30994,CHS,"Charleston, SC",SC,45,South Carolina,37,1859,1857,-2,0,0,-1,1800-1859,14,1911,2023,8,2041,2031,-10,0,0,-1,2000-2059,0,,0,102,94,72,1,444,2,,,,,,,,,0,,,,,,,,,,,,,,,,,,,,,,,,,,,,,,,,,,,,,,,,,,,,
2018,1,1,18,4,18/01/2018,B6,20409,B6,N547JB,891,10721,1072102,30721,BOS,"Boston, MA",MA,25,Massachusetts,13,15304,1530402,33195,TPA,"Tampa, FL",FL,12,Florida,33,726,720,-6,0,0,-1,0700-0759,23,743,1020,6,1057,1026,-31,0,0,-2,1000-1059,0,,0,211,186,157,1,1185,5,,,,,,,,,0,,,,,,,,,,,,,,,,,,,,,,,,,,,,,,,,,,,,,,,,,,,,
2018,1,1,18,4,18/01/2018,B6,20409,B6,N547JB,892,15304,1530402,33195,TPA,"Tampa, FL",FL,12,Florida,33,10721,1072102,30721,BOS,"Boston, MA",MA,25,Massachusetts,13,1142,1132,-10,0,0,-1,1100-1159,19,1151,1429,9,1435,1438,3,3,0,0,1400-1459,0,,0,173,186,158,1,1185,5,,,,,,,,,0,,,,,,,,,,,,,,,,,,,,,,,,,,,,,,,,,,,,,,,,,,,,
2018,1,1,18,4,18/01/2018,B6,20409,B6,N536JB,903,10529,1052906,30529,BDL,"Hartford, CT",CT,9,Connecticut,11,14635,1463502,31714,RSW,"Fort Myers, FL",FL,12,Florida,33,1033,1042,9,9,0,0,1000-1059,16,1058,1340,6,1400,1346,-14,0,0,-1,1400-1459,0,,0,207,184,162,1,1180,5,,,,,,,,,0,,,,,,,,,,,,,,,,,,,,,,,,,,,,,,,,,,,,,,,,,,,,
2018,1,1,18,4,18/01/2018,B6,20409,B6,N605JB,904,14635,1463502,31714,RSW,"Fort Myers, FL",FL,12,Florida,33,10529,1052906,30529,BDL,"Hartford, CT",CT,9,Connecticut,11,1336,1358,22,22,1,1,1300-1359,13,1411,1638,5,1630,1643,13,13,0,0,1600-1659,0,,0,174,165,147,1,1180,5,,,,,,,,,0,,,,,,,,,,,,,,,,,,,,,,,,,,,,,,,,,,,,,,,,,,,,
2018,1,1,18,4,18/01/2018,B6,20409,B6,N562JB,905,11618,1161802,31703,EWR,"Newark, NJ",NJ,34,New Jersey,21,11697,1169706,32467,FLL,"Fort Lauderdale, FL",FL,12,Florida,33,2100,2238,98,98,1,6,2100-2159,12,2250,119,3,1,122,81,81,1,5,0001-0559,0,,0,181,164,149,1,1065,5,46,0,0,0,35,,,,0,,,,,,,,,,,,,,,,,,,,,,,,,,,,,,,,,,,,,,,,,,,,
2018,1,1,18,4,18/01/2018,B6,20409,B6,N306JB,906,13930,1393006,30977,ORD,"Chicago, IL",IL,17,Illinois,41,12478,1247805,31703,JFK,"New York, NY",NY,36,New York,22,1048,1039,-9,0,0,-1,1000-1059,21,1100,1344,6,1359,1350,-9,0,0,-1,1300-1359,0,,0,131,131,104,1,740,3,,,,,,,,,0,,,,,,,,,,,,,,,,,,,,,,,,,,,,,,,,,,,,,,,,,,,,
2018,1,1,18,4,18/01/2018,B6,20409,B6,N236JB,913,12197,1219702,31703,HPN,"White Plains, NY",NY,36,New York,22,11697,1169706,32467,FLL,"Fort Lauderdale, FL",FL,12,Florida,33,830,828,-2,0,0,-1,0800-0859,11,839,1119,5,1142,1124,-18,0,0,-2,1100-1159,0,,0,192,176,160,1,1097,5,,,,,,,,,0,,,,,,,,,,,,,,,,,,,,,,,,,,,,,,,,,,,,,,,,,,,,
2018,1,1,18,4,18/01/2018,B6,20409,B6,N794JB,914,11697,1169706,32467,FLL,"Fort Lauderdale, FL",FL,12,Florida,33,12197,1219702,31703,HPN,"White Plains, NY",NY,36,New York,22,757,750,-7,0,0,-1,0700-0759,27,817,1052,4,1050,1056,6,6,0,0,1000-1059,0,,0,173,186,155,1,1097,5,,,,,,,,,0,,,,,,,,,,,,,,,,,,,,,,,,,,,,,,,,,,,,,,,,,,,,
2018,1,1,18,4,18/01/2018,B6,20409,B6,N962JB,915,12478,1247805,31703,JFK,"New York, NY",NY,36,New York,22,14771,1477104,32457,SFO,"San Francisco, CA",CA,6,California,91,1600,1658,58,58,1,3,1600-1659,14,1712,1954,12,1953,2006,13,13,0,0,1900-1959,0,,0,413,368,342,1,2586,11,,,,,,,,,0,,,,,,,,,,,,,,,,,,,,,,,,,,,,,,,,,,,,,,,,,,,,
2018,1,1,18,4,18/01/2018,B6,20409,B6,N962JB,916,14771,1477104,32457,SFO,"San Francisco, CA",CA,6,California,91,12478,1247805,31703,JFK,"New York, NY",NY,36,New York,22,2105,2114,9,9,0,0,2100-2159,11,2125,513,10,527,523,-4,0,0,-1,0001-0559,0,,0,322,309,288,1,2586,11,,,,,,,,,0,,,,,,,,,,,,,,,,,,,,,,,,,,,,,,,,,,,,,,,,,,,,
2018,1,1,18,4,18/01/2018,B6,20409,B6,N203JB,917,10721,1072102,30721,BOS,"Boston, MA",MA,25,Massachusetts,13,12478,1247805,31703,JFK,"New York, NY",NY,36,New York,22,515,520,5,5,0,0,0001-0559,36,556,641,16,629,657,28,28,1,1,0600-0659,0,,0,74,97,45,1,187,1,5,0,23,0,0,,,,0,,,,,,,,,,,,,,,,,,,,,,,,,,,,,,,,,,,,,,,,,,,,
2018,1,1,18,4,18/01/2018,B6,20409,B6,N323JB,918,12478,1247805,31703,JFK,"New York, NY",NY,36,New York,22,10721,1072102,30721,BOS,"Boston, MA",MA,25,Massachusetts,13,1855,1851,-4,0,0,-1,1800-1859,14,1905,1943,4,2013,1947,-26,0,0,-2,2000-2059,0,,0,78,56,38,1,187,1,,,,,,,,,0,,,,,,,,,,,,,,,,,,,,,,,,,,,,,,,,,,,,,,,,,,,,
2018,1,1,18,4,18/01/2018,B6,20409,B6,N571JB,927,11618,1161802,31703,EWR,"Newark, NJ",NJ,34,New Jersey,21,13204,1320402,31454,MCO,"Orlando, FL",FL,12,Florida,33,1045,1042,-3,0,0,-1,1000-1059,25,1107,1316,9,1338,1325,-13,0,0,-1,1300-1359,0,,0,173,163,129,1,937,4,,,,,,,,,0,,,,,,,,,,,,,,,,,,,,,,,,,,,,,,,,,,,,,,,,,,,,
2018,1,1,18,4,18/01/2018,B6,20409,B6,N570JB,929,12478,1247805,31703,JFK,"New York, NY",NY,36,New York,22,14635,1463502,31714,RSW,"Fort Myers, FL",FL,12,Florida,33,712,705,-7,0,0,-1,0700-0759,14,719,942,11,1035,953,-42,0,0,-2,1000-1059,0,,0,203,168,143,1,1074,5,,,,,,,,,0,,,,,,,,,,,,,,,,,,,,,,,,,,,,,,,,,,,,,,,,,,,,
2018,1,1,18,4,18/01/2018,B6,20409,B6,N570JB,930,14635,1463502,31714,RSW,"Fort Myers, FL",FL,12,Florida,33,12478,1247805,31703,JFK,"New York, NY",NY,36,New York,22,1115,1111,-4,0,0,-1,1100-1159,8,1119,1338,5,1401,1343,-18,0,0,-2,1400-1459,0,,0,166,152,139,1,1074,5,,,,,,,,,0,,,,,,,,,,,,,,,,,,,,,,,,,,,,,,,,,,,,,,,,,,,,
2018,1,1,18,4,18/01/2018,B6,20409,B6,N629JB,932,12191,1219102,31453,HOU,"Houston, TX",TX,48,Texas,74,10721,1072102,30721,BOS,"Boston, MA",MA,25,Massachusetts,13,1829,1827,-2,0,0,-1,1800-1859,13,1840,2250,5,2300,2255,-5,0,0,-1,2300-2359,0,,0,211,208,190,1,1609,7,,,,,,,,,0,,,,,,,,,,,,,,,,,,,,,,,,,,,,,,,,,,,,,,,,,,,,
2018,1,1,18,4,18/01/2018,B6,20409,B6,N179JB,933,13204,1320402,31454,MCO,"Orlando, FL",FL,12,Florida,33,14843,1484306,34819,SJU,"San Juan, PR",PR,72,Puerto Rico,3,2127,2147,20,20,1,1,2100-2159,13,2200,119,4,111,123,12,12,0,0,0001-0559,0,,0,164,156,139,1,1189,5,,,,,,,,,0,,,,,,,,,,,,,,,,,,,,,,,,,,,,,,,,,,,,,,,,,,,,
2018,1,1,18,4,18/01/2018,B6,20409,B6,N307JB,934,14843,1484306,34819,SJU,"San Juan, PR",PR,72,Puerto Rico,3,13204,1320402,31454,MCO,"Orlando, FL",FL,12,Florida,33,520,514,-6,0,0,-1,0001-0559,12,526,707,3,725,710,-15,0,0,-1,0700-0759,0,,0,185,176,161,1,1189,5,,,,,,,,,0,,,,,,,,,,,,,,,,,,,,,,,,,,,,,,,,,,,,,,,,,,,,
2018,1,1,18,4,18/01/2018,B6,20409,B6,N634JB,940,14986,1498603,34986,SRQ,"Sarasota/Bradenton, FL",FL,12,Florida,33,10721,1072102,30721,BOS,"Boston, MA",MA,25,Massachusetts,13,1445,1506,21,21,1,1,1400-1459,10,1516,1759,6,1747,1805,18,18,1,1,1700-1759,0,,0,182,179,163,1,1220,5,14,0,0,0,4,,,,0,,,,,,,,,,,,,,,,,,,,,,,,,,,,,,,,,,,,,,,,,,,,
2018,1,1,18,4,18/01/2018,B6,20409,B6,N662JB,943,11697,1169706,32467,FLL,"Fort Lauderdale, FL",FL,12,Florida,33,12954,1295406,32575,LGB,"Long Beach, CA",CA,6,California,91,1837,1928,51,51,1,3,1800-1859,14,1942,2150,5,2132,2155,23,23,1,1,2100-2159,0,,0,355,327,308,1,2327,10,11,0,0,0,12,,,,0,,,,,,,,,,,,,,,,,,,,,,,,,,,,,,,,,,,,,,,,,,,,
2018,1,1,18,4,18/01/2018,B6,20409,B6,N637JB,944,12954,1295406,32575,LGB,"Long Beach, CA",CA,6,California,91,11697,1169706,32467,FLL,"Fort Lauderdale, FL",FL,12,Florida,33,2118,2125,7,7,0,0,2100-2159,10,2135,502,7,501,509,8,8,0,0,0001-0559,0,,0,283,284,267,1,2327,10,,,,,,,,,0,,,,,,,,,,,,,,,,,,,,,,,,,,,,,,,,,,,,,,,,,,,,
2018,1,1,18,4,18/01/2018,B6,20409,B6,N962JB,948,12889,1288903,32211,LAS,"Las Vegas, NV",NV,32,Nevada,85,12478,1247805,31703,JFK,"New York, NY",NY,36,New York,22,700,651,-9,0,0,-1,0700-0759,16,707,1452,4,1449,1456,7,7,0,0,1400-1459,0,,0,289,305,285,1,2248,9,,,,,,,,,0,,,,,,,,,,,,,,,,,,,,,,,,,,,,,,,,,,,,,,,,,,,,
2018,1,1,18,4,18/01/2018,B6,20409,B6,N955JB,951,10721,1072102,30721,BOS,"Boston, MA",MA,25,Massachusetts,13,13204,1320402,31454,MCO,"Orlando, FL",FL,12,Florida,33,1435,1438,3,3,0,0,1400-1459,16,1454,1727,7,1759,1734,-25,0,0,-2,1700-1759,0,,0,204,176,153,1,1121,5,,,,,,,,,0,,,,,,,,,,,,,,,,,,,,,,,,,,,,,,,,,,,,,,,,,,,,
2018,1,1,18,4,18/01/2018,B6,20409,B6,N531JB,952,13204,1320402,31454,MCO,"Orlando, FL",FL,12,Florida,33,10721,1072102,30721,BOS,"Boston, MA",MA,25,Massachusetts,13,1240,1338,58,58,1,3,1200-1259,19,1357,1628,10,1531,1638,67,67,1,4,1500-1559,0,,0,171,180,151,1,1121,5,58,0,9,0,0,,,,0,,,,,,,,,,,,,,,,,,,,,,,,,,,,,,,,,,,,,,,,,,,,
2018,1,1,18,4,18/01/2018,B6,20409,B6,N203JB,953,11697,1169706,32467,FLL,"Fort Lauderdale, FL",FL,12,Florida,33,14843,1484306,34819,SJU,"San Juan, PR",PR,72,Puerto Rico,3,2000,2027,27,27,1,1,2000-2059,13,2040,2344,2,2329,2346,17,17,1,1,2300-2359,0,,0,149,139,124,1,1046,5,17,0,0,0,0,,,,0,,,,,,,,,,,,,,,,,,,,,,,,,,,,,,,,,,,,,,,,,,,,
2018,1,1,18,4,18/01/2018,B6,20409,B6,N329JB,954,14843,1484306,34819,SJU,"San Juan, PR",PR,72,Puerto Rico,3,11697,1169706,32467,FLL,"Fort Lauderdale, FL",FL,12,Florida,33,857,852,-5,0,0,-1,0800-0859,13,905,1031,5,1046,1036,-10,0,0,-1,1000-1059,0,,0,169,164,146,1,1046,5,,,,,,,,,0,,,,,,,,,,,,,,,,,,,,,,,,,,,,,,,,,,,,,,,,,,,,
2018,1,1,18,4,18/01/2018,B6,20409,B6,N535JB,959,10529,1052906,30529,BDL,"Hartford, CT",CT,9,Connecticut,11,11697,1169706,32467,FLL,"Fort Lauderdale, FL",FL,12,Florida,33,701,656,-5,0,0,-1,0700-0759,32,728,1016,10,1025,1026,1,1,0,0,1000-1059,0,,0,204,210,168,1,1173,5,,,,,,,,,0,,,,,,,,,,,,,,,,,,,,,,,,,,,,,,,,,,,,,,,,,,,,
2018,1,1,18,4,18/01/2018,B6,20409,B6,N531JB,966,14635,1463502,31714,RSW,"Fort Myers, FL",FL,12,Florida,33,10721,1072102,30721,BOS,"Boston, MA",MA,25,Massachusetts,13,2127,2122,-5,0,0,-1,2100-2159,9,2131,3,2,21,5,-16,0,0,-2,0001-0559,0,,0,174,163,152,1,1249,5,,,,,,,,,0,,,,,,,,,,,,,,,,,,,,,,,,,,,,,,,,,,,,,,,,,,,,
2018,1,1,18,4,18/01/2018,B6,20409,B6,N307JB,969,14524,1452401,34524,RIC,"Richmond, VA",VA,51,Virginia,38,13204,1320402,31454,MCO,"Orlando, FL",FL,12,Florida,33,1135,1119,-16,0,0,-2,1100-1159,10,1129,1308,10,1344,1318,-26,0,0,-2,1300-1359,0,,0,129,119,99,1,667,3,,,,,,,,,0,,,,,,,,,,,,,,,,,,,,,,,,,,,,,,,,,,,,,,,,,,,,
2018,1,1,18,4,18/01/2018,B6,20409,B6,N307JB,970,13204,1320402,31454,MCO,"Orlando, FL",FL,12,Florida,33,14524,1452401,34524,RIC,"Richmond, VA",VA,51,Virginia,38,905,856,-9,0,0,-1,0900-0959,11,907,1038,5,1059,1043,-16,0,0,-2,1000-1059,0,,0,114,107,91,1,667,3,,,,,,,,,0,,,,,,,,,,,,,,,,,,,,,,,,,,,,,,,,,,,,,,,,,,,,
2018,1,1,18,4,18/01/2018,B6,20409,B6,N552JB,971,12953,1295304,31703,LGA,"New York, NY",NY,36,New York,22,11697,1169706,32467,FLL,"Fort Lauderdale, FL",FL,12,Florida,33,945,946,1,1,0,0,0900-0959,40,1026,1245,6,1309,1251,-18,0,0,-2,1300-1359,0,,0,204,185,139,1,1076,5,,,,,,,,,0,,,,,,,,,,,,,,,,,,,,,,,,,,,,,,,,,,,,,,,,,,,,
2018,1,1,18,4,18/01/2018,B6,20409,B6,N662JB,975,14100,1410005,34100,PHL,"Philadelphia, PA",PA,42,Pennsylvania,23,11697,1169706,32467,FLL,"Fort Lauderdale, FL",FL,12,Florida,33,1454,1533,39,39,1,2,1400-1459,17,1550,1810,4,1747,1814,27,27,1,1,1700-1759,0,,0,173,161,140,1,992,4,4,0,0,0,23,,,,0,,,,,,,,,,,,,,,,,,,,,,,,,,,,,,,,,,,,,,,,,,,,
2018,1,1,18,4,18/01/2018,B6,20409,B6,N599JB,976,11697,1169706,32467,FLL,"Fort Lauderdale, FL",FL,12,Florida,33,14100,1410005,34100,PHL,"Philadelphia, PA",PA,42,Pennsylvania,23,2112,2125,13,13,0,0,2100-2159,18,2143,2354,6,2350,2400,10,10,0,0,2300-2359,0,,0,158,155,131,1,992,4,,,,,,,,,0,,,,,,,,,,,,,,,,,,,,,,,,,,,,,,,,,,,,,,,,,,,,
2018,1,1,18,4,18/01/2018,B6,20409,B6,N374JB,984,14492,1449202,34492,RDU,"Raleigh/Durham, NC",NC,37,North Carolina,36,10721,1072102,30721,BOS,"Boston, MA",MA,25,Massachusetts,13,1551,1610,19,19,1,1,1500-1559,16,1626,1755,11,1742,1806,24,24,1,1,1700-1759,0,,0,111,116,89,1,612,3,17,0,5,0,2,,,,0,,,,,,,,,,,,,,,,,,,,,,,,,,,,,,,,,,,,,,,,,,,,
2018,1,1,18,4,18/01/2018,B6,20409,B6,N964JB,987,10721,1072102,30721,BOS,"Boston, MA",MA,25,Massachusetts,13,12892,1289208,32575,LAX,"Los Angeles, CA",CA,6,California,91,2120,2123,3,3,0,0,2100-2159,13,2136,11,7,59,18,-41,0,0,-2,0001-0559,0,,0,399,355,335,1,2611,11,,,,,,,,,0,,,,,,,,,,,,,,,,,,,,,,,,,,,,,,,,,,,,,,,,,,,,
2018,1,1,18,4,18/01/2018,B6,20409,B6,N942JB,988,12892,1289208,32575,LAX,"Los Angeles, CA",CA,6,California,91,10721,1072102,30721,BOS,"Boston, MA",MA,25,Massachusetts,13,2240,2245,5,5,0,0,2200-2259,16,2301,703,6,701,709,8,8,0,0,0700-0759,0,,0,321,324,302,1,2611,11,,,,,,,,,0,,,,,,,,,,,,,,,,,,,,,,,,,,,,,,,,,,,,,,,,,,,,
2018,1,1,18,4,18/01/2018,B6,20409,B6,N236JB,989,10721,1072102,30721,BOS,"Boston, MA",MA,25,Massachusetts,13,11278,1127805,30852,DCA,"Washington, DC",VA,51,Virginia,38,1740,1744,4,4,0,0,1700-1759,23,1807,1932,3,1928,1935,7,7,0,0,1900-1959,0,,0,108,111,85,1,399,2,,,,,,,,,0,,,,,,,,,,,,,,,,,,,,,,,,,,,,,,,,,,,,,,,,,,,,
2018,1,1,18,4,18/01/2018,B6,20409,B6,N952JB,990,13204,1320402,31454,MCO,"Orlando, FL",FL,12,Florida,33,12478,1247805,31703,JFK,"New York, NY",NY,36,New York,22,602,602,0,0,0,0,0600-0659,16,618,817,8,832,825,-7,0,0,-1,0800-0859,0,,0,150,143,119,1,944,4,,,,,,,,,0,,,,,,,,,,,,,,,,,,,,,,,,,,,,,,,,,,,,,,,,,,,,
2018,1,1,18,4,18/01/2018,B6,20409,B6,N566JB,992,15304,1530402,33195,TPA,"Tampa, FL",FL,12,Florida,33,10721,1072102,30721,BOS,"Boston, MA",MA,25,Massachusetts,13,1408,1358,-10,0,0,-1,1400-1459,10,1408,1646,5,1703,1651,-12,0,0,-1,1700-1759,0,,0,175,173,158,1,1185,5,,,,,,,,,0,,,,,,,,,,,,,,,,,,,,,,,,,,,,,,,,,,,,,,,,,,,,
2018,1,1,18,4,18/01/2018,B6,20409,B6,N658JB,993,10721,1072102,30721,BOS,"Boston, MA",MA,25,Massachusetts,13,11292,1129202,30325,DEN,"Denver, CO",CO,8,Colorado,82,1937,1948,11,11,0,0,1900-1959,16,2004,2156,8,2227,2204,-23,0,0,-2,2200-2259,0,,0,290,256,232,1,1754,8,,,,,,,,,0,,,,,,,,,,,,,,,,,,,,,,,,,,,,,,,,,,,,,,,,,,,,
2018,1,1,18,4,18/01/2018,B6,20409,B6,N658JB,994,11292,1129202,30325,DEN,"Denver, CO",CO,8,Colorado,82,10721,1072102,30721,BOS,"Boston, MA",MA,25,Massachusetts,13,2317,2312,-5,0,0,-1,2300-2359,13,2325,455,3,500,458,-2,0,0,-1,0001-0559,0,,0,223,226,210,1,1754,8,,,,,,,,,0,,,,,,,,,,,,,,,,,,,,,,,,,,,,,,,,,,,,,,,,,,,,
2018,1,1,18,4,18/01/2018,B6,20409,B6,N657JB,996,10397,1039707,30397,ATL,"Atlanta, GA",GA,13,Georgia,34,10721,1072102,30721,BOS,"Boston, MA",MA,25,Massachusetts,13,700,651,-9,0,0,-1,0700-0759,14,705,919,4,942,923,-19,0,0,-2,0900-0959,0,,0,162,152,134,1,946,4,,,,,,,,,0,,,,,,,,,,,,,,,,,,,,,,,,,,,,,,,,,,,,,,,,,,,,
2018,1,1,18,4,18/01/2018,B6,20409,B6,N627JB,997,10721,1072102,30721,BOS,"Boston, MA",MA,25,Massachusetts,13,10397,1039707,30397,ATL,"Atlanta, GA",GA,13,Georgia,34,1855,1853,-2,0,0,-1,1800-1859,17,1910,2119,9,2155,2128,-27,0,0,-2,2100-2159,0,,0,180,155,129,1,946,4,,,,,,,,,0,,,,,,,,,,,,,,,,,,,,,,,,,,,,,,,,,,,,,,,,,,,,
2018,1,1,18,4,18/01/2018,B6,20409,B6,N353JB,1001,10792,1079206,30792,BUF,"Buffalo, NY",NY,36,New York,22,12478,1247805,31703,JFK,"New York, NY",NY,36,New York,22,2043,2033,-10,0,0,-1,2000-2059,12,2045,2142,7,2209,2149,-20,0,0,-2,2200-2259,0,,0,86,76,57,1,301,2,,,,,,,,,0,,,,,,,,,,,,,,,,,,,,,,,,,,,,,,,,,,,,,,,,,,,,
2018,1,1,18,4,18/01/2018,B6,20409,B6,N637JB,1006,12954,1295406,32575,LGB,"Long Beach, CA",CA,6,California,91,14747,1474703,30559,SEA,"Seattle, WA",WA,53,Washington,93,1431,1421,-10,0,0,-1,1400-1459,14,1435,1651,7,1716,1658,-18,0,0,-2,1700-1759,0,,0,165,157,136,1,965,4,,,,,,,,,0,,,,,,,,,,,,,,,,,,,,,,,,,,,,,,,,,,,,,,,,,,,,
2018,1,1,18,4,18/01/2018,B6,20409,B6,N793JB,1007,14747,1474703,30559,SEA,"Seattle, WA",WA,53,Washington,93,12954,1295406,32575,LGB,"Long Beach, CA",CA,6,California,91,1131,1124,-7,0,0,-1,1100-1159,20,1144,1410,3,1407,1413,6,6,0,0,1400-1459,0,,0,156,169,146,1,965,4,,,,,,,,,0,,,,,,,,,,,,,,,,,,,,,,,,,,,,,,,,,,,,,,,,,,,,
2018,1,1,18,4,18/01/2018,B6,20409,B6,N206JB,1011,10721,1072102,30721,BOS,"Boston, MA",MA,25,Massachusetts,13,13930,1393006,30977,ORD,"Chicago, IL",IL,17,Illinois,41,1703,1703,0,0,0,0,1700-1759,20,1723,1833,14,1907,1847,-20,0,0,-2,1900-1959,0,,0,184,164,130,1,867,4,,,,,,,,,0,,,,,,,,,,,,,,,,,,,,,,,,,,,,,,,,,,,,,,,,,,,,
2018,1,1,18,4,18/01/2018,B6,20409,B6,N249JB,1012,13930,1393006,30977,ORD,"Chicago, IL",IL,17,Illinois,41,10721,1072102,30721,BOS,"Boston, MA",MA,25,Massachusetts,13,940,1022,42,42,1,2,0900-0959,23,1045,1336,5,1251,1341,50,50,1,3,1200-1259,0,,0,131,139,111,1,867,4,42,0,8,0,0,,,,0,,,,,,,,,,,,,,,,,,,,,,,,,,,,,,,,,,,,,,,,,,,,
2018,1,1,18,4,18/01/2018,B6,20409,B6,N537JB,1013,12478,1247805,31703,JFK,"New York, NY",NY,36,New York,22,12954,1295406,32575,LGB,"Long Beach, CA",CA,6,California,91,1735,1733,-2,0,0,-1,1700-1759,37,1810,2020,16,2056,2036,-20,0,0,-2,2000-2059,0,,0,381,363,310,1,2465,10,,,,,,,,,0,,,,,,,,,,,,,,,,,,,,,,,,,,,,,,,,,,,,,,,,,,,,
2018,1,1,18,4,18/01/2018,B6,20409,B6,N193JB,1017,12451,1245102,31136,JAX,"Jacksonville, FL",FL,12,Florida,33,11697,1169706,32467,FLL,"Fort Lauderdale, FL",FL,12,Florida,33,700,656,-4,0,0,-1,0700-0759,10,706,757,17,818,814,-4,0,0,-1,0800-0859,0,,0,78,78,51,1,319,2,,,,,,,,,0,,,,,,,,,,,,,,,,,,,,,,,,,,,,,,,,,,,,,,,,,,,,
2018,1,1,18,4,18/01/2018,B6,20409,B6,N193JB,1018,11697,1169706,32467,FLL,"Fort Lauderdale, FL",FL,12,Florida,33,12451,1245102,31136,JAX,"Jacksonville, FL",FL,12,Florida,33,853,849,-4,0,0,-1,0800-0859,12,901,953,7,1009,1000,-9,0,0,-1,1000-1059,0,,0,76,71,52,1,319,2,,,,,,,,,0,,,,,,,,,,,,,,,,,,,,,,,,,,,,,,,,,,,,,,,,,,,,
2018,1,1,18,4,18/01/2018,B6,20409,B6,N506JB,1022,14027,1402702,34027,PBI,"West Palm Beach/Palm Beach, FL",FL,12,Florida,33,10721,1072102,30721,BOS,"Boston, MA",MA,25,Massachusetts,13,600,550,-10,0,0,-1,0600-0659,9,559,829,2,857,831,-26,0,0,-2,0800-0859,0,,0,177,161,150,1,1197,5,,,,,,,,,0,,,,,,,,,,,,,,,,,,,,,,,,,,,,,,,,,,,,,,,,,,,,
2018,1,1,18,4,18/01/2018,B6,20409,B6,N258JB,1023,11278,1127805,30852,DCA,"Washington, DC",VA,51,Virginia,38,13204,1320402,31454,MCO,"Orlando, FL",FL,12,Florida,33,1859,1848,-11,0,0,-1,1800-1859,13,1901,2055,21,2123,2116,-7,0,0,-1,2100-2159,0,,0,144,148,114,1,759,4,,,,,,,,,0,,,,,,,,,,,,,,,,,,,,,,,,,,,,,,,,,,,,,,,,,,,,
2018,1,1,18,4,18/01/2018,B6,20409,B6,N316JB,1027,10721,1072102,30721,BOS,"Boston, MA",MA,25,Massachusetts,13,10821,1082106,30852,BWI,"Baltimore, MD",MD,24,Maryland,35,1720,1719,-1,0,0,-1,1700-1759,18,1737,1842,5,1901,1847,-14,0,0,-1,1900-1959,0,,0,101,88,65,1,369,2,,,,,,,,,0,,,,,,,,,,,,,,,,,,,,,,,,,,,,,,,,,,,,,,,,,,,,
2018,1,1,18,4,18/01/2018,B6,20409,B6,N639JB,1031,10721,1072102,30721,BOS,"Boston, MA",MA,25,Massachusetts,13,12191,1219102,31453,HOU,"Houston, TX",TX,48,Texas,74,702,700,-2,0,0,-1,0700-0759,24,724,951,3,1040,954,-46,0,0,-2,1000-1059,0,,0,278,234,207,1,1609,7,,,,,,,,,0,,,,,,,,,,,,,,,,,,,,,,,,,,,,,,,,,,,,,,,,,,,,
2018,1,1,18,4,18/01/2018,B6,20409,B6,N615JB,1034,14843,1484306,34819,SJU,"San Juan, PR",PR,72,Puerto Rico,3,13204,1320402,31454,MCO,"Orlando, FL",FL,12,Florida,33,1044,1043,-1,0,0,-1,1000-1059,19,1102,1245,13,1255,1258,3,3,0,0,1200-1259,0,,0,191,195,163,1,1189,5,,,,,,,,,0,,,,,,,,,,,,,,,,,,,,,,,,,,,,,,,,,,,,,,,,,,,,
2018,1,1,18,4,18/01/2018,B6,20409,B6,N337JB,1035,15024,1502403,34945,STT,"Charlotte Amalie, VI",VI,78,U.S. Virgin Islands,4,14843,1484306,34819,SJU,"San Juan, PR",PR,72,Puerto Rico,3,940,939,-1,0,0,-1,0900-0959,11,950,1008,4,1020,1012,-8,0,0,-1,1000-1059,0,,0,40,33,18,1,68,1,,,,,,,,,0,,,,,,,,,,,,,,,,,,,,,,,,,,,,,,,,,,,,,,,,,,,,
2018,1,1,18,4,18/01/2018,B6,20409,B6,N729JB,1038,10423,1042302,30423,AUS,"Austin, TX",TX,48,Texas,74,10721,1072102,30721,BOS,"Boston, MA",MA,25,Massachusetts,13,1847,1905,18,18,1,1,1800-1859,17,1922,2348,6,2331,2354,23,23,1,1,2300-2359,0,,0,224,229,206,1,1698,7,7,0,5,0,11,,,,0,,,,,,,,,,,,,,,,,,,,,,,,,,,,,,,,,,,,,,,,,,,,
2018,1,1,18,4,18/01/2018,B6,20409,B6,N729JB,1039,10721,1072102,30721,BOS,"Boston, MA",MA,25,Massachusetts,13,10423,1042302,30423,AUS,"Austin, TX",TX,48,Texas,74,700,704,4,4,0,0,0700-0759,32,736,1011,4,1053,1015,-38,0,0,-2,1000-1059,0,,0,293,251,215,1,1698,7,,,,,,,,,0,,,,,,,,,,,,,,,,,,,,,,,,,,,,,,,,,,,,,,,,,,,,
2018,1,1,18,4,18/01/2018,B6,20409,B6,N526JB,1041,12478,1247805,31703,JFK,"New York, NY",NY,36,New York,22,14685,1468502,34685,SAV,"Savannah, GA",GA,13,Georgia,34,1429,1446,17,17,1,1,1400-1459,20,1506,1645,4,1658,1649,-9,0,0,-1,1600-1659,0,,0,149,123,99,1,718,3,,,,,,,,,0,,,,,,,,,,,,,,,,,,,,,,,,,,,,,,,,,,,,,,,,,,,,
2018,1,1,18,4,18/01/2018,B6,20409,B6,N526JB,1042,14685,1468502,34685,SAV,"Savannah, GA",GA,13,Georgia,34,12478,1247805,31703,JFK,"New York, NY",NY,36,New York,22,1745,1733,-12,0,0,-1,1700-1759,15,1748,1929,8,1950,1937,-13,0,0,-1,1900-1959,0,,0,125,124,101,1,718,3,,,,,,,,,0,,,,,,,,,,,,,,,,,,,,,,,,,,,,,,,,,,,,,,,,,,,,
2018,1,1,18,4,18/01/2018,B6,20409,B6,N648JB,1043,11618,1161802,31703,EWR,"Newark, NJ",NJ,34,New Jersey,21,14027,1402702,34027,PBI,"West Palm Beach/Palm Beach, FL",FL,12,Florida,33,911,916,5,5,0,0,0900-0959,78,1034,1257,3,1219,1300,41,41,1,2,1200-1259,0,,0,188,224,143,1,1023,5,5,0,36,0,0,,,,0,,,,,,,,,,,,,,,,,,,,,,,,,,,,,,,,,,,,,,,,,,,,
2018,1,1,18,4,18/01/2018,B6,20409,B6,N618JB,1052,14843,1484306,34819,SJU,"San Juan, PR",PR,72,Puerto Rico,3,15304,1530402,33195,TPA,"Tampa, FL",FL,12,Florida,33,1149,1214,25,25,1,1,1100-1159,15,1229,1418,7,1359,1425,26,26,1,1,1300-1359,0,,0,190,191,169,1,1237,5,16,0,1,0,9,,,,0,,,,,,,,,,,,,,,,,,,,,,,,,,,,,,,,,,,,,,,,,,,,
2018,1,1,18,4,18/01/2018,B6,20409,B6,N615JB,1053,11697,1169706,32467,FLL,"Fort Lauderdale, FL",FL,12,Florida,33,14843,1484306,34819,SJU,"San Juan, PR",PR,72,Puerto Rico,3,600,554,-6,0,0,-1,0600-0659,19,613,919,7,926,926,0,0,0,0,0900-0959,0,,0,146,152,126,1,1046,5,,,,,,,,,0,,,,,,,,,,,,,,,,,,,,,,,,,,,,,,,,,,,,,,,,,,,,
2018,1,1,18,4,18/01/2018,B6,20409,B6,N283JB,1059,10721,1072102,30721,BOS,"Boston, MA",MA,25,Massachusetts,13,14100,1410005,34100,PHL,"Philadelphia, PA",PA,42,Pennsylvania,23,1345,1354,9,9,0,0,1300-1359,13,1407,1504,5,1524,1509,-15,0,0,-1,1500-1559,0,,0,99,75,57,1,280,2,,,,,,,,,0,,,,,,,,,,,,,,,,,,,,,,,,,,,,,,,,,,,,,,,,,,,,
2018,1,1,18,4,18/01/2018,B6,20409,B6,N531JB,1065,10721,1072102,30721,BOS,"Boston, MA",MA,25,Massachusetts,13,14635,1463502,31714,RSW,"Fort Myers, FL",FL,12,Florida,33,1702,1733,31,31,1,2,1700-1759,16,1749,2052,3,2046,2055,9,9,0,0,2000-2059,0,,0,224,202,183,1,1249,5,,,,,,,,,0,,,,,,,,,,,,,,,,,,,,,,,,,,,,,,,,,,,,,,,,,,,,
2018,1,1,18,4,18/01/2018,B6,20409,B6,N971JB,1066,14635,1463502,31714,RSW,"Fort Myers, FL",FL,12,Florida,33,10721,1072102,30721,BOS,"Boston, MA",MA,25,Massachusetts,13,1600,1559,-1,0,0,-1,1600-1659,9,1608,1852,5,1907,1857,-10,0,0,-1,1900-1959,0,,0,187,178,164,1,1249,5,,,,,,,,,0,,,,,,,,,,,,,,,,,,,,,,,,,,,,,,,,,,,,,,,,,,,,
2018,1,1,18,4,18/01/2018,B6,20409,B6,N294JB,1068,14027,1402702,34027,PBI,"West Palm Beach/Palm Beach, FL",FL,12,Florida,33,12197,1219702,31703,HPN,"White Plains, NY",NY,36,New York,22,652,639,-13,0,0,-1,0600-0659,12,651,911,2,936,913,-23,0,0,-2,0900-0959,0,,0,164,154,140,1,1056,5,,,,,,,,,0,,,,,,,,,,,,,,,,,,,,,,,,,,,,,,,,,,,,,,,,,,,,
2018,1,1,18,4,18/01/2018,B6,20409,B6,N506JB,1070,11697,1169706,32467,FLL,"Fort Lauderdale, FL",FL,12,Florida,33,10721,1072102,30721,BOS,"Boston, MA",MA,25,Massachusetts,13,2123,2147,24,24,1,1,2100-2159,17,2204,35,8,23,43,20,20,1,1,0001-0559,0,,0,180,176,151,1,1237,5,20,0,0,0,0,,,,0,,,,,,,,,,,,,,,,,,,,,,,,,,,,,,,,,,,,,,,,,,,,
2018,1,1,18,4,18/01/2018,B6,20409,B6,N571JB,1075,14307,1430705,30721,PVD,"Providence, RI",RI,44,Rhode Island,15,13204,1320402,31454,MCO,"Orlando, FL",FL,12,Florida,33,1745,1742,-3,0,0,-1,1700-1759,10,1752,2021,13,2053,2034,-19,0,0,-2,2000-2059,0,,0,188,172,149,1,1072,5,,,,,,,,,0,,,,,,,,,,,,,,,,,,,,,,,,,,,,,,,,,,,,,,,,,,,,
2018,1,1,18,4,18/01/2018,B6,20409,B6,N571JB,1076,13204,1320402,31454,MCO,"Orlando, FL",FL,12,Florida,33,14307,1430705,30721,PVD,"Providence, RI",RI,44,Rhode Island,15,1423,1418,-5,0,0,-1,1400-1459,19,1437,1655,3,1705,1658,-7,0,0,-1,1700-1759,0,,0,162,160,138,1,1072,5,,,,,,,,,0,,,,,,,,,,,,,,,,,,,,,,,,,,,,,,,,,,,,,,,,,,,,
2018,1,1,18,4,18/01/2018,B6,20409,B6,N968JB,1077,10721,1072102,30721,BOS,"Boston, MA",MA,25,Massachusetts,13,12889,1288903,32211,LAS,"Las Vegas, NV",NV,32,Nevada,85,710,709,-1,0,0,-1,0700-0759,22,731,937,7,1023,944,-39,0,0,-2,1000-1059,0,,0,373,335,306,1,2381,10,,,,,,,,,0,,,,,,,,,,,,,,,,,,,,,,,,,,,,,,,,,,,,,,,,,,,,
2018,1,1,18,4,18/01/2018,B6,20409,B6,N980JB,1078,12889,1288903,32211,LAS,"Las Vegas, NV",NV,32,Nevada,85,10721,1072102,30721,BOS,"Boston, MA",MA,25,Massachusetts,13,745,743,-2,0,0,-1,0700-0759,10,753,1542,9,1541,1551,10,10,0,0,1500-1559,0,,0,296,308,289,1,2381,10,,,,,,,,,0,,,,,,,,,,,,,,,,,,,,,,,,,,,,,,,,,,,,,,,,,,,,
2018,1,1,18,4,18/01/2018,B6,20409,B6,N309JB,1081,10721,1072102,30721,BOS,"Boston, MA",MA,25,Massachusetts,13,14524,1452401,34524,RIC,"Richmond, VA",VA,51,Virginia,38,1035,1032,-3,0,0,-1,1000-1059,14,1046,1156,4,1226,1200,-26,0,0,-2,1200-1259,0,,0,111,88,70,1,474,2,,,,,,,,,0,,,,,,,,,,,,,,,,,,,,,,,,,,,,,,,,,,,,,,,,,,,,
2018,1,1,18,4,18/01/2018,B6,20409,B6,N635JB,1091,11697,1169706,32467,FLL,"Fort Lauderdale, FL",FL,12,Florida,33,10732,1073203,30732,BQN,"Aguadilla, PR",PR,72,Puerto Rico,3,2338,2337,-1,0,0,-1,2300-2359,15,2352,249,5,303,254,-9,0,0,-1,0001-0559,0,,0,145,137,117,1,982,4,,,,,,,,,0,,,,,,,,,,,,,,,,,,,,,,,,,,,,,,,,,,,,,,,,,,,,
2018,1,1,18,4,18/01/2018,B6,20409,B6,N828JB,1094,10423,1042302,30423,AUS,"Austin, TX",TX,48,Texas,74,12478,1247805,31703,JFK,"New York, NY",NY,36,New York,22,1350,1342,-8,0,0,-1,1300-1359,13,1355,1808,10,1829,1818,-11,0,0,-1,1800-1859,0,,0,219,216,193,1,1521,7,,,,,,,,,0,,,,,,,,,,,,,,,,,,,,,,,,,,,,,,,,,,,,,,,,,,,,
2018,1,1,18,4,18/01/2018,B6,20409,B6,N796JB,1097,10721,1072102,30721,BOS,"Boston, MA",MA,25,Massachusetts,13,10397,1039707,30397,ATL,"Atlanta, GA",GA,13,Georgia,34,901,855,-6,0,0,-1,0900-0959,15,910,1106,5,1159,1111,-48,0,0,-2,1100-1159,0,,0,178,136,116,1,946,4,,,,,,,,,0,,,,,,,,,,,,,,,,,,,,,,,,,,,,,,,,,,,,,,,,,,,,
2018,1,1,18,4,18/01/2018,B6,20409,B6,N192JB,1098,11278,1127805,30852,DCA,"Washington, DC",VA,51,Virginia,38,10529,1052906,30529,BDL,"Hartford, CT",CT,9,Connecticut,11,1722,1729,7,7,0,0,1700-1759,20,1749,1840,5,1840,1845,5,5,0,0,1800-1859,0,,0,78,76,51,1,313,2,,,,,,,,,0,,,,,,,,,,,,,,,,,,,,,,,,,,,,,,,,,,,,,,,,,,,,
2018,1,1,18,4,18/01/2018,B6,20409,B6,N569JB,1099,12953,1295304,31703,LGA,"New York, NY",NY,36,New York,22,13204,1320402,31454,MCO,"Orlando, FL",FL,12,Florida,33,700,652,-8,0,0,-1,0700-0759,14,706,919,13,958,932,-26,0,0,-2,0900-0959,0,,0,178,160,133,1,950,4,,,,,,,,,0,,,,,,,,,,,,,,,,,,,,,,,,,,,,,,,,,,,,,,,,,,,,
2018,1,1,18,4,18/01/2018,B6,20409,B6,N306JB,1105,12478,1247805,31703,JFK,"New York, NY",NY,36,New York,22,13930,1393006,30977,ORD,"Chicago, IL",IL,17,Illinois,41,823,821,-2,0,0,-1,0800-0859,24,845,941,16,1010,957,-13,0,0,-1,1000-1059,0,,0,167,156,116,1,740,3,,,,,,,,,0,,,,,,,,,,,,,,,,,,,,,,,,,,,,,,,,,,,,,,,,,,,,
2018,1,1,18,4,18/01/2018,B6,20409,B6,N358JB,1106,13930,1393006,30977,ORD,"Chicago, IL",IL,17,Illinois,41,12478,1247805,31703,JFK,"New York, NY",NY,36,New York,22,1830,1821,-9,0,0,-1,1800-1859,36,1857,2137,4,2143,2141,-2,0,0,-1,2100-2159,0,,0,133,140,100,1,740,3,,,,,,,,,0,,,,,,,,,,,,,,,,,,,,,,,,,,,,,,,,,,,,,,,,,,,,
2018,1,1,18,4,18/01/2018,B6,20409,B6,N351JB,1109,10721,1072102,30721,BOS,"Boston, MA",MA,25,Massachusetts,13,12451,1245102,31136,JAX,"Jacksonville, FL",FL,12,Florida,33,842,839,-3,0,0,-1,0800-0859,15,854,1109,18,1147,1127,-20,0,0,-2,1100-1159,0,,0,185,168,135,1,1010,5,,,,,,,,,0,,,,,,,,,,,,,,,,,,,,,,,,,,,,,,,,,,,,,,,,,,,,
2018,1,1,18,4,18/01/2018,B6,20409,B6,N644JB,1115,10721,1072102,30721,BOS,"Boston, MA",MA,25,Massachusetts,13,11298,1129806,30194,DFW,"Dallas/Fort Worth, TX",TX,48,Texas,74,1431,1457,26,26,1,1,1400-1459,18,1515,1744,8,1759,1752,-7,0,0,-1,1700-1759,0,,0,268,235,209,1,1562,7,,,,,,,,,0,,,,,,,,,,,,,,,,,,,,,,,,,,,,,,,,,,,,,,,,,,,,
2018,1,1,18,4,18/01/2018,B6,20409,B6,N265JB,1118,11057,1105703,31057,CLT,"Charlotte, NC",NC,37,North Carolina,36,12478,1247805,31703,JFK,"New York, NY",NY,36,New York,22,1959,1957,-2,0,0,-1,1900-1959,41,2038,2218,4,2155,2222,27,27,1,1,2100-2159,0,,0,116,145,100,1,541,3,0,0,27,0,0,,,,0,,,,,,,,,,,,,,,,,,,,,,,,,,,,,,,,,,,,,,,,,,,,
2018,1,1,18,4,18/01/2018,B6,20409,B6,N265JB,1119,12478,1247805,31703,JFK,"New York, NY",NY,36,New York,22,11057,1105703,31057,CLT,"Charlotte, NC",NC,37,North Carolina,36,1716,1713,-3,0,0,-1,1700-1759,15,1728,1853,6,1921,1859,-22,0,0,-2,1900-1959,0,,0,125,106,85,1,541,3,,,,,,,,,0,,,,,,,,,,,,,,,,,,,,,,,,,,,,,,,,,,,,,,,,,,,,
2018,1,1,18,4,18/01/2018,B6,20409,B6,N597JB,1121,14057,1405702,34057,PDX,"Portland, OR",OR,41,Oregon,92,12954,1295406,32575,LGB,"Long Beach, CA",CA,6,California,91,718,709,-9,0,0,-1,0700-0759,17,726,934,3,939,937,-2,0,0,-1,0900-0959,0,,0,141,148,128,1,846,4,,,,,,,,,0,,,,,,,,,,,,,,,,,,,,,,,,,,,,,,,,,,,,,,,,,,,,
2018,1,1,18,4,18/01/2018,B6,20409,B6,N947JB,1124,12892,1289208,32575,LAX,"Los Angeles, CA",CA,6,California,91,12478,1247805,31703,JFK,"New York, NY",NY,36,New York,22,1515,1525,10,10,0,0,1500-1559,18,1543,2355,6,2327,1,34,34,1,2,2300-2359,0,,0,312,336,312,1,2475,10,10,0,24,0,0,,,,0,,,,,,,,,,,,,,,,,,,,,,,,,,,,,,,,,,,,,,,,,,,,
2018,1,1,18,4,18/01/2018,B6,20409,B6,N183JB,1125,14492,1449202,34492,RDU,"Raleigh/Durham, NC",NC,37,North Carolina,36,11697,1169706,32467,FLL,"Fort Lauderdale, FL",FL,12,Florida,33,705,818,73,73,1,4,0700-0759,51,909,1049,4,912,1053,101,101,1,6,0900-0959,0,,0,127,155,100,1,680,3,73,0,28,0,0,,,,0,,,,,,,,,,,,,,,,,,,,,,,,,,,,,,,,,,,,,,,,,,,,
2018,1,1,18,4,18/01/2018,B6,20409,B6,N183JB,1126,11697,1169706,32467,FLL,"Fort Lauderdale, FL",FL,12,Florida,33,14492,1449202,34492,RDU,"Raleigh/Durham, NC",NC,37,North Carolina,36,2005,2009,4,4,0,0,2000-2059,17,2026,2156,4,2209,2200,-9,0,0,-1,2200-2259,0,,0,124,111,90,1,680,3,,,,,,,,,0,,,,,,,,,,,,,,,,,,,,,,,,,,,,,,,,,,,,,,,,,,,,
2018,1,1,18,4,18/01/2018,B6,20409,B6,N298JB,1130,11697,1169706,32467,FLL,"Fort Lauderdale, FL",FL,12,Florida,33,10994,1099402,30994,CHS,"Charleston, SC",SC,45,South Carolina,37,2147,2144,-3,0,0,-1,2100-2159,13,2157,2307,9,2323,2316,-7,0,0,-1,2300-2359,0,,0,96,92,70,1,470,2,,,,,,,,,0,,,,,,,,,,,,,,,,,,,,,,,,,,,,,,,,,,,,,,,,,,,,
2018,1,1,18,4,18/01/2018,B6,20409,B6,N274JB,1131,10994,1099402,30994,CHS,"Charleston, SC",SC,45,South Carolina,37,11697,1169706,32467,FLL,"Fort Lauderdale, FL",FL,12,Florida,33,720,718,-2,0,0,-1,0700-0759,8,726,839,5,901,844,-17,0,0,-2,0900-0959,0,,0,101,86,73,1,470,2,,,,,,,,,0,,,,,,,,,,,,,,,,,,,,,,,,,,,,,,,,,,,,,,,,,,,,
2018,1,1,18,4,18/01/2018,B6,20409,B6,N706JB,1134,14843,1484306,34819,SJU,"San Juan, PR",PR,72,Puerto Rico,3,13204,1320402,31454,MCO,"Orlando, FL",FL,12,Florida,33,1700,1650,-10,0,0,-1,1700-1759,13,1703,1848,13,1912,1901,-11,0,0,-1,1900-1959,0,,0,192,191,165,1,1189,5,,,,,,,,,0,,,,,,,,,,,,,,,,,,,,,,,,,,,,,,,,,,,,,,,,,,,,
2018,1,1,18,4,18/01/2018,B6,20409,B6,N565JB,1136,12954,1295406,32575,LGB,"Long Beach, CA",CA,6,California,91,14771,1477104,32457,SFO,"San Francisco, CA",CA,6,California,91,651,643,-8,0,0,-1,0600-0659,21,704,801,4,820,805,-15,0,0,-1,0800-0859,0,,0,89,82,57,1,354,2,,,,,,,,,0,,,,,,,,,,,,,,,,,,,,,,,,,,,,,,,,,,,,,,,,,,,,
2018,1,1,18,4,18/01/2018,B6,20409,B6,N184JB,1137,10721,1072102,30721,BOS,"Boston, MA",MA,25,Massachusetts,13,11433,1143302,31295,DTW,"Detroit, MI",MI,26,Michigan,43,750,748,-2,0,0,-1,0700-0759,25,813,950,9,1012,959,-13,0,0,-1,1000-1059,0,,0,142,131,97,1,632,3,,,,,,,,,0,,,,,,,,,,,,,,,,,,,,,,,,,,,,,,,,,,,,,,,,,,,,
2018,1,1,18,4,18/01/2018,B6,20409,B6,N584JB,1141,10529,1052906,30529,BDL,"Hartford, CT",CT,9,Connecticut,11,14027,1402702,34027,PBI,"West Palm Beach/Palm Beach, FL",FL,12,Florida,33,1451,1456,5,5,0,0,1400-1459,15,1511,1736,4,1801,1740,-21,0,0,-2,1800-1859,0,,0,190,164,145,1,1133,5,,,,,,,,,0,,,,,,,,,,,,,,,,,,,,,,,,,,,,,,,,,,,,,,,,,,,,
2018,1,1,18,4,18/01/2018,B6,20409,B6,N584JB,1142,14027,1402702,34027,PBI,"West Palm Beach/Palm Beach, FL",FL,12,Florida,33,10529,1052906,30529,BDL,"Hartford, CT",CT,9,Connecticut,11,1115,1114,-1,0,0,-1,1100-1159,13,1127,1357,7,1405,1404,-1,0,0,-1,1400-1459,0,,0,170,170,150,1,1133,5,,,,,,,,,0,,,,,,,,,,,,,,,,,,,,,,,,,,,,,,,,,,,,,,,,,,,,
2018,1,1,18,4,18/01/2018,B6,20409,B6,N584JB,1143,11618,1161802,31703,EWR,"Newark, NJ",NJ,34,New Jersey,21,14027,1402702,34027,PBI,"West Palm Beach/Palm Beach, FL",FL,12,Florida,33,600,631,31,31,1,2,0600-0659,12,643,857,4,850,901,11,11,0,0,0800-0859,0,,0,170,150,134,1,1023,5,,,,,,,,,0,,,,,,,,,,,,,,,,,,,,,,,,,,,,,,,,,,,,,,,,,,,,
2018,1,1,18,4,18/01/2018,B6,20409,B6,N348JB,1145,14524,1452401,34524,RIC,"Richmond, VA",VA,51,Virginia,38,11697,1169706,32467,FLL,"Fort Lauderdale, FL",FL,12,Florida,33,700,,,,,,0700-0759,,,,,924,,,,,,0900-0959,1,A,0,144,,,1,805,4,,,,,,,,,0,,,,,,,,,,,,,,,,,,,,,,,,,,,,,,,,,,,,,,,,,,,,
2018,1,1,18,4,18/01/2018,B6,20409,B6,N328JB,1146,11697,1169706,32467,FLL,"Fort Lauderdale, FL",FL,12,Florida,33,14524,1452401,34524,RIC,"Richmond, VA",VA,51,Virginia,38,2104,2052,-12,0,0,-1,2100-2159,12,2104,2249,4,2318,2253,-25,0,0,-2,2300-2359,0,,0,134,121,105,1,805,4,,,,,,,,,0,,,,,,,,,,,,,,,,,,,,,,,,,,,,,,,,,,,,,,,,,,,,
2018,1,1,18,4,18/01/2018,B6,20409,B6,N618JB,1151,15304,1530402,33195,TPA,"Tampa, FL",FL,12,Florida,33,14843,1484306,34819,SJU,"San Juan, PR",PR,72,Puerto Rico,3,1440,1518,38,38,1,2,1400-1459,13,1531,1858,6,1827,1904,37,37,1,2,1800-1859,0,,0,167,166,147,1,1237,5,13,0,0,0,24,,,,0,,,,,,,,,,,,,,,,,,,,,,,,,,,,,,,,,,,,,,,,,,,,
2018,1,1,18,4,18/01/2018,B6,20409,B6,N955JB,1152,13204,1320402,31454,MCO,"Orlando, FL",FL,12,Florida,33,10721,1072102,30721,BOS,"Boston, MA",MA,25,Massachusetts,13,1901,1902,1,1,0,0,1900-1959,10,1912,2135,5,2152,2140,-12,0,0,-1,2100-2159,0,,0,171,158,143,1,1121,5,,,,,,,,,0,,,,,,,,,,,,,,,,,,,,,,,,,,,,,,,,,,,,,,,,,,,,
2018,1,1,18,4,18/01/2018,B6,20409,B6,N236JB,1154,11278,1127805,30852,DCA,"Washington, DC",VA,51,Virginia,38,10721,1072102,30721,BOS,"Boston, MA",MA,25,Massachusetts,13,1532,1530,-2,0,0,-1,1500-1559,10,1540,1644,13,1704,1657,-7,0,0,-1,1700-1759,0,,0,92,87,64,1,399,2,,,,,,,,,0,,,,,,,,,,,,,,,,,,,,,,,,,,,,,,,,,,,,,,,,,,,,
2018,1,1,18,4,18/01/2018,B6,20409,B6,N203JB,1155,10721,1072102,30721,BOS,"Boston, MA",MA,25,Massachusetts,13,11278,1127805,30852,DCA,"Washington, DC",VA,51,Virginia,38,1420,1408,-12,0,0,-1,1400-1459,14,1422,1524,4,1559,1528,-31,0,0,-2,1500-1559,0,,0,99,80,62,1,399,2,,,,,,,,,0,,,,,,,,,,,,,,,,,,,,,,,,,,,,,,,,,,,,,,,,,,,,
2018,1,1,18,4,18/01/2018,B6,20409,B6,N228JB,1159,10721,1072102,30721,BOS,"Boston, MA",MA,25,Massachusetts,13,14100,1410005,34100,PHL,"Philadelphia, PA",PA,42,Pennsylvania,23,1745,1945,120,120,1,8,1700-1759,16,2001,2059,8,1925,2107,102,102,1,6,1900-1959,0,,0,100,82,58,1,280,2,102,0,0,0,0,,,,0,,,,,,,,,,,,,,,,,,,,,,,,,,,,,,,,,,,,,,,,,,,,
2018,1,1,18,4,18/01/2018,B6,20409,B6,N562JB,1161,12953,1295304,31703,LGA,"New York, NY",NY,36,New York,22,14027,1402702,34027,PBI,"West Palm Beach/Palm Beach, FL",FL,12,Florida,33,1310,1311,1,1,0,0,1300-1359,31,1342,1608,5,1622,1613,-9,0,0,-1,1600-1659,0,,0,192,182,146,1,1035,5,,,,,,,,,0,,,,,,,,,,,,,,,,,,,,,,,,,,,,,,,,,,,,,,,,,,,,
2018,1,1,18,4,18/01/2018,B6,20409,B6,N971JB,1165,10721,1072102,30721,BOS,"Boston, MA",MA,25,Massachusetts,13,14635,1463502,31714,RSW,"Fort Myers, FL",FL,12,Florida,33,2007,1959,-8,0,0,-1,2000-2059,13,2012,2315,5,2350,2320,-30,0,0,-2,2300-2359,0,,0,223,201,183,1,1249,5,,,,,,,,,0,,,,,,,,,,,,,,,,,,,,,,,,,,,,,,,,,,,,,,,,,,,,
2018,1,1,18,4,18/01/2018,B6,20409,B6,N583JB,1166,12954,1295406,32575,LGB,"Long Beach, CA",CA,6,California,91,14893,1489302,33192,SMF,"Sacramento, CA",CA,6,California,91,1649,1638,-11,0,0,-1,1600-1659,19,1657,1801,4,1816,1805,-11,0,0,-1,1800-1859,0,,0,87,87,64,1,387,2,,,,,,,,,0,,,,,,,,,,,,,,,,,,,,,,,,,,,,,,,,,,,,,,,,,,,,
2018,1,1,18,4,18/01/2018,B6,20409,B6,N334JB,1168,14027,1402702,34027,PBI,"West Palm Beach/Palm Beach, FL",FL,12,Florida,33,12197,1219702,31703,HPN,"White Plains, NY",NY,36,New York,22,1114,1106,-8,0,0,-1,1100-1159,8,1114,1346,3,1403,1349,-14,0,0,-1,1400-1459,0,,0,169,163,152,1,1056,5,,,,,,,,,0,,,,,,,,,,,,,,,,,,,,,,,,,,,,,,,,,,,,,,,,,,,,
2018,1,1,18,4,18/01/2018,B6,20409,B6,N307JB,1169,14524,1452401,34524,RIC,"Richmond, VA",VA,51,Virginia,38,13204,1320402,31454,MCO,"Orlando, FL",FL,12,Florida,33,1730,1724,-6,0,0,-1,1700-1759,12,1736,1915,14,1937,1929,-8,0,0,-1,1900-1959,0,,0,127,125,99,1,667,3,,,,,,,,,0,,,,,,,,,,,,,,,,,,,,,,,,,,,,,,,,,,,,,,,,,,,,
2018,1,1,18,4,18/01/2018,B6,20409,B6,N307JB,1170,13204,1320402,31454,MCO,"Orlando, FL",FL,12,Florida,33,14524,1452401,34524,RIC,"Richmond, VA",VA,51,Virginia,38,1501,1454,-7,0,0,-1,1500-1559,11,1505,1635,6,1655,1641,-14,0,0,-1,1600-1659,0,,0,114,107,90,1,667,3,,,,,,,,,0,,,,,,,,,,,,,,,,,,,,,,,,,,,,,,,,,,,,,,,,,,,,
2018,1,1,18,4,18/01/2018,B6,20409,B6,N535JB,1171,12953,1295304,31703,LGA,"New York, NY",NY,36,New York,22,11697,1169706,32467,FLL,"Fort Lauderdale, FL",FL,12,Florida,33,1450,1534,44,44,1,2,1400-1459,29,1603,1834,6,1812,1840,28,28,1,1,1800-1859,0,,0,202,186,151,1,1076,5,18,0,0,0,10,,,,0,,,,,,,,,,,,,,,,,,,,,,,,,,,,,,,,,,,,,,,,,,,,
2018,1,1,18,4,18/01/2018,B6,20409,B6,N637JB,1179,12889,1288903,32211,LAS,"Las Vegas, NV",NV,32,Nevada,85,12954,1295406,32575,LGB,"Long Beach, CA",CA,6,California,91,1238,1232,-6,0,0,-1,1200-1259,9,1241,1322,3,1346,1325,-21,0,0,-2,1300-1359,0,,0,68,53,41,1,231,1,,,,,,,,,0,,,,,,,,,,,,,,,,,,,,,,,,,,,,,,,,,,,,,,,,,,,,
2018,1,1,18,4,18/01/2018,B6,20409,B6,N368JB,1185,12478,1247805,31703,JFK,"New York, NY",NY,36,New York,22,14492,1449202,34492,RDU,"Raleigh/Durham, NC",NC,37,North Carolina,36,1656,1653,-3,0,0,-1,1600-1659,11,1704,1808,11,1843,1819,-24,0,0,-2,1800-1859,0,,0,107,86,64,1,427,2,,,,,,,,,0,,,,,,,,,,,,,,,,,,,,,,,,,,,,,,,,,,,,,,,,,,,,
2018,1,1,18,4,18/01/2018,B6,20409,B6,N368JB,1186,14492,1449202,34492,RDU,"Raleigh/Durham, NC",NC,37,North Carolina,36,12478,1247805,31703,JFK,"New York, NY",NY,36,New York,22,1921,1925,4,4,0,0,1900-1959,22,1947,2101,8,2109,2109,0,0,0,0,2100-2159,0,,0,108,104,74,1,427,2,,,,,,,,,0,,,,,,,,,,,,,,,,,,,,,,,,,,,,,,,,,,,,,,,,,,,,
2018,1,1,18,4,18/01/2018,B6,20409,B6,N292JB,1189,10721,1072102,30721,BOS,"Boston, MA",MA,25,Massachusetts,13,11278,1127805,30852,DCA,"Washington, DC",VA,51,Virginia,38,2042,2037,-5,0,0,-1,2000-2059,20,2057,2203,3,2221,2206,-15,0,0,-1,2200-2259,0,,0,99,89,66,1,399,2,,,,,,,,,0,,,,,,,,,,,,,,,,,,,,,,,,,,,,,,,,,,,,,,,,,,,,
2018,1,1,18,4,18/01/2018,B6,20409,B6,N954JB,1190,13204,1320402,31454,MCO,"Orlando, FL",FL,12,Florida,33,12478,1247805,31703,JFK,"New York, NY",NY,36,New York,22,1955,1953,-2,0,0,-1,1900-1959,24,2017,2228,11,2230,2239,9,9,0,0,2200-2259,0,,0,155,166,131,1,944,4,,,,,,,,,0,,,,,,,,,,,,,,,,,,,,,,,,,,,,,,,,,,,,,,,,,,,,
2018,1,1,18,4,18/01/2018,B6,20409,B6,N613JB,1196,11697,1169706,32467,FLL,"Fort Lauderdale, FL",FL,12,Florida,33,14307,1430705,30721,PVD,"Providence, RI",RI,44,Rhode Island,15,1154,1207,13,13,0,0,1100-1159,17,1224,1458,5,1448,1503,15,15,1,1,1400-1459,0,,0,174,176,154,1,1188,5,13,0,2,0,0,,,,0,,,,,,,,,,,,,,,,,,,,,,,,,,,,,,,,,,,,,,,,,,,,
2018,1,1,18,4,18/01/2018,B6,20409,B6,N613JB,1197,14307,1430705,30721,PVD,"Providence, RI",RI,44,Rhode Island,15,11697,1169706,32467,FLL,"Fort Lauderdale, FL",FL,12,Florida,33,1528,1545,17,17,1,1,1500-1559,14,1559,1851,6,1855,1857,2,2,0,0,1800-1859,0,,0,207,192,172,1,1188,5,,,,,,,,,0,,,,,,,,,,,,,,,,,,,,,,,,,,,,,,,,,,,,,,,,,,,,
2018,1,1,18,4,18/01/2018,B6,20409,B6,N529JB,1198,13204,1320402,31454,MCO,"Orlando, FL",FL,12,Florida,33,12953,1295304,31703,LGA,"New York, NY",NY,36,New York,22,1735,1754,19,19,1,1,1700-1759,40,1834,2036,5,2015,2041,26,26,1,1,2000-2059,0,,0,160,167,122,1,950,4,0,0,26,0,0,,,,0,,,,,,,,,,,,,,,,,,,,,,,,,,,,,,,,,,,,,,,,,,,,
2018,1,1,18,4,18/01/2018,B6,20409,B6,N975JB,1201,12478,1247805,31703,JFK,"New York, NY",NY,36,New York,22,11697,1169706,32467,FLL,"Fort Lauderdale, FL",FL,12,Florida,33,1843,1841,-2,0,0,-1,1800-1859,17,1858,2126,10,2200,2136,-24,0,0,-2,2200-2259,0,,0,197,175,148,1,1069,5,,,,,,,,,0,,,,,,,,,,,,,,,,,,,,,,,,,,,,,,,,,,,,,,,,,,,,
2018,1,1,18,4,18/01/2018,B6,20409,B6,N957JB,1202,11697,1169706,32467,FLL,"Fort Lauderdale, FL",FL,12,Florida,33,12478,1247805,31703,JFK,"New York, NY",NY,36,New York,22,1225,1224,-1,0,0,-1,1200-1259,33,1257,1516,4,1516,1520,4,4,0,0,1500-1559,0,,0,171,176,139,1,1069,5,,,,,,,,,0,,,,,,,,,,,,,,,,,,,,,,,,,,,,,,,,,,,,,,,,,,,,
2018,1,1,18,4,18/01/2018,B6,20409,B6,N590JB,1205,12478,1247805,31703,JFK,"New York, NY",NY,36,New York,22,14057,1405702,34057,PDX,"Portland, OR",OR,41,Oregon,92,2036,2056,20,20,1,1,2000-2059,21,2117,8,6,2,14,12,12,0,0,0001-0559,0,,0,386,378,351,1,2454,10,,,,,,,,,0,,,,,,,,,,,,,,,,,,,,,,,,,,,,,,,,,,,,,,,,,,,,
2018,1,1,18,4,18/01/2018,B6,20409,B6,N766JB,1206,14057,1405702,34057,PDX,"Portland, OR",OR,41,Oregon,92,12478,1247805,31703,JFK,"New York, NY",NY,36,New York,22,2258,2249,-9,0,0,-1,2200-2259,11,2300,640,13,708,653,-15,0,0,-1,0700-0759,0,,0,310,304,280,1,2454,10,,,,,,,,,0,,,,,,,,,,,,,,,,,,,,,,,,,,,,,,,,,,,,,,,,,,,,
2018,1,1,18,4,18/01/2018,B6,20409,B6,N267JB,1208,12264,1226402,30852,IAD,"Washington, DC",VA,51,Virginia,38,12478,1247805,31703,JFK,"New York, NY",NY,36,New York,22,615,642,27,27,1,1,0600-0659,13,655,744,4,729,748,19,19,1,1,0700-0759,0,,0,74,66,49,1,228,1,19,0,0,0,0,,,,0,,,,,,,,,,,,,,,,,,,,,,,,,,,,,,,,,,,,,,,,,,,,
2018,1,1,18,4,18/01/2018,B6,20409,B6,N184JB,1209,10721,1072102,30721,BOS,"Boston, MA",MA,25,Massachusetts,13,12451,1245102,31136,JAX,"Jacksonville, FL",FL,12,Florida,33,1430,1419,-11,0,0,-1,1400-1459,14,1433,1632,16,1731,1648,-43,0,0,-2,1700-1759,0,,0,181,149,119,1,1010,5,,,,,,,,,0,,,,,,,,,,,,,,,,,,,,,,,,,,,,,,,,,,,,,,,,,,,,
2018,1,1,18,4,18/01/2018,B6,20409,B6,N375JB,1210,12451,1245102,31136,JAX,"Jacksonville, FL",FL,12,Florida,33,10721,1072102,30721,BOS,"Boston, MA",MA,25,Massachusetts,13,1151,1141,-10,0,0,-1,1100-1159,11,1152,1404,4,1419,1408,-11,0,0,-1,1400-1459,0,,0,148,147,132,1,1010,5,,,,,,,,,0,,,,,,,,,,,,,,,,,,,,,,,,,,,,,,,,,,,,,,,,,,,,
2018,1,1,18,4,18/01/2018,B6,20409,B6,N608JB,1211,10821,1082106,30852,BWI,"Baltimore, MD",MD,24,Maryland,35,13204,1320402,31454,MCO,"Orlando, FL",FL,12,Florida,33,1113,1104,-9,0,0,-1,1100-1159,13,1117,1304,13,1337,1317,-20,0,0,-2,1300-1359,0,,0,144,133,107,1,787,4,,,,,,,,,0,,,,,,,,,,,,,,,,,,,,,,,,,,,,,,,,,,,,,,,,,,,,
2018,1,1,18,4,18/01/2018,B6,20409,B6,N608JB,1212,13204,1320402,31454,MCO,"Orlando, FL",FL,12,Florida,33,10821,1082106,30852,BWI,"Baltimore, MD",MD,24,Maryland,35,819,813,-6,0,0,-1,0800-0859,13,826,1018,5,1033,1023,-10,0,0,-1,1000-1059,0,,0,134,130,112,1,787,4,,,,,,,,,0,,,,,,,,,,,,,,,,,,,,,,,,,,,,,,,,,,,,,,,,,,,,
2018,1,1,18,4,18/01/2018,B6,20409,B6,N715JB,1214,11298,1129806,30194,DFW,"Dallas/Fort Worth, TX",TX,48,Texas,74,10721,1072102,30721,BOS,"Boston, MA",MA,25,Massachusetts,13,1145,1142,-3,0,0,-1,1100-1159,11,1153,1602,8,1612,1610,-2,0,0,-1,1600-1659,0,,0,207,208,189,1,1562,7,,,,,,,,,0,,,,,,,,,,,,,,,,,,,,,,,,,,,,,,,,,,,,,,,,,,,,
2018,1,1,18,4,18/01/2018,B6,20409,B6,N229JB,1216,10792,1079206,30792,BUF,"Buffalo, NY",NY,36,New York,22,10721,1072102,30721,BOS,"Boston, MA",MA,25,Massachusetts,13,1332,1354,22,22,1,1,1300-1359,38,1432,1529,7,1454,1536,42,42,1,2,1400-1459,0,,0,82,102,57,1,395,2,0,0,20,0,22,,,,0,,,,,,,,,,,,,,,,,,,,,,,,,,,,,,,,,,,,,,,,,,,,
2018,1,1,18,4,18/01/2018,B6,20409,B6,N247JB,1223,11278,1127805,30852,DCA,"Washington, DC",VA,51,Virginia,38,13204,1320402,31454,MCO,"Orlando, FL",FL,12,Florida,33,805,802,-3,0,0,-1,0800-0859,17,819,1013,16,1033,1029,-4,0,0,-1,1000-1059,0,,0,148,147,114,1,759,4,,,,,,,,,0,,,,,,,,,,,,,,,,,,,,,,,,,,,,,,,,,,,,,,,,,,,,
2018,1,1,18,4,18/01/2018,B6,20409,B6,N978JB,1224,12892,1289208,32575,LAX,"Los Angeles, CA",CA,6,California,91,12478,1247805,31703,JFK,"New York, NY",NY,36,New York,22,1645,1638,-7,0,0,-1,1600-1659,13,1651,48,12,55,100,5,5,0,0,0001-0559,0,,0,310,322,297,1,2475,10,,,,,,,,,0,,,,,,,,,,,,,,,,,,,,,,,,,,,,,,,,,,,,,,,,,,,,
2018,1,1,18,4,18/01/2018,B6,20409,B6,N368JB,1226,10821,1082106,30852,BWI,"Baltimore, MD",MD,24,Maryland,35,10721,1072102,30721,BOS,"Boston, MA",MA,25,Massachusetts,13,818,806,-12,0,0,-1,0800-0859,10,816,922,4,941,926,-15,0,0,-1,0900-0959,0,,0,83,80,66,1,369,2,,,,,,,,,0,,,,,,,,,,,,,,,,,,,,,,,,,,,,,,,,,,,,,,,,,,,,
2018,1,1,18,4,18/01/2018,B6,20409,B6,N273JB,1231,10721,1072102,30721,BOS,"Boston, MA",MA,25,Massachusetts,13,12953,1295304,31703,LGA,"New York, NY",NY,36,New York,22,1515,1510,-5,0,0,-1,1500-1559,14,1524,1604,8,1641,1612,-29,0,0,-2,1600-1659,0,,0,86,62,40,1,184,1,,,,,,,,,0,,,,,,,,,,,,,,,,,,,,,,,,,,,,,,,,,,,,,,,,,,,,
2018,1,1,18,4,18/01/2018,B6,20409,B6,N273JB,1232,12953,1295304,31703,LGA,"New York, NY",NY,36,New York,22,10721,1072102,30721,BOS,"Boston, MA",MA,25,Massachusetts,13,1730,1723,-7,0,0,-1,1700-1759,19,1742,1821,15,1854,1836,-18,0,0,-2,1800-1859,0,,0,84,73,39,1,184,1,,,,,,,,,0,,,,,,,,,,,,,,,,,,,,,,,,,,,,,,,,,,,,,,,,,,,,
2018,1,1,18,4,18/01/2018,B6,20409,B6,N709JB,1233,13204,1320402,31454,MCO,"Orlando, FL",FL,12,Florida,33,14843,1484306,34819,SJU,"San Juan, PR",PR,72,Puerto Rico,3,640,633,-7,0,0,-1,0600-0659,19,652,1011,8,1025,1019,-6,0,0,-1,1000-1059,0,,0,165,166,139,1,1189,5,,,,,,,,,0,,,,,,,,,,,,,,,,,,,,,,,,,,,,,,,,,,,,,,,,,,,,
2018,1,1,18,4,18/01/2018,B6,20409,B6,N509JB,1234,14843,1484306,34819,SJU,"San Juan, PR",PR,72,Puerto Rico,3,13204,1320402,31454,MCO,"Orlando, FL",FL,12,Florida,33,2121,2154,33,33,1,2,2100-2159,13,2207,2347,5,2327,2352,25,25,1,1,2300-2359,0,,0,186,178,160,1,1189,5,25,0,0,0,0,,,,0,,,,,,,,,,,,,,,,,,,,,,,,,,,,,,,,,,,,,,,,,,,,
2018,1,1,18,4,18/01/2018,B6,20409,B6,N565JB,1235,14771,1477104,32457,SFO,"San Francisco, CA",CA,6,California,91,12954,1295406,32575,LGB,"Long Beach, CA",CA,6,California,91,900,852,-8,0,0,-1,0900-0959,18,910,1012,3,1027,1015,-12,0,0,-1,1000-1059,0,,0,87,83,62,1,354,2,,,,,,,,,0,,,,,,,,,,,,,,,,,,,,,,,,,,,,,,,,,,,,,,,,,,,,
2018,1,1,18,4,18/01/2018,B6,20409,B6,N337JB,1236,14843,1484306,34819,SJU,"San Juan, PR",PR,72,Puerto Rico,3,15024,1502403,34945,STT,"Charlotte Amalie, VI",VI,78,U.S. Virgin Islands,4,830,824,-6,0,0,-1,0800-0859,18,842,856,4,905,900,-5,0,0,-1,0900-0959,0,,0,35,36,14,1,68,1,,,,,,,,,0,,,,,,,,,,,,,,,,,,,,,,,,,,,,,,,,,,,,,,,,,,,,
2018,1,1,18,4,18/01/2018,B6,20409,B6,N519JB,1237,10721,1072102,30721,BOS,"Boston, MA",MA,25,Massachusetts,13,11433,1143302,31295,DTW,"Detroit, MI",MI,26,Michigan,43,1602,1604,2,2,0,0,1600-1659,18,1622,1757,8,1819,1805,-14,0,0,-1,1800-1859,0,,0,137,121,95,1,632,3,,,,,,,,,0,,,,,,,,,,,,,,,,,,,,,,,,,,,,,,,,,,,,,,,,,,,,
2018,1,1,18,4,18/01/2018,B6,20409,B6,N355JB,1245,10721,1072102,30721,BOS,"Boston, MA",MA,25,Massachusetts,13,11057,1105703,31057,CLT,"Charlotte, NC",NC,37,North Carolina,36,829,829,0,0,0,0,0800-0859,22,851,1028,7,1058,1035,-23,0,0,-2,1000-1059,0,,0,149,126,97,1,728,3,,,,,,,,,0,,,,,,,,,,,,,,,,,,,,,,,,,,,,,,,,,,,,,,,,,,,,
2018,1,1,18,4,18/01/2018,B6,20409,B6,N355JB,1246,11057,1105703,31057,CLT,"Charlotte, NC",NC,37,North Carolina,36,10721,1072102,30721,BOS,"Boston, MA",MA,25,Massachusetts,13,1133,1123,-10,0,0,-1,1100-1159,18,1141,1326,5,1345,1331,-14,0,0,-1,1300-1359,0,,0,132,128,105,1,728,3,,,,,,,,,0,,,,,,,,,,,,,,,,,,,,,,,,,,,,,,,,,,,,,,,,,,,,
2018,1,1,18,4,18/01/2018,B6,20409,B6,N959JB,1248,12889,1288903,32211,LAS,"Las Vegas, NV",NV,32,Nevada,85,12478,1247805,31703,JFK,"New York, NY",NY,36,New York,22,2328,2320,-8,0,0,-1,2300-2359,11,2331,700,12,714,712,-2,0,0,-1,0700-0759,0,,0,286,292,269,1,2248,9,,,,,,,,,0,,,,,,,,,,,,,,,,,,,,,,,,,,,,,,,,,,,,,,,,,,,,
2018,1,1,18,4,18/01/2018,B6,20409,B6,N266JB,1251,12197,1219702,31703,HPN,"White Plains, NY",NY,36,New York,22,14635,1463502,31714,RSW,"Fort Myers, FL",FL,12,Florida,33,817,804,-13,0,0,-1,0800-0859,20,824,1059,17,1136,1116,-20,0,0,-2,1100-1159,0,,0,199,192,155,1,1102,5,,,,,,,,,0,,,,,,,,,,,,,,,,,,,,,,,,,,,,,,,,,,,,,,,,,,,,
2018,1,1,18,4,18/01/2018,B6,20409,B6,N266JB,1252,14635,1463502,31714,RSW,"Fort Myers, FL",FL,12,Florida,33,12197,1219702,31703,HPN,"White Plains, NY",NY,36,New York,22,1211,1207,-4,0,0,-1,1200-1259,15,1222,1453,3,1500,1456,-4,0,0,-1,1500-1559,0,,0,169,169,151,1,1102,5,,,,,,,,,0,,,,,,,,,,,,,,,,,,,,,,,,,,,,,,,,,,,,,,,,,,,,
2018,1,1,18,4,18/01/2018,B6,20409,B6,N229JB,1259,10721,1072102,30721,BOS,"Boston, MA",MA,25,Massachusetts,13,14100,1410005,34100,PHL,"Philadelphia, PA",PA,42,Pennsylvania,23,2112,2105,-7,0,0,-1,2100-2159,19,2124,2221,6,2250,2227,-23,0,0,-2,2200-2259,0,,0,98,82,57,1,280,2,,,,,,,,,0,,,,,,,,,,,,,,,,,,,,,,,,,,,,,,,,,,,,,,,,,,,,
2018,1,1,18,4,18/01/2018,B6,20409,B6,N266JB,1262,14027,1402702,34027,PBI,"West Palm Beach/Palm Beach, FL",FL,12,Florida,33,12953,1295304,31703,LGA,"New York, NY",NY,36,New York,22,1909,1928,19,19,1,1,1900-1959,26,1954,2207,5,2159,2212,13,13,0,0,2100-2159,0,,0,170,164,133,1,1035,5,,,,,,,,,0,,,,,,,,,,,,,,,,,,,,,,,,,,,,,,,,,,,,,,,,,,,,
2018,1,1,18,4,18/01/2018,B6,20409,B6,N527JB,1266,14635,1463502,31714,RSW,"Fort Myers, FL",FL,12,Florida,33,10721,1072102,30721,BOS,"Boston, MA",MA,25,Massachusetts,13,1910,1909,-1,0,0,-1,1900-1959,11,1920,2159,6,2212,2205,-7,0,0,-1,2200-2259,0,,0,182,176,159,1,1249,5,,,,,,,,,0,,,,,,,,,,,,,,,,,,,,,,,,,,,,,,,,,,,,,,,,,,,,
2018,1,1,18,4,18/01/2018,B6,20409,B6,N625JB,1271,12953,1295304,31703,LGA,"New York, NY",NY,36,New York,22,11697,1169706,32467,FLL,"Fort Lauderdale, FL",FL,12,Florida,33,1930,2006,36,36,1,2,1900-1959,42,2048,2321,10,2244,2331,47,47,1,3,2200-2259,0,,0,194,205,153,1,1076,5,7,0,11,0,29,,,,0,,,,,,,,,,,,,,,,,,,,,,,,,,,,,,,,,,,,,,,,,,,,
2018,1,1,18,4,18/01/2018,B6,20409,B6,N625JB,1272,11697,1169706,32467,FLL,"Fort Lauderdale, FL",FL,12,Florida,33,12953,1295304,31703,LGA,"New York, NY",NY,36,New York,22,1555,1613,18,18,1,1,1500-1559,38,1651,1909,10,1850,1919,29,29,1,1,1800-1859,0,,0,175,186,138,1,1076,5,0,0,29,0,0,,,,0,,,,,,,,,,,,,,,,,,,,,,,,,,,,,,,,,,,,,,,,,,,,
2018,1,1,18,4,18/01/2018,B6,20409,B6,N624JB,1273,12478,1247805,31703,JFK,"New York, NY",NY,36,New York,22,10994,1099402,30994,CHS,"Charleston, SC",SC,45,South Carolina,37,706,658,-8,0,0,-1,0700-0759,18,716,844,8,923,852,-31,0,0,-2,0900-0959,0,,0,137,114,88,1,636,3,,,,,,,,,0,,,,,,,,,,,,,,,,,,,,,,,,,,,,,,,,,,,,,,,,,,,,
2018,1,1,18,4,18/01/2018,B6,20409,B6,N624JB,1274,10994,1099402,30994,CHS,"Charleston, SC",SC,45,South Carolina,37,12478,1247805,31703,JFK,"New York, NY",NY,36,New York,22,1003,958,-5,0,0,-1,1000-1059,11,1009,1139,4,1153,1143,-10,0,0,-1,1100-1159,0,,0,110,105,90,1,636,3,,,,,,,,,0,,,,,,,,,,,,,,,,,,,,,,,,,,,,,,,,,,,,,,,,,,,,
2018,1,1,18,4,18/01/2018,B6,20409,B6,N298JB,1279,11278,1127805,30852,DCA,"Washington, DC",VA,51,Virginia,38,11697,1169706,32467,FLL,"Fort Lauderdale, FL",FL,12,Florida,33,600,624,24,24,1,1,0600-0659,20,644,856,7,837,903,26,26,1,1,0800-0859,0,,0,157,159,132,1,899,4,24,0,2,0,0,,,,0,,,,,,,,,,,,,,,,,,,,,,,,,,,,,,,,,,,,,,,,,,,,
2018,1,1,18,4,18/01/2018,B6,20409,B6,N228JB,1281,10721,1072102,30721,BOS,"Boston, MA",MA,25,Massachusetts,13,14524,1452401,34524,RIC,"Richmond, VA",VA,51,Virginia,38,1300,1254,-6,0,0,-1,1300-1359,16,1310,1419,4,1449,1423,-26,0,0,-2,1400-1459,0,,0,109,89,69,1,474,2,,,,,,,,,0,,,,,,,,,,,,,,,,,,,,,,,,,,,,,,,,,,,,,,,,,,,,
2018,1,1,18,4,18/01/2018,B6,20409,B6,N228JB,1282,14524,1452401,34524,RIC,"Richmond, VA",VA,51,Virginia,38,10721,1072102,30721,BOS,"Boston, MA",MA,25,Massachusetts,13,1529,1517,-12,0,0,-1,1500-1559,8,1525,1637,6,1701,1643,-18,0,0,-2,1700-1759,0,,0,92,86,72,1,474,2,,,,,,,,,0,,,,,,,,,,,,,,,,,,,,,,,,,,,,,,,,,,,,,,,,,,,,
2018,1,1,18,4,18/01/2018,B6,20409,B6,N316JB,1285,10721,1072102,30721,BOS,"Boston, MA",MA,25,Massachusetts,13,14122,1412202,30198,PIT,"Pittsburgh, PA",PA,42,Pennsylvania,23,610,603,-7,0,0,-1,0600-0659,43,646,754,5,809,759,-10,0,0,-1,0800-0859,0,,0,119,116,68,1,496,2,,,,,,,,,0,,,,,,,,,,,,,,,,,,,,,,,,,,,,,,,,,,,,,,,,,,,,
2018,1,1,18,4,18/01/2018,B6,20409,B6,N316JB,1286,14122,1412202,30198,PIT,"Pittsburgh, PA",PA,42,Pennsylvania,23,10721,1072102,30721,BOS,"Boston, MA",MA,25,Massachusetts,13,845,833,-12,0,0,-1,0800-0859,8,841,957,14,1017,1011,-6,0,0,-1,1000-1059,0,,0,92,98,76,1,496,2,,,,,,,,,0,,,,,,,,,,,,,,,,,,,,,,,,,,,,,,,,,,,,,,,,,,,,
2018,1,1,18,4,18/01/2018,B6,20409,B6,N585JB,1289,11618,1161802,31703,EWR,"Newark, NJ",NJ,34,New Jersey,21,14843,1484306,34819,SJU,"San Juan, PR",PR,72,Puerto Rico,3,709,713,4,4,0,0,0700-0759,14,727,1158,4,1202,1202,0,0,0,0,1200-1259,0,,0,233,229,211,1,1608,7,,,,,,,,,0,,,,,,,,,,,,,,,,,,,,,,,,,,,,,,,,,,,,,,,,,,,,
2018,1,1,18,4,18/01/2018,B6,20409,B6,N585JB,1290,14843,1484306,34819,SJU,"San Juan, PR",PR,72,Puerto Rico,3,11618,1161802,31703,EWR,"Newark, NJ",NJ,34,New Jersey,21,1252,1314,22,22,1,1,1200-1259,15,1329,1602,7,1606,1609,3,3,0,0,1600-1659,0,,0,254,235,213,1,1608,7,,,,,,,,,0,,,,,,,,,,,,,,,,,,,,,,,,,,,,,,,,,,,,,,,,,,,,
2018,1,1,18,4,18/01/2018,B6,20409,B6,N648JB,1294,13204,1320402,31454,MCO,"Orlando, FL",FL,12,Florida,33,12197,1219702,31703,HPN,"White Plains, NY",NY,36,New York,22,2025,2046,21,21,1,1,2000-2059,27,2113,2325,7,2300,2332,32,32,1,2,2300-2359,0,,0,155,166,132,1,972,4,0,0,11,0,21,,,,0,,,,,,,,,,,,,,,,,,,,,,,,,,,,,,,,,,,,,,,,,,,,
2018,1,1,18,4,18/01/2018,B6,20409,B6,N524JB,1295,12478,1247805,31703,JFK,"New York, NY",NY,36,New York,22,10423,1042302,30423,AUS,"Austin, TX",TX,48,Texas,74,2105,2105,0,0,0,0,2100-2159,28,2133,2353,3,27,2356,-31,0,0,-2,0001-0559,0,,0,262,231,200,1,1521,7,,,,,,,,,0,,,,,,,,,,,,,,,,,,,,,,,,,,,,,,,,,,,,,,,,,,,,
2018,1,1,18,4,18/01/2018,B6,20409,B6,N659JB,1300,13495,1349505,33495,MSY,"New Orleans, LA",LA,22,Louisiana,72,10721,1072102,30721,BOS,"Boston, MA",MA,25,Massachusetts,13,700,710,10,10,0,0,0700-0759,17,727,1120,2,1104,1122,18,18,1,1,1100-1159,0,,0,184,192,173,1,1368,6,10,0,8,0,0,,,,0,,,,,,,,,,,,,,,,,,,,,,,,,,,,,,,,,,,,,,,,,,,,
2018,1,1,18,4,18/01/2018,B6,20409,B6,N806JB,1301,10721,1072102,30721,BOS,"Boston, MA",MA,25,Massachusetts,13,13495,1349505,33495,MSY,"New Orleans, LA",LA,22,Louisiana,72,2002,2000,-2,0,0,-1,2000-2059,24,2024,2231,4,2259,2235,-24,0,0,-2,2200-2259,0,,0,237,215,187,1,1368,6,,,,,,,,,0,,,,,,,,,,,,,,,,,,,,,,,,,,,,,,,,,,,,,,,,,,,,
2018,1,1,18,4,18/01/2018,B6,20409,B6,N970JB,1304,14843,1484306,34819,SJU,"San Juan, PR",PR,72,Puerto Rico,3,12478,1247805,31703,JFK,"New York, NY",NY,36,New York,22,1542,1535,-7,0,0,-1,1500-1559,12,1547,1818,6,1849,1824,-25,0,0,-2,1800-1859,0,,0,247,229,211,1,1598,7,,,,,,,,,0,,,,,,,,,,,,,,,,,,,,,,,,,,,,,,,,,,,,,,,,,,,,
2018,1,1,18,4,18/01/2018,B6,20409,B6,N324JB,1307,12478,1247805,31703,JFK,"New York, NY",NY,36,New York,22,12264,1226402,30852,IAD,"Washington, DC",VA,51,Virginia,38,1729,1720,-9,0,0,-1,1700-1759,13,1733,1821,5,1849,1826,-23,0,0,-2,1800-1859,0,,0,80,66,48,1,228,1,,,,,,,,,0,,,,,,,,,,,,,,,,,,,,,,,,,,,,,,,,,,,,,,,,,,,,
2018,1,1,18,4,18/01/2018,B6,20409,B6,N178JB,1308,12264,1226402,30852,IAD,"Washington, DC",VA,51,Virginia,38,12478,1247805,31703,JFK,"New York, NY",NY,36,New York,22,1155,1146,-9,0,0,-1,1100-1159,12,1158,1247,4,1310,1251,-19,0,0,-2,1300-1359,0,,0,75,65,49,1,228,1,,,,,,,,,0,,,,,,,,,,,,,,,,,,,,,,,,,,,,,,,,,,,,,,,,,,,,
2018,1,1,18,4,18/01/2018,B6,20409,B6,N323JB,1317,10721,1072102,30721,BOS,"Boston, MA",MA,25,Massachusetts,13,12478,1247805,31703,JFK,"New York, NY",NY,36,New York,22,1658,1708,10,10,0,0,1600-1659,13,1721,1806,8,1820,1814,-6,0,0,-1,1800-1859,0,,0,82,66,45,1,187,1,,,,,,,,,0,,,,,,,,,,,,,,,,,,,,,,,,,,,,,,,,,,,,,,,,,,,,
2018,1,1,18,4,18/01/2018,B6,20409,B6,N203JB,1318,12478,1247805,31703,JFK,"New York, NY",NY,36,New York,22,10721,1072102,30721,BOS,"Boston, MA",MA,25,Massachusetts,13,1203,1155,-8,0,0,-1,1200-1259,13,1208,1249,4,1308,1253,-15,0,0,-1,1300-1359,0,,0,65,58,41,1,187,1,,,,,,,,,0,,,,,,,,,,,,,,,,,,,,,,,,,,,,,,,,,,,,,,,,,,,,
2018,1,1,18,4,18/01/2018,B6,20409,B6,N942JB,1323,12478,1247805,31703,JFK,"New York, NY",NY,36,New York,22,12892,1289208,32575,LAX,"Los Angeles, CA",CA,6,California,91,1525,1524,-1,0,0,-1,1500-1559,28,1552,1756,5,1904,1801,-63,0,0,-2,1900-1959,0,,0,399,337,304,1,2475,10,,,,,,,,,0,,,,,,,,,,,,,,,,,,,,,,,,,,,,,,,,,,,,,,,,,,,,
2018,1,1,18,4,18/01/2018,B6,20409,B6,N316JB,1326,10821,1082106,30852,BWI,"Baltimore, MD",MD,24,Maryland,35,10721,1072102,30721,BOS,"Boston, MA",MA,25,Massachusetts,13,1936,1935,-1,0,0,-1,1900-1959,12,1947,2042,5,2056,2047,-9,0,0,-1,2000-2059,0,,0,80,72,55,1,369,2,,,,,,,,,0,,,,,,,,,,,,,,,,,,,,,,,,,,,,,,,,,,,,,,,,,,,,
2018,1,1,18,4,18/01/2018,B6,20409,B6,N187JB,1331,10721,1072102,30721,BOS,"Boston, MA",MA,25,Massachusetts,13,12953,1295304,31703,LGA,"New York, NY",NY,36,New York,22,1710,1710,0,0,0,0,1700-1759,18,1728,1812,5,1836,1817,-19,0,0,-2,1800-1859,0,,0,86,67,44,1,184,1,,,,,,,,,0,,,,,,,,,,,,,,,,,,,,,,,,,,,,,,,,,,,,,,,,,,,,
2018,1,1,18,4,18/01/2018,B6,20409,B6,N187JB,1332,12953,1295304,31703,LGA,"New York, NY",NY,36,New York,22,10721,1072102,30721,BOS,"Boston, MA",MA,25,Massachusetts,13,1930,2012,42,42,1,2,1900-1959,43,2055,2133,4,2052,2137,45,45,1,3,2000-2059,0,,0,82,85,38,1,184,1,42,0,3,0,0,,,,0,,,,,,,,,,,,,,,,,,,,,,,,,,,,,,,,,,,,,,,,,,,,
2018,1,1,18,4,18/01/2018,B6,20409,B6,N519JB,1336,11433,1143302,31295,DTW,"Detroit, MI",MI,26,Michigan,43,10721,1072102,30721,BOS,"Boston, MA",MA,25,Massachusetts,13,1900,1856,-4,0,0,-1,1900-1959,14,1910,2031,5,2050,2036,-14,0,0,-1,2000-2059,0,,0,110,100,81,1,632,3,,,,,,,,,0,,,,,,,,,,,,,,,,,,,,,,,,,,,,,,,,,,,,,,,,,,,,
2018,1,1,18,4,18/01/2018,B6,20409,B6,N559JB,1347,11278,1127805,30852,DCA,"Washington, DC",VA,51,Virginia,38,14843,1484306,34819,SJU,"San Juan, PR",PR,72,Puerto Rico,3,800,757,-3,0,0,-1,0800-0859,13,810,1223,4,1246,1227,-19,0,0,-2,1200-1259,0,,0,226,210,193,1,1554,7,,,,,,,,,0,,,,,,,,,,,,,,,,,,,,,,,,,,,,,,,,,,,,,,,,,,,,
2018,1,1,18,4,18/01/2018,B6,20409,B6,N645JB,1348,14843,1484306,34819,SJU,"San Juan, PR",PR,72,Puerto Rico,3,11278,1127805,30852,DCA,"Washington, DC",VA,51,Virginia,38,1905,1857,-8,0,0,-1,1900-1959,10,1907,2132,3,2159,2135,-24,0,0,-2,2100-2159,0,,0,234,218,205,1,1554,7,,,,,,,,,0,,,,,,,,,,,,,,,,,,,,,,,,,,,,,,,,,,,,,,,,,,,,
2018,1,1,18,4,18/01/2018,B6,20409,B6,N504JB,1352,13204,1320402,31454,MCO,"Orlando, FL",FL,12,Florida,33,10721,1072102,30721,BOS,"Boston, MA",MA,25,Massachusetts,13,2119,2112,-7,0,0,-1,2100-2159,16,2128,2346,3,2,2349,-13,0,0,-1,0001-0559,0,,0,163,157,138,1,1121,5,,,,,,,,,0,,,,,,,,,,,,,,,,,,,,,,,,,,,,,,,,,,,,,,,,,,,,
2018,1,1,18,4,18/01/2018,B6,20409,B6,N192JB,1354,11278,1127805,30852,DCA,"Washington, DC",VA,51,Virginia,38,10721,1072102,30721,BOS,"Boston, MA",MA,25,Massachusetts,13,2119,2106,-13,0,0,-1,2100-2159,10,2116,2219,8,2245,2227,-18,0,0,-2,2200-2259,0,,0,86,81,63,1,399,2,,,,,,,,,0,,,,,,,,,,,,,,,,,,,,,,,,,,,,,,,,,,,,,,,,,,,,
2018,1,1,18,4,18/01/2018,B6,20409,B6,N586JB,1371,12953,1295304,31703,LGA,"New York, NY",NY,36,New York,22,11697,1169706,32467,FLL,"Fort Lauderdale, FL",FL,12,Florida,33,2138,2230,52,52,1,3,2100-2159,11,2241,112,3,39,115,36,36,1,2,0001-0559,0,,0,181,165,151,1,1076,5,10,0,0,0,26,,,,0,,,,,,,,,,,,,,,,,,,,,,,,,,,,,,,,,,,,,,,,,,,,
2018,1,1,18,4,18/01/2018,B6,20409,B6,N569JB,1373,12478,1247805,31703,JFK,"New York, NY",NY,36,New York,22,10994,1099402,30994,CHS,"Charleston, SC",SC,45,South Carolina,37,1549,1543,-6,0,0,-1,1500-1559,23,1606,1735,7,1812,1742,-30,0,0,-2,1800-1859,0,,0,143,119,89,1,636,3,,,,,,,,,0,,,,,,,,,,,,,,,,,,,,,,,,,,,,,,,,,,,,,,,,,,,,
2018,1,1,18,4,18/01/2018,B6,20409,B6,N569JB,1374,10994,1099402,30994,CHS,"Charleston, SC",SC,45,South Carolina,37,12478,1247805,31703,JFK,"New York, NY",NY,36,New York,22,1852,1843,-9,0,0,-1,1800-1859,12,1855,2026,6,2050,2032,-18,0,0,-2,2000-2059,0,,0,118,109,91,1,636,3,,,,,,,,,0,,,,,,,,,,,,,,,,,,,,,,,,,,,,,,,,,,,,,,,,,,,,
2018,1,1,18,4,18/01/2018,B6,20409,B6,N193JB,1379,11278,1127805,30852,DCA,"Washington, DC",VA,51,Virginia,38,11697,1169706,32467,FLL,"Fort Lauderdale, FL",FL,12,Florida,33,1319,1324,5,5,0,0,1300-1359,17,1341,1553,6,1600,1559,-1,0,0,-1,1600-1659,0,,0,161,155,132,1,899,4,,,,,,,,,0,,,,,,,,,,,,,,,,,,,,,,,,,,,,,,,,,,,,,,,,,,,,
2018,1,1,18,4,18/01/2018,B6,20409,B6,N236JB,1380,11697,1169706,32467,FLL,"Fort Lauderdale, FL",FL,12,Florida,33,11278,1127805,30852,DCA,"Washington, DC",VA,51,Virginia,38,1230,1225,-5,0,0,-1,1200-1259,22,1247,1456,2,1457,1458,1,1,0,0,1400-1459,0,,0,147,153,129,1,899,4,,,,,,,,,0,,,,,,,,,,,,,,,,,,,,,,,,,,,,,,,,,,,,,,,,,,,,
2018,1,1,18,4,18/01/2018,B6,20409,B6,N317JB,1383,10721,1072102,30721,BOS,"Boston, MA",MA,25,Massachusetts,13,14492,1449202,34492,RDU,"Raleigh/Durham, NC",NC,37,North Carolina,36,959,1008,9,9,0,0,0900-0959,22,1030,1158,7,1208,1205,-3,0,0,-1,1200-1259,0,,0,129,117,88,1,612,3,,,,,,,,,0,,,,,,,,,,,,,,,,,,,,,,,,,,,,,,,,,,,,,,,,,,,,
2018,1,1,18,4,18/01/2018,B6,20409,B6,N317JB,1384,14492,1449202,34492,RDU,"Raleigh/Durham, NC",NC,37,North Carolina,36,10721,1072102,30721,BOS,"Boston, MA",MA,25,Massachusetts,13,1247,1303,16,16,1,1,1200-1259,13,1316,1445,4,1434,1449,15,15,1,1,1400-1459,0,,0,107,106,89,1,612,3,15,0,0,0,0,,,,0,,,,,,,,,,,,,,,,,,,,,,,,,,,,,,,,,,,,,,,,,,,,
2018,1,1,18,4,18/01/2018,B6,20409,B6,N535JB,1389,11618,1161802,31703,EWR,"Newark, NJ",NJ,34,New Jersey,21,14843,1484306,34819,SJU,"San Juan, PR",PR,72,Puerto Rico,3,2254,19,85,85,1,5,2200-2259,13,32,455,3,339,458,79,79,1,5,0001-0559,0,,0,225,219,203,1,1608,7,46,0,0,0,33,,,,0,,,,,,,,,,,,,,,,,,,,,,,,,,,,,,,,,,,,,,,,,,,,
2018,1,1,18,4,18/01/2018,B6,20409,B6,N957JB,1401,12478,1247805,31703,JFK,"New York, NY",NY,36,New York,22,11697,1169706,32467,FLL,"Fort Lauderdale, FL",FL,12,Florida,33,1620,1640,20,20,1,1,1600-1659,23,1703,1935,6,1942,1941,-1,0,0,-1,1900-1959,0,,0,202,181,152,1,1069,5,,,,,,,,,0,,,,,,,,,,,,,,,,,,,,,,,,,,,,,,,,,,,,,,,,,,,,
2018,1,1,18,4,18/01/2018,B6,20409,B6,N954JB,1403,12478,1247805,31703,JFK,"New York, NY",NY,36,New York,22,14843,1484306,34819,SJU,"San Juan, PR",PR,72,Puerto Rico,3,600,556,-4,0,0,-1,0600-0659,14,610,1039,6,1044,1045,1,1,0,0,1000-1059,0,,0,224,229,209,1,1598,7,,,,,,,,,0,,,,,,,,,,,,,,,,,,,,,,,,,,,,,,,,,,,,,,,,,,,,
2018,1,1,18,4,18/01/2018,B6,20409,B6,N954JB,1404,14843,1484306,34819,SJU,"San Juan, PR",PR,72,Puerto Rico,3,12478,1247805,31703,JFK,"New York, NY",NY,36,New York,22,1144,1138,-6,0,0,-1,1100-1159,17,1155,1421,4,1446,1425,-21,0,0,-2,1400-1459,0,,0,242,227,206,1,1598,7,,,,,,,,,0,,,,,,,,,,,,,,,,,,,,,,,,,,,,,,,,,,,,,,,,,,,,
2018,1,1,18,4,18/01/2018,B6,20409,B6,N178JB,1407,12478,1247805,31703,JFK,"New York, NY",NY,36,New York,22,12264,1226402,30852,IAD,"Washington, DC",VA,51,Virginia,38,959,954,-5,0,0,-1,0900-0959,23,1017,1059,4,1120,1103,-17,0,0,-2,1100-1159,0,,0,81,69,42,1,228,1,,,,,,,,,0,,,,,,,,,,,,,,,,,,,,,,,,,,,,,,,,,,,,,,,,,,,,
2018,1,1,18,4,18/01/2018,B6,20409,B6,N184JB,1410,12451,1245102,31136,JAX,"Jacksonville, FL",FL,12,Florida,33,10721,1072102,30721,BOS,"Boston, MA",MA,25,Massachusetts,13,1806,1754,-12,0,0,-1,1800-1859,14,1808,2017,5,2036,2022,-14,0,0,-1,2000-2059,0,,0,150,148,129,1,1010,5,,,,,,,,,0,,,,,,,,,,,,,,,,,,,,,,,,,,,,,,,,,,,,,,,,,,,,
2018,1,1,18,4,18/01/2018,B6,20409,B6,N929JB,1415,12478,1247805,31703,JFK,"New York, NY",NY,36,New York,22,14771,1477104,32457,SFO,"San Francisco, CA",CA,6,California,91,2005,2001,-4,0,0,-1,2000-2059,23,2024,2303,11,2355,2314,-41,0,0,-2,2300-2359,0,,0,410,373,339,1,2586,11,,,,,,,,,0,,,,,,,,,,,,,,,,,,,,,,,,,,,,,,,,,,,,,,,,,,,,
2018,1,1,18,4,18/01/2018,B6,20409,B6,N766JB,1416,12954,1295406,32575,LGB,"Long Beach, CA",CA,6,California,91,10423,1042302,30423,AUS,"Austin, TX",TX,48,Texas,74,1222,1218,-4,0,0,-1,1200-1259,17,1235,1718,7,1707,1725,18,18,1,1,1700-1759,0,,0,165,187,163,1,1226,5,0,0,18,0,0,,,,0,,,,,,,,,,,,,,,,,,,,,,,,,,,,,,,,,,,,,,,,,,,,
2018,1,1,18,4,18/01/2018,B6,20409,B6,N766JB,1417,10423,1042302,30423,AUS,"Austin, TX",TX,48,Texas,74,12954,1295406,32575,LGB,"Long Beach, CA",CA,6,California,91,1747,1809,22,22,1,1,1700-1759,14,1823,1858,4,1902,1902,0,0,0,0,1900-1959,0,,0,195,173,155,1,1226,5,,,,,,,,,0,,,,,,,,,,,,,,,,,,,,,,,,,,,,,,,,,,,,,,,,,,,,
2018,1,1,18,4,18/01/2018,B6,20409,B6,N651JB,1422,13495,1349505,33495,MSY,"New Orleans, LA",LA,22,Louisiana,72,11697,1169706,32467,FLL,"Fort Lauderdale, FL",FL,12,Florida,33,922,931,9,9,0,0,0900-0959,9,940,1208,3,1209,1211,2,2,0,0,1200-1259,0,,0,107,100,88,1,674,3,,,,,,,,,0,,,,,,,,,,,,,,,,,,,,,,,,,,,,,,,,,,,,,,,,,,,,
2018,1,1,18,4,18/01/2018,B6,20409,B6,N651JB,1423,11697,1169706,32467,FLL,"Fort Lauderdale, FL",FL,12,Florida,33,13495,1349505,33495,MSY,"New Orleans, LA",LA,22,Louisiana,72,728,754,26,26,1,1,0700-0759,13,807,846,5,842,851,9,9,0,0,0800-0859,0,,0,134,117,99,1,674,3,,,,,,,,,0,,,,,,,,,,,,,,,,,,,,,,,,,,,,,,,,,,,,,,,,,,,,
2018,1,1,18,4,18/01/2018,B6,20409,B6,N976JB,1424,12892,1289208,32575,LAX,"Los Angeles, CA",CA,6,California,91,12478,1247805,31703,JFK,"New York, NY",NY,36,New York,22,2108,2108,0,0,0,0,2100-2159,20,2128,544,4,520,548,28,28,1,1,0001-0559,0,,0,312,340,316,1,2475,10,0,0,28,0,0,,,,0,,,,,,,,,,,,,,,,,,,,,,,,,,,,,,,,,,,,,,,,,,,,
2018,1,1,18,4,18/01/2018,B6,20409,B6,N292JB,1426,10821,1082106,30852,BWI,"Baltimore, MD",MD,24,Maryland,35,10721,1072102,30721,BOS,"Boston, MA",MA,25,Massachusetts,13,600,552,-8,0,0,-1,0600-0659,21,613,718,7,724,725,1,1,0,0,0700-0759,0,,0,84,93,65,1,369,2,,,,,,,,,0,,,,,,,,,,,,,,,,,,,,,,,,,,,,,,,,,,,,,,,,,,,,
2018,1,1,18,4,18/01/2018,B6,20409,B6,N323JB,1427,10721,1072102,30721,BOS,"Boston, MA",MA,25,Massachusetts,13,10821,1082106,30852,BWI,"Baltimore, MD",MD,24,Maryland,35,2048,2040,-8,0,0,-1,2000-2059,20,2100,2159,7,2218,2206,-12,0,0,-1,2200-2259,0,,0,90,86,59,1,369,2,,,,,,,,,0,,,,,,,,,,,,,,,,,,,,,,,,,,,,,,,,,,,,,,,,,,,,
2018,1,1,18,4,18/01/2018,B6,20409,B6,N375JB,1431,10721,1072102,30721,BOS,"Boston, MA",MA,25,Massachusetts,13,12953,1295304,31703,LGA,"New York, NY",NY,36,New York,22,1940,2004,24,24,1,1,1900-1959,29,2033,2118,5,2104,2123,19,19,1,1,2100-2159,0,,0,84,79,45,1,184,1,0,0,19,0,0,,,,0,,,,,,,,,,,,,,,,,,,,,,,,,,,,,,,,,,,,,,,,,,,,
2018,1,1,18,4,18/01/2018,B6,20409,B6,N184JB,1432,12953,1295304,31703,LGA,"New York, NY",NY,36,New York,22,10721,1072102,30721,BOS,"Boston, MA",MA,25,Massachusetts,13,630,619,-11,0,0,-1,0600-0659,17,636,711,3,743,714,-29,0,0,-2,0700-0759,0,,0,73,55,35,1,184,1,,,,,,,,,0,,,,,,,,,,,,,,,,,,,,,,,,,,,,,,,,,,,,,,,,,,,,
2018,1,1,18,4,18/01/2018,B6,20409,B6,N703JB,1435,14771,1477104,32457,SFO,"San Francisco, CA",CA,6,California,91,12954,1295406,32575,LGB,"Long Beach, CA",CA,6,California,91,1250,1424,94,94,1,6,1200-1259,14,1438,1538,3,1413,1541,88,88,1,5,1400-1459,0,,0,83,77,60,1,354,2,88,0,0,0,0,,,,0,,,,,,,,,,,,,,,,,,,,,,,,,,,,,,,,,,,,,,,,,,,,
2018,1,1,18,4,18/01/2018,B6,20409,B6,N597JB,1436,12954,1295406,32575,LGB,"Long Beach, CA",CA,6,California,91,14771,1477104,32457,SFO,"San Francisco, CA",CA,6,California,91,2034,2035,1,1,0,0,2000-2059,37,2112,2214,6,2159,2220,21,21,1,1,2100-2159,0,,0,85,105,62,1,354,2,1,0,20,0,0,,,,0,,,,,,,,,,,,,,,,,,,,,,,,,,,,,,,,,,,,,,,,,,,,
2018,1,1,18,4,18/01/2018,B6,20409,B6,N708JB,1443,11618,1161802,31703,EWR,"Newark, NJ",NJ,34,New Jersey,21,14027,1402702,34027,PBI,"West Palm Beach/Palm Beach, FL",FL,12,Florida,33,2100,9,189,189,1,12,2100-2159,16,25,251,8,2355,259,184,184,1,12,2300-2359,0,,0,175,170,146,1,1023,5,83,0,0,0,101,,,,0,,,,,,,,,,,,,,,,,,,,,,,,,,,,,,,,,,,,,,,,,,,,
2018,1,1,18,4,18/01/2018,B6,20409,B6,N653JB,1444,14027,1402702,34027,PBI,"West Palm Beach/Palm Beach, FL",FL,12,Florida,33,11618,1161802,31703,EWR,"Newark, NJ",NJ,34,New Jersey,21,1957,2113,76,76,1,5,1900-1959,16,2129,2349,13,2243,2,79,79,1,5,2200-2259,0,,0,166,169,140,1,1023,5,0,0,3,0,76,,,,0,,,,,,,,,,,,,,,,,,,,,,,,,,,,,,,,,,,,,,,,,,,,
2018,1,1,18,4,18/01/2018,B6,20409,B6,N238JB,1445,10721,1072102,30721,BOS,"Boston, MA",MA,25,Massachusetts,13,11057,1105703,31057,CLT,"Charlotte, NC",NC,37,North Carolina,36,1443,1433,-10,0,0,-1,1400-1459,15,1448,1637,6,1714,1643,-31,0,0,-2,1700-1759,0,,0,151,130,109,1,728,3,,,,,,,,,0,,,,,,,,,,,,,,,,,,,,,,,,,,,,,,,,,,,,,,,,,,,,
2018,1,1,18,4,18/01/2018,B6,20409,B6,N238JB,1446,11057,1105703,31057,CLT,"Charlotte, NC",NC,37,North Carolina,36,10721,1072102,30721,BOS,"Boston, MA",MA,25,Massachusetts,13,1749,1732,-17,0,0,-2,1700-1759,17,1749,1925,6,1955,1931,-24,0,0,-2,1900-1959,0,,0,126,119,96,1,728,3,,,,,,,,,0,,,,,,,,,,,,,,,,,,,,,,,,,,,,,,,,,,,,,,,,,,,,
2018,1,1,18,4,18/01/2018,B6,20409,B6,N334JB,1447,12197,1219702,31703,HPN,"White Plains, NY",NY,36,New York,22,15304,1530402,33195,TPA,"Tampa, FL",FL,12,Florida,33,1438,1435,-3,0,0,-1,1400-1459,12,1447,1708,6,1738,1714,-24,0,0,-2,1700-1759,0,,0,180,159,141,1,1032,5,,,,,,,,,0,,,,,,,,,,,,,,,,,,,,,,,,,,,,,,,,,,,,,,,,,,,,
2018,1,1,18,4,18/01/2018,B6,20409,B6,N504JB,1451,10721,1072102,30721,BOS,"Boston, MA",MA,25,Massachusetts,13,13204,1320402,31454,MCO,"Orlando, FL",FL,12,Florida,33,1707,1657,-10,0,0,-1,1700-1759,18,1715,1949,13,2033,2002,-31,0,0,-2,2000-2059,0,,0,206,185,154,1,1121,5,,,,,,,,,0,,,,,,,,,,,,,,,,,,,,,,,,,,,,,,,,,,,,,,,,,,,,
2018,1,1,18,4,18/01/2018,B6,20409,B6,N709JB,1454,14843,1484306,34819,SJU,"San Juan, PR",PR,72,Puerto Rico,3,11697,1169706,32467,FLL,"Fort Lauderdale, FL",FL,12,Florida,33,1110,1109,-1,0,0,-1,1100-1159,16,1125,1248,4,1300,1252,-8,0,0,-1,1300-1359,0,,0,170,163,143,1,1046,5,,,,,,,,,0,,,,,,,,,,,,,,,,,,,,,,,,,,,,,,,,,,,,,,,,,,,,
2018,1,1,18,4,18/01/2018,B6,20409,B6,N605JB,1459,10529,1052906,30529,BDL,"Hartford, CT",CT,9,Connecticut,11,11697,1169706,32467,FLL,"Fort Lauderdale, FL",FL,12,Florida,33,1710,1729,19,19,1,1,1700-1759,15,1744,2035,7,2027,2042,15,15,1,1,2000-2059,0,,0,197,193,171,1,1173,5,5,0,0,0,10,,,,0,,,,,,,,,,,,,,,,,,,,,,,,,,,,,,,,,,,,,,,,,,,,
2018,1,1,18,4,18/01/2018,B6,20409,B6,N536JB,1460,11697,1169706,32467,FLL,"Fort Lauderdale, FL",FL,12,Florida,33,10529,1052906,30529,BDL,"Hartford, CT",CT,9,Connecticut,11,700,654,-6,0,0,-1,0700-0759,18,712,953,8,953,1001,8,8,0,0,0900-0959,0,,0,173,187,161,1,1173,5,,,,,,,,,0,,,,,,,,,,,,,,,,,,,,,,,,,,,,,,,,,,,,,,,,,,,,
2018,1,1,18,4,18/01/2018,B6,20409,B6,N579JB,1472,11697,1169706,32467,FLL,"Fort Lauderdale, FL",FL,12,Florida,33,12953,1295304,31703,LGA,"New York, NY",NY,36,New York,22,2037,2125,48,48,1,3,2000-2059,23,2148,2,5,2328,7,39,39,1,2,2300-2359,0,,0,171,162,134,1,1076,5,0,0,0,31,8,,,,0,,,,,,,,,,,,,,,,,,,,,,,,,,,,,,,,,,,,,,,,,,,,
2018,1,1,18,4,18/01/2018,B6,20409,B6,N591JB,1479,11278,1127805,30852,DCA,"Washington, DC",VA,51,Virginia,38,11697,1169706,32467,FLL,"Fort Lauderdale, FL",FL,12,Florida,33,2001,2014,13,13,0,0,2000-2059,26,2040,2258,5,2238,2303,25,25,1,1,2200-2259,0,,0,157,169,138,1,899,4,13,0,12,0,0,,,,0,,,,,,,,,,,,,,,,,,,,,,,,,,,,,,,,,,,,,,,,,,,,
2018,1,1,18,4,18/01/2018,B6,20409,B6,N348JB,1480,11697,1169706,32467,FLL,"Fort Lauderdale, FL",FL,12,Florida,33,11278,1127805,30852,DCA,"Washington, DC",VA,51,Virginia,38,959,954,-5,0,0,-1,0900-0959,16,1010,1212,4,1224,1216,-8,0,0,-1,1200-1259,0,,0,145,142,122,1,899,4,,,,,,,,,0,,,,,,,,,,,,,,,,,,,,,,,,,,,,,,,,,,,,,,,,,,,,
2018,1,1,18,4,18/01/2018,B6,20409,B6,N258JB,1481,10721,1072102,30721,BOS,"Boston, MA",MA,25,Massachusetts,13,14524,1452401,34524,RIC,"Richmond, VA",VA,51,Virginia,38,610,602,-8,0,0,-1,0600-0659,41,643,800,4,805,804,-1,0,0,-1,0800-0859,0,,0,115,122,77,1,474,2,,,,,,,,,0,,,,,,,,,,,,,,,,,,,,,,,,,,,,,,,,,,,,,,,,,,,,
2018,1,1,18,4,18/01/2018,B6,20409,B6,N309JB,1482,14524,1452401,34524,RIC,"Richmond, VA",VA,51,Virginia,38,10721,1072102,30721,BOS,"Boston, MA",MA,25,Massachusetts,13,1302,1247,-15,0,0,-1,1300-1359,8,1255,1409,9,1432,1418,-14,0,0,-1,1400-1459,0,,0,90,91,74,1,474,2,,,,,,,,,0,,,,,,,,,,,,,,,,,,,,,,,,,,,,,,,,,,,,,,,,,,,,
2018,1,1,18,4,18/01/2018,B6,20409,B6,N238JB,1485,10721,1072102,30721,BOS,"Boston, MA",MA,25,Massachusetts,13,14122,1412202,30198,PIT,"Pittsburgh, PA",PA,42,Pennsylvania,23,950,948,-2,0,0,-1,0900-0959,20,1008,1121,7,1145,1128,-17,0,0,-2,1100-1159,0,,0,115,100,73,1,496,2,,,,,,,,,0,,,,,,,,,,,,,,,,,,,,,,,,,,,,,,,,,,,,,,,,,,,,
2018,1,1,18,4,18/01/2018,B6,20409,B6,N238JB,1486,14122,1412202,30198,PIT,"Pittsburgh, PA",PA,42,Pennsylvania,23,10721,1072102,30721,BOS,"Boston, MA",MA,25,Massachusetts,13,1220,1212,-8,0,0,-1,1200-1259,13,1225,1341,6,1355,1347,-8,0,0,-1,1300-1359,0,,0,95,95,76,1,496,2,,,,,,,,,0,,,,,,,,,,,,,,,,,,,,,,,,,,,,,,,,,,,,,,,,,,,,
2018,1,1,18,4,18/01/2018,B6,20409,B6,N198JB,1494,13204,1320402,31454,MCO,"Orlando, FL",FL,12,Florida,33,12197,1219702,31703,HPN,"White Plains, NY",NY,36,New York,22,1055,1106,11,11,0,0,1000-1059,16,1122,1337,3,1337,1340,3,3,0,0,1300-1359,0,,0,162,154,135,1,972,4,,,,,,,,,0,,,,,,,,,,,,,,,,,,,,,,,,,,,,,,,,,,,,,,,,,,,,
2018,1,1,18,4,18/01/2018,B6,20409,B6,N970JB,1502,11697,1169706,32467,FLL,"Fort Lauderdale, FL",FL,12,Florida,33,12478,1247805,31703,JFK,"New York, NY",NY,36,New York,22,600,547,-13,0,0,-1,0600-0659,27,614,828,10,848,838,-10,0,0,-1,0800-0859,0,,0,168,171,134,1,1069,5,,,,,,,,,0,,,,,,,,,,,,,,,,,,,,,,,,,,,,,,,,,,,,,,,,,,,,
2018,1,1,18,4,18/01/2018,B6,20409,B6,N966JB,1503,12478,1247805,31703,JFK,"New York, NY",NY,36,New York,22,14843,1484306,34819,SJU,"San Juan, PR",PR,72,Puerto Rico,3,2359,19,20,20,1,1,2300-2359,18,37,450,8,443,458,15,15,1,1,0001-0559,0,,0,224,219,193,1,1598,7,15,0,0,0,0,,,,0,,,,,,,,,,,,,,,,,,,,,,,,,,,,,,,,,,,,,,,,,,,,
2018,1,1,18,4,18/01/2018,B6,20409,B6,N966JB,1504,14843,1484306,34819,SJU,"San Juan, PR",PR,72,Puerto Rico,3,12478,1247805,31703,JFK,"New York, NY",NY,36,New York,22,700,650,-10,0,0,-1,0700-0759,14,704,925,4,1002,929,-33,0,0,-2,1000-1059,0,,0,242,219,201,1,1598,7,,,,,,,,,0,,,,,,,,,,,,,,,,,,,,,,,,,,,,,,,,,,,,,,,,,,,,
2018,1,1,18,4,18/01/2018,B6,20409,B6,N663JB,1505,11618,1161802,31703,EWR,"Newark, NJ",NJ,34,New Jersey,21,11697,1169706,32467,FLL,"Fort Lauderdale, FL",FL,12,Florida,33,600,601,1,1,0,0,0600-0659,22,623,848,5,904,853,-11,0,0,-1,0900-0959,0,,0,184,172,145,1,1065,5,,,,,,,,,0,,,,,,,,,,,,,,,,,,,,,,,,,,,,,,,,,,,,,,,,,,,,
2018,1,1,18,4,18/01/2018,B6,20409,B6,N324JB,1507,12478,1247805,31703,JFK,"New York, NY",NY,36,New York,22,12264,1226402,30852,IAD,"Washington, DC",VA,51,Virginia,38,2155,2154,-1,0,0,-1,2100-2159,17,2211,2300,3,2312,2303,-9,0,0,-1,2300-2359,0,,0,77,69,49,1,228,1,,,,,,,,,0,,,,,,,,,,,,,,,,,,,,,,,,,,,,,,,,,,,,,,,,,,,,
2018,1,1,18,4,18/01/2018,B6,20409,B6,N608JB,1511,11618,1161802,31703,EWR,"Newark, NJ",NJ,34,New Jersey,21,14635,1463502,31714,RSW,"Fort Myers, FL",FL,12,Florida,33,1746,1845,59,59,1,3,1700-1759,21,1906,2146,6,2101,2152,51,51,1,3,2100-2159,0,,0,195,187,160,1,1068,5,3,0,0,0,48,,,,0,,,,,,,,,,,,,,,,,,,,,,,,,,,,,,,,,,,,,,,,,,,,
2018,1,1,18,4,18/01/2018,B6,20409,B6,N608JB,1512,14635,1463502,31714,RSW,"Fort Myers, FL",FL,12,Florida,33,11618,1161802,31703,EWR,"Newark, NJ",NJ,34,New Jersey,21,2141,2225,44,44,1,2,2100-2159,9,2234,41,10,26,51,25,25,1,1,0001-0559,0,,0,165,146,127,1,1068,5,0,0,0,0,25,,,,0,,,,,,,,,,,,,,,,,,,,,,,,,,,,,,,,,,,,,,,,,,,,
2018,1,1,18,4,18/01/2018,B6,20409,B6,N945JB,1516,14771,1477104,32457,SFO,"San Francisco, CA",CA,6,California,91,12478,1247805,31703,JFK,"New York, NY",NY,36,New York,22,2350,2349,-1,0,0,-1,2300-2359,17,6,749,9,815,758,-17,0,0,-2,0800-0859,0,,0,325,309,283,1,2586,11,,,,,,,,,0,,,,,,,,,,,,,,,,,,,,,,,,,,,,,,,,,,,,,,,,,,,,
2018,1,1,18,4,18/01/2018,B6,20409,B6,N597JB,1521,14057,1405702,34057,PDX,"Portland, OR",OR,41,Oregon,92,12954,1295406,32575,LGB,"Long Beach, CA",CA,6,California,91,1332,1326,-6,0,0,-1,1300-1359,12,1338,1548,3,1549,1551,2,2,0,0,1500-1559,0,,0,137,145,130,1,846,4,,,,,,,,,0,,,,,,,,,,,,,,,,,,,,,,,,,,,,,,,,,,,,,,,,,,,,
2018,1,1,18,4,18/01/2018,B6,20409,B6,N597JB,1522,12954,1295406,32575,LGB,"Long Beach, CA",CA,6,California,91,14057,1405702,34057,PDX,"Portland, OR",OR,41,Oregon,92,1024,1017,-7,0,0,-1,1000-1059,10,1027,1220,4,1248,1224,-24,0,0,-2,1200-1259,0,,0,144,127,113,1,846,4,,,,,,,,,0,,,,,,,,,,,,,,,,,,,,,,,,,,,,,,,,,,,,,,,,,,,,
2018,1,1,18,4,18/01/2018,B6,20409,B6,N984JB,1523,12478,1247805,31703,JFK,"New York, NY",NY,36,New York,22,12892,1289208,32575,LAX,"Los Angeles, CA",CA,6,California,91,1635,1637,2,2,0,0,1600-1659,23,1700,1909,8,2004,1917,-47,0,0,-2,2000-2059,0,,0,389,340,309,1,2475,10,,,,,,,,,0,,,,,,,,,,,,,,,,,,,,,,,,,,,,,,,,,,,,,,,,,,,,
2018,1,1,18,4,18/01/2018,B6,20409,B6,N249JB,1526,10821,1082106,30852,BWI,"Baltimore, MD",MD,24,Maryland,35,10721,1072102,30721,BOS,"Boston, MA",MA,25,Massachusetts,13,1554,,,,,,1500-1559,,,,,1716,,,,,,1700-1759,1,A,0,82,,,1,369,2,,,,,,,,,0,,,,,,,,,,,,,,,,,,,,,,,,,,,,,,,,,,,,,,,,,,,,
2018,1,1,18,4,18/01/2018,B6,20409,B6,N580JB,1527,11618,1161802,31703,EWR,"Newark, NJ",NJ,34,New Jersey,21,13204,1320402,31454,MCO,"Orlando, FL",FL,12,Florida,33,1332,1329,-3,0,0,-1,1300-1359,12,1341,1549,11,1624,1600,-24,0,0,-2,1600-1659,0,,0,172,151,128,1,937,4,,,,,,,,,0,,,,,,,,,,,,,,,,,,,,,,,,,,,,,,,,,,,,,,,,,,,,
2018,1,1,18,4,18/01/2018,B6,20409,B6,N607JB,1534,15304,1530402,33195,TPA,"Tampa, FL",FL,12,Florida,33,10529,1052906,30529,BDL,"Hartford, CT",CT,9,Connecticut,11,1748,1745,-3,0,0,-1,1700-1759,21,1806,2030,4,2030,2034,4,4,0,0,2000-2059,0,,0,162,169,144,1,1111,5,,,,,,,,,0,,,,,,,,,,,,,,,,,,,,,,,,,,,,,,,,,,,,,,,,,,,,
2018,1,1,18,4,18/01/2018,B6,20409,B6,N794JB,1567,12197,1219702,31703,HPN,"White Plains, NY",NY,36,New York,22,14027,1402702,34027,PBI,"West Palm Beach/Palm Beach, FL",FL,12,Florida,33,1130,1149,19,19,1,1,1100-1159,18,1207,1431,5,1431,1436,5,5,0,0,1400-1459,0,,0,181,167,144,1,1056,5,,,,,,,,,0,,,,,,,,,,,,,,,,,,,,,,,,,,,,,,,,,,,,,,,,,,,,
2018,1,1,18,4,18/01/2018,B6,20409,B6,N535JB,1572,11697,1169706,32467,FLL,"Fort Lauderdale, FL",FL,12,Florida,33,12953,1295304,31703,LGA,"New York, NY",NY,36,New York,22,1110,1141,31,31,1,2,1100-1159,12,1153,1422,4,1408,1426,18,18,1,1,1400-1459,0,,0,178,165,149,1,1076,5,18,0,0,0,0,,,,0,,,,,,,,,,,,,,,,,,,,,,,,,,,,,,,,,,,,,,,,,,,,
2018,1,1,18,4,18/01/2018,B6,20409,B6,N373JB,1579,11278,1127805,30852,DCA,"Washington, DC",VA,51,Virginia,38,11697,1169706,32467,FLL,"Fort Lauderdale, FL",FL,12,Florida,33,1020,1050,30,30,1,2,1000-1059,19,1109,1317,7,1307,1324,17,17,1,1,1300-1359,0,,0,167,154,128,1,899,4,6,0,0,0,11,,,,0,,,,,,,,,,,,,,,,,,,,,,,,,,,,,,,,,,,,,,,,,,,,
2018,1,1,18,4,18/01/2018,B6,20409,B6,N591JB,1580,11697,1169706,32467,FLL,"Fort Lauderdale, FL",FL,12,Florida,33,11278,1127805,30852,DCA,"Washington, DC",VA,51,Virginia,38,1646,1649,3,3,0,0,1600-1659,16,1705,1915,4,1921,1919,-2,0,0,-1,1900-1959,0,,0,155,150,130,1,899,4,,,,,,,,,0,,,,,,,,,,,,,,,,,,,,,,,,,,,,,,,,,,,,,,,,,,,,
2018,1,1,18,4,18/01/2018,B6,20409,B6,N339JB,1581,11278,1127805,30852,DCA,"Washington, DC",VA,51,Virginia,38,14635,1463502,31714,RSW,"Fort Myers, FL",FL,12,Florida,33,825,815,-10,0,0,-1,0800-0859,12,827,1039,4,1106,1043,-23,0,0,-2,1100-1159,0,,0,161,148,132,1,892,4,,,,,,,,,0,,,,,,,,,,,,,,,,,,,,,,,,,,,,,,,,,,,,,,,,,,,,
2018,1,1,18,4,18/01/2018,B6,20409,B6,N339JB,1582,14635,1463502,31714,RSW,"Fort Myers, FL",FL,12,Florida,33,11278,1127805,30852,DCA,"Washington, DC",VA,51,Virginia,38,1141,1132,-9,0,0,-1,1100-1159,10,1142,1347,3,1358,1350,-8,0,0,-1,1300-1359,0,,0,137,138,125,1,892,4,,,,,,,,,0,,,,,,,,,,,,,,,,,,,,,,,,,,,,,,,,,,,,,,,,,,,,
2018,1,1,18,4,18/01/2018,B6,20409,B6,N184JB,1583,10721,1072102,30721,BOS,"Boston, MA",MA,25,Massachusetts,13,14492,1449202,34492,RDU,"Raleigh/Durham, NC",NC,37,North Carolina,36,2112,2103,-9,0,0,-1,2100-2159,16,2119,2251,4,2317,2255,-22,0,0,-2,2300-2359,0,,0,125,112,92,1,612,3,,,,,,,,,0,,,,,,,,,,,,,,,,,,,,,,,,,,,,,,,,,,,,,,,,,,,,
2018,1,1,18,4,18/01/2018,B6,20409,B6,N354JB,1585,10721,1072102,30721,BOS,"Boston, MA",MA,25,Massachusetts,13,14122,1412202,30198,PIT,"Pittsburgh, PA",PA,42,Pennsylvania,23,1224,1223,-1,0,0,-1,1200-1259,14,1237,1352,4,1417,1356,-21,0,0,-2,1400-1459,0,,0,113,93,75,1,496,2,,,,,,,,,0,,,,,,,,,,,,,,,,,,,,,,,,,,,,,,,,,,,,,,,,,,,,
2018,1,1,18,4,18/01/2018,B6,20409,B6,N640JB,1586,13204,1320402,31454,MCO,"Orlando, FL",FL,12,Florida,33,10792,1079206,30792,BUF,"Buffalo, NY",NY,36,New York,22,1330,1324,-6,0,0,-1,1300-1359,14,1338,1551,5,1608,1556,-12,0,0,-1,1600-1659,0,,0,158,152,133,1,1011,5,,,,,,,,,0,,,,,,,,,,,,,,,,,,,,,,,,,,,,,,,,,,,,,,,,,,,,
2018,1,1,18,4,18/01/2018,B6,20409,B6,N663JB,1590,11697,1169706,32467,FLL,"Fort Lauderdale, FL",FL,12,Florida,33,11433,1143302,31295,DTW,"Detroit, MI",MI,26,Michigan,43,2021,2059,38,38,1,2,2000-2059,21,2120,2346,13,2324,2359,35,35,1,2,2300-2359,0,,0,183,180,146,1,1127,5,16,0,0,19,0,,,,0,,,,,,,,,,,,,,,,,,,,,,,,,,,,,,,,,,,,,,,,,,,,
2018,1,1,18,4,18/01/2018,B6,20409,B6,N913JB,1602,11697,1169706,32467,FLL,"Fort Lauderdale, FL",FL,12,Florida,33,12478,1247805,31703,JFK,"New York, NY",NY,36,New York,22,1858,1859,1,1,0,0,1800-1859,23,1922,2201,6,2150,2207,17,17,1,1,2100-2159,0,,0,172,188,159,1,1069,5,1,0,16,0,0,,,,0,,,,,,,,,,,,,,,,,,,,,,,,,,,,,,,,,,,,,,,,,,,,
2018,1,1,18,4,18/01/2018,B6,20409,B6,N943JB,1611,12478,1247805,31703,JFK,"New York, NY",NY,36,New York,22,12889,1288903,32211,LAS,"Las Vegas, NV",NV,32,Nevada,85,730,726,-4,0,0,-1,0700-0759,23,749,932,6,1027,938,-49,0,0,-2,1000-1059,0,,0,357,312,283,1,2248,9,,,,,,,,,0,,,,,,,,,,,,,,,,,,,,,,,,,,,,,,,,,,,,,,,,,,,,
2018,1,1,18,4,18/01/2018,B6,20409,B6,N317JB,1615,10721,1072102,30721,BOS,"Boston, MA",MA,25,Massachusetts,13,10792,1079206,30792,BUF,"Buffalo, NY",NY,36,New York,22,2054,2132,38,38,1,2,2000-2059,19,2151,2257,3,2229,2300,31,31,1,2,2200-2259,0,,0,95,88,66,1,395,2,13,0,0,0,18,,,,0,,,,,,,,,,,,,,,,,,,,,,,,,,,,,,,,,,,,,,,,,,,,
2018,1,1,18,4,18/01/2018,B6,20409,B6,N292JB,1616,10792,1079206,30792,BUF,"Buffalo, NY",NY,36,New York,22,10721,1072102,30721,BOS,"Boston, MA",MA,25,Massachusetts,13,1842,1834,-8,0,0,-1,1800-1859,13,1847,1948,10,2006,1958,-8,0,0,-1,2000-2059,0,,0,84,84,61,1,395,2,,,,,,,,,0,,,,,,,,,,,,,,,,,,,,,,,,,,,,,,,,,,,,,,,,,,,,
2018,1,1,18,4,18/01/2018,B6,20409,B6,N987JB,1623,12478,1247805,31703,JFK,"New York, NY",NY,36,New York,22,12892,1289208,32575,LAX,"Los Angeles, CA",CA,6,California,91,1910,1905,-5,0,0,-1,1900-1959,13,1918,2134,21,2244,2155,-49,0,0,-2,2200-2259,0,,0,394,350,316,1,2475,10,,,,,,,,,0,,,,,,,,,,,,,,,,,,,,,,,,,,,,,,,,,,,,,,,,,,,,
2018,1,1,18,4,18/01/2018,B6,20409,B6,N565JB,1625,14831,1483106,32457,SJC,"San Jose, CA",CA,6,California,91,12954,1295406,32575,LGB,"Long Beach, CA",CA,6,California,91,1310,1300,-10,0,0,-1,1300-1359,10,1310,1405,3,1425,1408,-17,0,0,-2,1400-1459,0,,0,75,68,55,1,324,2,,,,,,,,,0,,,,,,,,,,,,,,,,,,,,,,,,,,,,,,,,,,,,,,,,,,,,
2018,1,1,18,4,18/01/2018,B6,20409,B6,N565JB,1626,12954,1295406,32575,LGB,"Long Beach, CA",CA,6,California,91,14831,1483106,32457,SJC,"San Jose, CA",CA,6,California,91,1112,1104,-8,0,0,-1,1100-1159,13,1117,1212,7,1230,1219,-11,0,0,-1,1200-1259,0,,0,78,75,55,1,324,2,,,,,,,,,0,,,,,,,,,,,,,,,,,,,,,,,,,,,,,,,,,,,,,,,,,,,,
2018,1,1,18,4,18/01/2018,B6,20409,B6,N763JB,1631,14869,1486903,34614,SLC,"Salt Lake City, UT",UT,49,Utah,87,12954,1295406,32575,LGB,"Long Beach, CA",CA,6,California,91,1407,1414,7,7,0,0,1400-1459,13,1427,1457,3,1501,1500,-1,0,0,-1,1500-1559,0,,0,114,106,90,1,588,3,,,,,,,,,0,,,,,,,,,,,,,,,,,,,,,,,,,,,,,,,,,,,,,,,,,,,,
2018,1,1,18,4,18/01/2018,B6,20409,B6,N763JB,1632,12954,1295406,32575,LGB,"Long Beach, CA",CA,6,California,91,14869,1486903,34614,SLC,"Salt Lake City, UT",UT,49,Utah,87,1044,1039,-5,0,0,-1,1000-1059,9,1048,1320,2,1327,1322,-5,0,0,-1,1300-1359,0,,0,103,103,92,1,588,3,,,,,,,,,0,,,,,,,,,,,,,,,,,,,,,,,,,,,,,,,,,,,,,,,,,,,,
2018,1,1,18,4,18/01/2018,B6,20409,B6,N267JB,1633,10785,1078502,30785,BTV,"Burlington, VT",VT,50,Vermont,16,12478,1247805,31703,JFK,"New York, NY",NY,36,New York,22,1056,1047,-9,0,0,-1,1000-1059,22,1109,1159,5,1218,1204,-14,0,0,-1,1200-1259,0,,0,82,77,50,1,266,2,,,,,,,,,0,,,,,,,,,,,,,,,,,,,,,,,,,,,,,,,,,,,,,,,,,,,,
2018,1,1,18,4,18/01/2018,B6,20409,B6,N267JB,1634,12478,1247805,31703,JFK,"New York, NY",NY,36,New York,22,10785,1078502,30785,BTV,"Burlington, VT",VT,50,Vermont,16,858,852,-6,0,0,-1,0800-0859,16,908,958,4,1021,1002,-19,0,0,-2,1000-1059,0,,0,83,70,50,1,266,2,,,,,,,,,0,,,,,,,,,,,,,,,,,,,,,,,,,,,,,,,,,,,,,,,,,,,,
2018,1,1,18,4,18/01/2018,B6,20409,B6,N763JB,1635,14771,1477104,32457,SFO,"San Francisco, CA",CA,6,California,91,12954,1295406,32575,LGB,"Long Beach, CA",CA,6,California,91,1756,1813,17,17,1,1,1700-1759,29,1842,1942,3,1916,1945,29,29,1,1,1900-1959,0,,0,80,92,60,1,354,2,0,0,12,0,17,,,,0,,,,,,,,,,,,,,,,,,,,,,,,,,,,,,,,,,,,,,,,,,,,
2018,1,1,18,4,18/01/2018,B6,20409,B6,N519JB,1667,10721,1072102,30721,BOS,"Boston, MA",MA,25,Massachusetts,13,10994,1099402,30994,CHS,"Charleston, SC",SC,45,South Carolina,37,919,930,11,11,0,0,0900-0959,15,945,1137,8,1200,1145,-15,0,0,-1,1200-1259,0,,0,161,135,112,1,818,4,,,,,,,,,0,,,,,,,,,,,,,,,,,,,,,,,,,,,,,,,,,,,,,,,,,,,,
2018,1,1,18,4,18/01/2018,B6,20409,B6,N519JB,1668,10994,1099402,30994,CHS,"Charleston, SC",SC,45,South Carolina,37,10721,1072102,30721,BOS,"Boston, MA",MA,25,Massachusetts,13,1240,1241,1,1,0,0,1200-1259,18,1259,1457,12,1452,1509,17,17,1,1,1400-1459,0,,0,132,148,118,1,818,4,1,0,16,0,0,,,,0,,,,,,,,,,,,,,,,,,,,,,,,,,,,,,,,,,,,,,,,,,,,
2018,1,1,18,4,18/01/2018,B6,20409,B6,N190JB,1677,12478,1247805,31703,JFK,"New York, NY",NY,36,New York,22,12451,1245102,31136,JAX,"Jacksonville, FL",FL,12,Florida,33,2030,2048,18,18,1,1,2000-2059,21,2109,2308,4,2311,2312,1,1,0,0,2300-2359,0,,0,161,144,119,1,828,4,,,,,,,,,0,,,,,,,,,,,,,,,,,,,,,,,,,,,,,,,,,,,,,,,,,,,,
2018,1,1,18,4,18/01/2018,B6,20409,B6,N324JB,1678,12451,1245102,31136,JAX,"Jacksonville, FL",FL,12,Florida,33,12478,1247805,31703,JFK,"New York, NY",NY,36,New York,22,545,542,-3,0,0,-1,0001-0559,14,556,737,17,757,754,-3,0,0,-1,0700-0759,0,,0,132,132,101,1,828,4,,,,,,,,,0,,,,,,,,,,,,,,,,,,,,,,,,,,,,,,,,,,,,,,,,,,,,
2018,1,1,18,4,18/01/2018,B6,20409,B6,N373JB,1680,11697,1169706,32467,FLL,"Fort Lauderdale, FL",FL,12,Florida,33,11278,1127805,30852,DCA,"Washington, DC",VA,51,Virginia,38,720,751,31,31,1,2,0700-0759,16,807,1006,3,945,1009,24,24,1,1,0900-0959,0,,0,145,138,119,1,899,4,24,0,0,0,0,,,,0,,,,,,,,,,,,,,,,,,,,,,,,,,,,,,,,,,,,,,,,,,,,
2018,1,1,18,4,18/01/2018,B6,20409,B6,N375JB,1685,10721,1072102,30721,BOS,"Boston, MA",MA,25,Massachusetts,13,14122,1412202,30198,PIT,"Pittsburgh, PA",PA,42,Pennsylvania,23,1454,1449,-5,0,0,-1,1400-1459,17,1506,1619,6,1645,1625,-20,0,0,-2,1600-1659,0,,0,111,96,73,1,496,2,,,,,,,,,0,,,,,,,,,,,,,,,,,,,,,,,,,,,,,,,,,,,,,,,,,,,,
2018,1,1,18,4,18/01/2018,B6,20409,B6,N375JB,1686,14122,1412202,30198,PIT,"Pittsburgh, PA",PA,42,Pennsylvania,23,10721,1072102,30721,BOS,"Boston, MA",MA,25,Massachusetts,13,1720,1708,-12,0,0,-1,1700-1759,9,1717,1830,8,1857,1838,-19,0,0,-2,1800-1859,0,,0,97,90,73,1,496,2,,,,,,,,,0,,,,,,,,,,,,,,,,,,,,,,,,,,,,,,,,,,,,,,,,,,,,
2018,1,1,18,4,18/01/2018,B6,20409,B6,N198JB,1694,13204,1320402,31454,MCO,"Orlando, FL",FL,12,Florida,33,12197,1219702,31703,HPN,"White Plains, NY",NY,36,New York,22,1741,1915,94,94,1,6,1700-1759,20,1935,2147,5,2017,2152,95,95,1,6,2000-2059,0,,0,156,157,132,1,972,4,11,0,1,0,83,,,,0,,,,,,,,,,,,,,,,,,,,,,,,,,,,,,,,,,,,,,,,,,,,
2018,1,1,18,4,18/01/2018,B6,20409,B6,N957JB,1701,12478,1247805,31703,JFK,"New York, NY",NY,36,New York,22,11697,1169706,32467,FLL,"Fort Lauderdale, FL",FL,12,Florida,33,805,817,12,12,0,0,0800-0859,20,837,1100,4,1119,1104,-15,0,0,-1,1100-1159,0,,0,194,167,143,1,1069,5,,,,,,,,,0,,,,,,,,,,,,,,,,,,,,,,,,,,,,,,,,,,,,,,,,,,,,
2018,1,1,18,4,18/01/2018,B6,20409,B6,N961JB,1715,12478,1247805,31703,JFK,"New York, NY",NY,36,New York,22,14771,1477104,32457,SFO,"San Francisco, CA",CA,6,California,91,2140,2134,-6,0,0,-1,2100-2159,26,2200,47,6,122,53,-29,0,0,-2,0001-0559,0,,0,402,379,347,1,2586,11,,,,,,,,,0,,,,,,,,,,,,,,,,,,,,,,,,,,,,,,,,,,,,,,,,,,,,
2018,1,1,18,4,18/01/2018,B6,20409,B6,N991JB,1723,12478,1247805,31703,JFK,"New York, NY",NY,36,New York,22,12892,1289208,32575,LAX,"Los Angeles, CA",CA,6,California,91,2135,2145,10,10,0,0,2100-2159,25,2210,17,6,102,23,-39,0,0,-2,0001-0559,0,,0,387,338,307,1,2475,10,,,,,,,,,0,,,,,,,,,,,,,,,,,,,,,,,,,,,,,,,,,,,,,,,,,,,,
2018,1,1,18,4,18/01/2018,B6,20409,B6,N570JB,1729,12478,1247805,31703,JFK,"New York, NY",NY,36,New York,22,14635,1463502,31714,RSW,"Fort Myers, FL",FL,12,Florida,33,1457,1448,-9,0,0,-1,1400-1459,32,1520,1759,7,1821,1806,-15,0,0,-1,1800-1859,0,,0,204,198,159,1,1074,5,,,,,,,,,0,,,,,,,,,,,,,,,,,,,,,,,,,,,,,,,,,,,,,,,,,,,,
2018,1,1,18,4,18/01/2018,B6,20409,B6,N570JB,1730,14635,1463502,31714,RSW,"Fort Myers, FL",FL,12,Florida,33,12478,1247805,31703,JFK,"New York, NY",NY,36,New York,22,1904,1855,-9,0,0,-1,1900-1959,13,1908,2139,9,2148,2148,0,0,0,0,2100-2159,0,,0,164,173,151,1,1074,5,,,,,,,,,0,,,,,,,,,,,,,,,,,,,,,,,,,,,,,,,,,,,,,,,,,,,,
2018,1,1,18,4,18/01/2018,B6,20409,B6,N197JB,1734,14027,1402702,34027,PBI,"West Palm Beach/Palm Beach, FL",FL,12,Florida,33,11278,1127805,30852,DCA,"Washington, DC",VA,51,Virginia,38,1257,1248,-9,0,0,-1,1200-1259,11,1259,1504,3,1516,1507,-9,0,0,-1,1500-1559,0,,0,139,139,125,1,857,4,,,,,,,,,0,,,,,,,,,,,,,,,,,,,,,,,,,,,,,,,,,,,,,,,,,,,,
2018,1,1,18,4,18/01/2018,B6,20409,B6,N328JB,1737,15096,1509602,35096,SYR,"Syracuse, NY",NY,36,New York,22,11697,1169706,32467,FLL,"Fort Lauderdale, FL",FL,12,Florida,33,820,817,-3,0,0,-1,0800-0859,28,845,1124,15,1201,1139,-22,0,0,-2,1200-1259,0,,0,221,202,159,1,1197,5,,,,,,,,,0,,,,,,,,,,,,,,,,,,,,,,,,,,,,,,,,,,,,,,,,,,,,
2018,1,1,18,4,18/01/2018,B6,20409,B6,N329JB,1738,11697,1169706,32467,FLL,"Fort Lauderdale, FL",FL,12,Florida,33,15096,1509602,35096,SYR,"Syracuse, NY",NY,36,New York,22,1900,1855,-5,0,0,-1,1900-1959,19,1914,2151,4,2202,2155,-7,0,0,-1,2200-2259,0,,0,182,180,157,1,1197,5,,,,,,,,,0,,,,,,,,,,,,,,,,,,,,,,,,,,,,,,,,,,,,,,,,,,,,
2018,1,1,18,4,18/01/2018,B6,20409,B6,N746JB,1776,14100,1410005,34100,PHL,"Philadelphia, PA",PA,42,Pennsylvania,23,10721,1072102,30721,BOS,"Boston, MA",MA,25,Massachusetts,13,900,1108,128,128,1,8,0900-0959,16,1124,1213,5,1022,1218,116,116,1,7,1000-1059,0,,0,82,70,49,1,280,2,116,0,0,0,0,,,,0,,,,,,,,,,,,,,,,,,,,,,,,,,,,,,,,,,,,,,,,,,,,
2018,1,1,18,4,18/01/2018,B6,20409,B6,N558JB,1785,10721,1072102,30721,BOS,"Boston, MA",MA,25,Massachusetts,13,14122,1412202,30198,PIT,"Pittsburgh, PA",PA,42,Pennsylvania,23,2127,2125,-2,0,0,-1,2100-2159,15,2140,2301,8,2317,2309,-8,0,0,-1,2300-2359,0,,0,110,104,81,1,496,2,,,,,,,,,0,,,,,,,,,,,,,,,,,,,,,,,,,,,,,,,,,,,,,,,,,,,,
2018,1,1,18,4,18/01/2018,B6,20409,B6,N354JB,1786,14122,1412202,30198,PIT,"Pittsburgh, PA",PA,42,Pennsylvania,23,10721,1072102,30721,BOS,"Boston, MA",MA,25,Massachusetts,13,1452,1446,-6,0,0,-1,1400-1459,11,1457,1607,20,1628,1627,-1,0,0,-1,1600-1659,0,,0,96,101,70,1,496,2,,,,,,,,,0,,,,,,,,,,,,,,,,,,,,,,,,,,,,,,,,,,,,,,,,,,,,
2018,1,1,18,4,18/01/2018,B6,20409,B6,N236JB,1790,11278,1127805,30852,DCA,"Washington, DC",VA,51,Virginia,38,10721,1072102,30721,BOS,"Boston, MA",MA,25,Massachusetts,13,2004,2010,6,6,0,0,2000-2059,17,2027,2131,7,2135,2138,3,3,0,0,2100-2159,0,,0,91,88,64,1,399,2,,,,,,,,,0,,,,,,,,,,,,,,,,,,,,,,,,,,,,,,,,,,,,,,,,,,,,
2018,1,1,18,4,18/01/2018,B6,20409,B6,N913JB,1801,12478,1247805,31703,JFK,"New York, NY",NY,36,New York,22,11697,1169706,32467,FLL,"Fort Lauderdale, FL",FL,12,Florida,33,1443,1441,-2,0,0,-1,1400-1459,21,1502,1737,6,1758,1743,-15,0,0,-1,1700-1759,0,,0,195,182,155,1,1069,5,,,,,,,,,0,,,,,,,,,,,,,,,,,,,,,,,,,,,,,,,,,,,,,,,,,,,,
2018,1,1,18,4,18/01/2018,B6,20409,B6,N957JB,1802,11697,1169706,32467,FLL,"Fort Lauderdale, FL",FL,12,Florida,33,12478,1247805,31703,JFK,"New York, NY",NY,36,New York,22,2042,2053,11,11,0,0,2000-2059,15,2108,2319,4,2332,2323,-9,0,0,-1,2300-2359,0,,0,170,150,131,1,1069,5,,,,,,,,,0,,,,,,,,,,,,,,,,,,,,,,,,,,,,,,,,,,,,,,,,,,,,
2018,1,1,18,4,18/01/2018,B6,20409,B6,N644JB,1806,10693,1069302,30693,BNA,"Nashville, TN",TN,47,Tennessee,54,10721,1072102,30721,BOS,"Boston, MA",MA,25,Massachusetts,13,1009,1004,-5,0,0,-1,1000-1059,11,1015,1328,4,1334,1332,-2,0,0,-1,1300-1359,0,,0,145,148,133,1,942,4,,,,,,,,,0,,,,,,,,,,,,,,,,,,,,,,,,,,,,,,,,,,,,,,,,,,,,
2018,1,1,18,4,18/01/2018,B6,20409,B6,N644JB,1807,10721,1072102,30721,BOS,"Boston, MA",MA,25,Massachusetts,13,10693,1069302,30693,BNA,"Nashville, TN",TN,47,Tennessee,54,726,723,-3,0,0,-1,0700-0759,46,809,911,6,926,917,-9,0,0,-1,0900-0959,0,,0,180,174,122,1,942,4,,,,,,,,,0,,,,,,,,,,,,,,,,,,,,,,,,,,,,,,,,,,,,,,,,,,,,
2018,1,1,18,4,18/01/2018,B6,20409,B6,N324JB,1808,12264,1226402,30852,IAD,"Washington, DC",VA,51,Virginia,38,12478,1247805,31703,JFK,"New York, NY",NY,36,New York,22,1930,1920,-10,0,0,-1,1900-1959,32,1952,2044,10,2100,2054,-6,0,0,-1,2100-2159,0,,0,90,94,52,1,228,1,,,,,,,,,0,,,,,,,,,,,,,,,,,,,,,,,,,,,,,,,,,,,,,,,,,,,,
2018,1,1,18,4,18/01/2018,B6,20409,B6,N267JB,1815,15096,1509602,35096,SYR,"Syracuse, NY",NY,36,New York,22,12478,1247805,31703,JFK,"New York, NY",NY,36,New York,22,1835,1825,-10,0,0,-1,1800-1859,37,1902,2005,12,2000,2017,17,17,1,1,2000-2059,0,,0,85,112,63,1,209,1,0,0,17,0,0,,,,0,,,,,,,,,,,,,,,,,,,,,,,,,,,,,,,,,,,,,,,,,,,,
2018,1,1,18,4,18/01/2018,B6,20409,B6,N354JB,1816,12478,1247805,31703,JFK,"New York, NY",NY,36,New York,22,15096,1509602,35096,SYR,"Syracuse, NY",NY,36,New York,22,2250,2249,-1,0,0,-1,2200-2259,18,2307,2349,4,3,2353,-10,0,0,-1,0001-0559,0,,0,73,64,42,1,209,1,,,,,,,,,0,,,,,,,,,,,,,,,,,,,,,,,,,,,,,,,,,,,,,,,,,,,,
2018,1,1,18,4,18/01/2018,B6,20409,B6,N766JB,1822,12954,1295406,32575,LGB,"Long Beach, CA",CA,6,California,91,14057,1405702,34057,PDX,"Portland, OR",OR,41,Oregon,92,1947,1954,7,7,0,0,1900-1959,9,2003,2153,4,2208,2157,-11,0,0,-1,2200-2259,0,,0,141,123,110,1,846,4,,,,,,,,,0,,,,,,,,,,,,,,,,,,,,,,,,,,,,,,,,,,,,,,,,,,,,
2018,1,1,18,4,18/01/2018,B6,20409,B6,N990JB,1823,12478,1247805,31703,JFK,"New York, NY",NY,36,New York,22,12892,1289208,32575,LAX,"Los Angeles, CA",CA,6,California,91,2259,2326,27,27,1,1,2200-2259,23,2349,151,4,221,155,-26,0,0,-2,0001-0559,0,,0,382,329,302,1,2475,10,,,,,,,,,0,,,,,,,,,,,,,,,,,,,,,,,,,,,,,,,,,,,,,,,,,,,,
2018,1,1,18,4,18/01/2018,B6,20409,B6,N986JB,1833,10721,1072102,30721,BOS,"Boston, MA",MA,25,Massachusetts,13,14771,1477104,32457,SFO,"San Francisco, CA",CA,6,California,91,1040,1113,33,33,1,2,1000-1059,33,1146,1440,5,1440,1445,5,5,0,0,1400-1459,0,,0,420,392,354,1,2704,11,,,,,,,,,0,,,,,,,,,,,,,,,,,,,,,,,,,,,,,,,,,,,,,,,,,,,,
2018,1,1,18,4,18/01/2018,B6,20409,B6,N355JB,1836,11433,1143302,31295,DTW,"Detroit, MI",MI,26,Michigan,43,10721,1072102,30721,BOS,"Boston, MA",MA,25,Massachusetts,13,600,551,-9,0,0,-1,0600-0659,11,602,737,4,754,741,-13,0,0,-1,0700-0759,0,,0,114,110,95,1,632,3,,,,,,,,,0,,,,,,,,,,,,,,,,,,,,,,,,,,,,,,,,,,,,,,,,,,,,
2018,1,1,18,4,18/01/2018,B6,20409,B6,N273JB,1837,10721,1072102,30721,BOS,"Boston, MA",MA,25,Massachusetts,13,11433,1143302,31295,DTW,"Detroit, MI",MI,26,Michigan,43,1959,1959,0,0,0,0,1900-1959,19,2018,2200,10,2214,2210,-4,0,0,-1,2200-2259,0,,0,135,131,102,1,632,3,,,,,,,,,0,,,,,,,,,,,,,,,,,,,,,,,,,,,,,,,,,,,,,,,,,,,,
2018,1,1,18,4,18/01/2018,B6,20409,B6,N351JB,1840,11042,1104205,30647,CLE,"Cleveland, OH",OH,39,Ohio,44,10721,1072102,30721,BOS,"Boston, MA",MA,25,Massachusetts,13,600,601,1,1,0,0,0600-0659,7,608,739,9,741,748,7,7,0,0,0700-0759,0,,0,101,107,91,1,563,3,,,,,,,,,0,,,,,,,,,,,,,,,,,,,,,,,,,,,,,,,,,,,,,,,,,,,,
2018,1,1,18,4,18/01/2018,B6,20409,B6,N316JB,1841,10721,1072102,30721,BOS,"Boston, MA",MA,25,Massachusetts,13,11042,1104205,30647,CLE,"Cleveland, OH",OH,39,Ohio,44,2140,2133,-7,0,0,-1,2100-2159,13,2146,2316,8,2344,2324,-20,0,0,-2,2300-2359,0,,0,124,111,90,1,563,3,,,,,,,,,0,,,,,,,,,,,,,,,,,,,,,,,,,,,,,,,,,,,,,,,,,,,,
2018,1,1,18,4,18/01/2018,B6,20409,B6,N351JB,1853,12451,1245102,31136,JAX,"Jacksonville, FL",FL,12,Florida,33,11697,1169706,32467,FLL,"Fort Lauderdale, FL",FL,12,Florida,33,1222,1212,-10,0,0,-1,1200-1259,14,1226,1323,7,1339,1330,-9,0,0,-1,1300-1359,0,,0,77,78,57,1,319,2,,,,,,,,,0,,,,,,,,,,,,,,,,,,,,,,,,,,,,,,,,,,,,,,,,,,,,
2018,1,1,18,4,18/01/2018,B6,20409,B6,N283JB,1885,10721,1072102,30721,BOS,"Boston, MA",MA,25,Massachusetts,13,14122,1412202,30198,PIT,"Pittsburgh, PA",PA,42,Pennsylvania,23,1813,1802,-11,0,0,-1,1800-1859,21,1823,1942,6,2005,1948,-17,0,0,-2,2000-2059,0,,0,112,106,79,1,496,2,,,,,,,,,0,,,,,,,,,,,,,,,,,,,,,,,,,,,,,,,,,,,,,,,,,,,,
2018,1,1,18,4,18/01/2018,B6,20409,B6,N283JB,1886,14122,1412202,30198,PIT,"Pittsburgh, PA",PA,42,Pennsylvania,23,10721,1072102,30721,BOS,"Boston, MA",MA,25,Massachusetts,13,2040,2025,-15,0,0,-1,2000-2059,11,2036,2143,9,2210,2152,-18,0,0,-2,2200-2259,0,,0,90,87,67,1,496,2,,,,,,,,,0,,,,,,,,,,,,,,,,,,,,,,,,,,,,,,,,,,,,,,,,,,,,
2018,1,1,18,4,18/01/2018,B6,20409,B6,N294JB,1887,13933,1393305,33933,ORH,"Worcester, MA",MA,25,Massachusetts,13,13204,1320402,31454,MCO,"Orlando, FL",FL,12,Florida,33,1653,1636,-17,0,0,-2,1600-1659,7,1643,1912,10,2006,1922,-44,0,0,-2,2000-2059,0,,0,193,166,149,1,1091,5,,,,,,,,,0,,,,,,,,,,,,,,,,,,,,,,,,,,,,,,,,,,,,,,,,,,,,
2018,1,1,18,4,18/01/2018,B6,20409,B6,N294JB,1888,13204,1320402,31454,MCO,"Orlando, FL",FL,12,Florida,33,13933,1393305,33933,ORH,"Worcester, MA",MA,25,Massachusetts,13,1337,1327,-10,0,0,-1,1300-1359,10,1337,1559,5,1618,1604,-14,0,0,-1,1600-1659,0,,0,161,157,142,1,1091,5,,,,,,,,,0,,,,,,,,,,,,,,,,,,,,,,,,,,,,,,,,,,,,,,,,,,,,
2018,1,1,18,4,18/01/2018,B6,20409,B6,N509JB,1895,12197,1219702,31703,HPN,"White Plains, NY",NY,36,New York,22,13204,1320402,31454,MCO,"Orlando, FL",FL,12,Florida,33,630,618,-12,0,0,-1,0600-0659,18,636,847,9,926,856,-30,0,0,-2,0900-0959,0,,0,176,158,131,1,972,4,,,,,,,,,0,,,,,,,,,,,,,,,,,,,,,,,,,,,,,,,,,,,,,,,,,,,,
2018,1,1,18,4,18/01/2018,B6,20409,B6,N358JB,1901,10792,1079206,30792,BUF,"Buffalo, NY",NY,36,New York,22,12478,1247805,31703,JFK,"New York, NY",NY,36,New York,22,1334,1335,1,1,0,0,1300-1359,43,1418,1520,5,1458,1525,27,27,1,1,1400-1459,0,,0,84,110,62,1,301,2,1,0,26,0,0,,,,0,,,,,,,,,,,,,,,,,,,,,,,,,,,,,,,,,,,,,,,,,,,,
2018,1,1,18,4,18/01/2018,B6,20409,B6,N618JB,1904,14843,1484306,34819,SJU,"San Juan, PR",PR,72,Puerto Rico,3,12478,1247805,31703,JFK,"New York, NY",NY,36,New York,22,2059,2049,-10,0,0,-1,2000-2059,9,2058,2329,6,2357,2335,-22,0,0,-2,2300-2359,0,,0,238,226,211,1,1598,7,,,,,,,,,0,,,,,,,,,,,,,,,,,,,,,,,,,,,,,,,,,,,,,,,,,,,,
2018,1,1,18,4,18/01/2018,B6,20409,B6,N834JB,1906,10693,1069302,30693,BNA,"Nashville, TN",TN,47,Tennessee,54,10721,1072102,30721,BOS,"Boston, MA",MA,25,Massachusetts,13,1945,1931,-14,0,0,-1,1900-1959,10,1941,2243,4,2310,2247,-23,0,0,-2,2300-2359,0,,0,145,136,122,1,942,4,,,,,,,,,0,,,,,,,,,,,,,,,,,,,,,,,,,,,,,,,,,,,,,,,,,,,,
2018,1,1,18,4,18/01/2018,B6,20409,B6,N834JB,1907,10721,1072102,30721,BOS,"Boston, MA",MA,25,Massachusetts,13,10693,1069302,30693,BNA,"Nashville, TN",TN,47,Tennessee,54,1700,1659,-1,0,0,-1,1700-1759,15,1714,1825,6,1903,1831,-32,0,0,-2,1900-1959,0,,0,183,152,131,1,942,4,,,,,,,,,0,,,,,,,,,,,,,,,,,,,,,,,,,,,,,,,,,,,,,,,,,,,,
2018,1,1,18,4,18/01/2018,B6,20409,B6,N568JB,1925,14831,1483106,32457,SJC,"San Jose, CA",CA,6,California,91,12954,1295406,32575,LGB,"Long Beach, CA",CA,6,California,91,1907,1901,-6,0,0,-1,1900-1959,10,1911,2007,4,2021,2011,-10,0,0,-1,2000-2059,0,,0,74,70,56,1,324,2,,,,,,,,,0,,,,,,,,,,,,,,,,,,,,,,,,,,,,,,,,,,,,,,,,,,,,
2018,1,1,18,4,18/01/2018,B6,20409,B6,N568JB,1926,12954,1295406,32575,LGB,"Long Beach, CA",CA,6,California,91,14831,1483106,32457,SJC,"San Jose, CA",CA,6,California,91,1709,1702,-7,0,0,-1,1700-1759,8,1710,1813,2,1827,1815,-12,0,0,-1,1800-1859,0,,0,78,73,63,1,324,2,,,,,,,,,0,,,,,,,,,,,,,,,,,,,,,,,,,,,,,,,,,,,,,,,,,,,,
2018,1,1,18,4,18/01/2018,B6,20409,B6,N249JB,1927,10721,1072102,30721,BOS,"Boston, MA",MA,25,Massachusetts,13,10821,1082106,30852,BWI,"Baltimore, MD",MD,24,Maryland,35,1345,1421,36,36,1,2,1300-1359,15,1436,1548,5,1519,1553,34,34,1,2,1500-1559,0,,0,94,92,72,1,369,2,0,0,9,0,25,,,,0,,,,,,,,,,,,,,,,,,,,,,,,,,,,,,,,,,,,,,,,,,,,
2018,1,1,18,4,18/01/2018,B6,20409,B6,N509JB,1933,13204,1320402,31454,MCO,"Orlando, FL",FL,12,Florida,33,14843,1484306,34819,SJU,"San Juan, PR",PR,72,Puerto Rico,3,1651,1655,4,4,0,0,1600-1659,14,1709,2029,7,2036,2036,0,0,0,0,2000-2059,0,,0,165,161,140,1,1189,5,,,,,,,,,0,,,,,,,,,,,,,,,,,,,,,,,,,,,,,,,,,,,,,,,,,,,,
2018,1,1,18,4,18/01/2018,B6,20409,B6,N568JB,1936,12954,1295406,32575,LGB,"Long Beach, CA",CA,6,California,91,14771,1477104,32457,SFO,"San Francisco, CA",CA,6,California,91,1249,1302,13,13,0,0,1200-1259,27,1329,1430,5,1420,1435,15,15,1,1,1400-1459,0,,0,91,93,61,1,354,2,0,0,15,0,0,,,,0,,,,,,,,,,,,,,,,,,,,,,,,,,,,,,,,,,,,,,,,,,,,
2018,1,1,18,4,18/01/2018,B6,20409,B6,N562JB,1944,14027,1402702,34027,PBI,"West Palm Beach/Palm Beach, FL",FL,12,Florida,33,11618,1161802,31703,EWR,"Newark, NJ",NJ,34,New Jersey,21,1706,1752,46,46,1,3,1700-1759,38,1830,2053,9,2002,2102,60,60,1,4,2000-2059,0,,0,176,190,143,1,1023,5,0,0,60,0,0,,,,0,,,,,,,,,,,,,,,,,,,,,,,,,,,,,,,,,,,,,,,,,,,,
2018,1,1,18,4,18/01/2018,B6,20409,B6,N965JB,1951,10721,1072102,30721,BOS,"Boston, MA",MA,25,Massachusetts,13,13204,1320402,31454,MCO,"Orlando, FL",FL,12,Florida,33,2003,1958,-5,0,0,-1,2000-2059,16,2014,2250,11,2321,2301,-20,0,0,-2,2300-2359,0,,0,198,183,156,1,1121,5,,,,,,,,,0,,,,,,,,,,,,,,,,,,,,,,,,,,,,,,,,,,,,,,,,,,,,
2018,1,1,18,4,18/01/2018,B6,20409,B6,N598JB,1953,11697,1169706,32467,FLL,"Fort Lauderdale, FL",FL,12,Florida,33,14843,1484306,34819,SJU,"San Juan, PR",PR,72,Puerto Rico,3,800,808,8,8,0,0,0800-0859,15,823,1128,3,1128,1131,3,3,0,0,1100-1159,0,,0,148,143,125,1,1046,5,,,,,,,,,0,,,,,,,,,,,,,,,,,,,,,,,,,,,,,,,,,,,,,,,,,,,,
2018,1,1,18,4,18/01/2018,B6,20409,B6,N598JB,1954,14843,1484306,34819,SJU,"San Juan, PR",PR,72,Puerto Rico,3,11697,1169706,32467,FLL,"Fort Lauderdale, FL",FL,12,Florida,33,2114,2108,-6,0,0,-1,2100-2159,13,2121,2243,3,2300,2246,-14,0,0,-1,2300-2359,0,,0,166,158,142,1,1046,5,,,,,,,,,0,,,,,,,,,,,,,,,,,,,,,,,,,,,,,,,,,,,,,,,,,,,,
2018,1,1,18,4,18/01/2018,B6,20409,B6,N527JB,1967,12197,1219702,31703,HPN,"White Plains, NY",NY,36,New York,22,14027,1402702,34027,PBI,"West Palm Beach/Palm Beach, FL",FL,12,Florida,33,730,730,0,0,0,0,0700-0759,23,753,1013,3,1031,1016,-15,0,0,-1,1000-1059,0,,0,181,166,140,1,1056,5,,,,,,,,,0,,,,,,,,,,,,,,,,,,,,,,,,,,,,,,,,,,,,,,,,,,,,
2018,1,1,18,4,18/01/2018,B6,20409,B6,N794JB,1968,14027,1402702,34027,PBI,"West Palm Beach/Palm Beach, FL",FL,12,Florida,33,12197,1219702,31703,HPN,"White Plains, NY",NY,36,New York,22,1511,1522,11,11,0,0,1500-1559,14,1536,1804,3,1759,1807,8,8,0,0,1700-1759,0,,0,168,165,148,1,1056,5,,,,,,,,,0,,,,,,,,,,,,,,,,,,,,,,,,,,,,,,,,,,,,,,,,,,,,
2018,1,1,18,4,18/01/2018,B6,20409,B6,N506JB,1969,10721,1072102,30721,BOS,"Boston, MA",MA,25,Massachusetts,13,11697,1169706,32467,FLL,"Fort Lauderdale, FL",FL,12,Florida,33,1700,1659,-1,0,0,-1,1700-1759,19,1718,2020,5,2038,2025,-13,0,0,-1,2000-2059,0,,0,218,206,182,1,1237,5,,,,,,,,,0,,,,,,,,,,,,,,,,,,,,,,,,,,,,,,,,,,,,,,,,,,,,
2018,1,1,18,4,18/01/2018,B6,20409,B6,N655JB,1973,11618,1161802,31703,EWR,"Newark, NJ",NJ,34,New Jersey,21,15304,1530402,33195,TPA,"Tampa, FL",FL,12,Florida,33,1232,1232,0,0,0,0,1200-1259,10,1242,1500,6,1529,1506,-23,0,0,-2,1500-1559,0,,0,177,154,138,1,997,4,,,,,,,,,0,,,,,,,,,,,,,,,,,,,,,,,,,,,,,,,,,,,,,,,,,,,,
2018,1,1,18,4,18/01/2018,B6,20409,B6,N203JB,1979,11278,1127805,30852,DCA,"Washington, DC",VA,51,Virginia,38,11697,1169706,32467,FLL,"Fort Lauderdale, FL",FL,12,Florida,33,1639,1627,-12,0,0,-1,1600-1659,13,1640,1857,29,1925,1926,1,1,0,0,1900-1959,0,,0,166,179,137,1,899,4,,,,,,,,,0,,,,,,,,,,,,,,,,,,,,,,,,,,,,,,,,,,,,,,,,,,,,
2018,1,1,18,4,18/01/2018,B6,20409,B6,N507JB,1980,12954,1295406,32575,LGB,"Long Beach, CA",CA,6,California,91,12889,1288903,32211,LAS,"Las Vegas, NV",NV,32,Nevada,85,1506,1501,-5,0,0,-1,1500-1559,15,1516,1600,4,1614,1604,-10,0,0,-1,1600-1659,0,,0,68,63,44,1,231,1,,,,,,,,,0,,,,,,,,,,,,,,,,,,,,,,,,,,,,,,,,,,,,,,,,,,,,
2018,1,1,18,4,18/01/2018,B6,20409,B6,N950JB,1983,12478,1247805,31703,JFK,"New York, NY",NY,36,New York,22,13204,1320402,31454,MCO,"Orlando, FL",FL,12,Florida,33,717,717,0,0,0,0,0700-0759,19,736,949,5,1019,954,-25,0,0,-2,1000-1059,0,,0,182,157,133,1,944,4,,,,,,,,,0,,,,,,,,,,,,,,,,,,,,,,,,,,,,,,,,,,,,,,,,,,,,
2018,1,1,18,4,18/01/2018,B6,20409,B6,N950JB,1984,13204,1320402,31454,MCO,"Orlando, FL",FL,12,Florida,33,12478,1247805,31703,JFK,"New York, NY",NY,36,New York,22,1122,1118,-4,0,0,-1,1100-1159,14,1132,1342,2,1353,1344,-9,0,0,-1,1300-1359,0,,0,151,146,130,1,944,4,,,,,,,,,0,,,,,,,,,,,,,,,,,,,,,,,,,,,,,,,,,,,,,,,,,,,,
2018,1,1,18,4,18/01/2018,B6,20409,B6,N796JB,1986,14122,1412202,30198,PIT,"Pittsburgh, PA",PA,42,Pennsylvania,23,10721,1072102,30721,BOS,"Boston, MA",MA,25,Massachusetts,13,600,603,3,3,0,0,0600-0659,31,634,756,6,735,802,27,27,1,1,0700-0759,0,,0,95,119,82,1,496,2,3,0,24,0,0,,,,0,,,,,,,,,,,,,,,,,,,,,,,,,,,,,,,,,,,,,,,,,,,,
2018,1,1,18,4,18/01/2018,B6,20409,B6,N653JB,1990,14843,1484306,34819,SJU,"San Juan, PR",PR,72,Puerto Rico,3,11618,1161802,31703,EWR,"Newark, NJ",NJ,34,New Jersey,21,449,521,32,32,1,2,0001-0559,10,531,803,6,801,809,8,8,0,0,0800-0859,0,,0,252,228,212,1,1608,7,,,,,,,,,0,,,,,,,,,,,,,,,,,,,,,,,,,,,,,,,,,,,,,,,,,,,,
2018,1,1,18,4,18/01/2018,B6,20409,B6,N547JB,1991,10721,1072102,30721,BOS,"Boston, MA",MA,25,Massachusetts,13,15304,1530402,33195,TPA,"Tampa, FL",FL,12,Florida,33,1520,1536,16,16,1,1,1500-1559,22,1558,1842,6,1849,1848,-1,0,0,-1,1800-1859,0,,0,209,192,164,1,1185,5,,,,,,,,,0,,,,,,,,,,,,,,,,,,,,,,,,,,,,,,,,,,,,,,,,,,,,
2018,1,1,18,4,18/01/2018,B6,20409,B6,N606JB,1992,15304,1530402,33195,TPA,"Tampa, FL",FL,12,Florida,33,10721,1072102,30721,BOS,"Boston, MA",MA,25,Massachusetts,13,755,741,-14,0,0,-1,0700-0759,15,756,1029,5,1047,1034,-13,0,0,-1,1000-1059,0,,0,172,173,153,1,1185,5,,,,,,,,,0,,,,,,,,,,,,,,,,,,,,,,,,,,,,,,,,,,,,,,,,,,,,
2018,1,1,18,4,18/01/2018,B6,20409,B6,N306JB,2001,10792,1079206,30792,BUF,"Buffalo, NY",NY,36,New York,22,12478,1247805,31703,JFK,"New York, NY",NY,36,New York,22,532,521,-11,0,0,-1,0001-0559,12,533,632,10,700,642,-18,0,0,-2,0700-0759,0,,0,88,81,59,1,301,2,,,,,,,,,0,,,,,,,,,,,,,,,,,,,,,,,,,,,,,,,,,,,,,,,,,,,,
2018,1,1,18,4,18/01/2018,B6,20409,B6,N284JB,2002,12478,1247805,31703,JFK,"New York, NY",NY,36,New York,22,10792,1079206,30792,BUF,"Buffalo, NY",NY,36,New York,22,2245,2239,-6,0,0,-1,2200-2259,20,2259,2356,3,14,2359,-15,0,0,-1,0001-0559,0,,0,89,80,57,1,301,2,,,,,,,,,0,,,,,,,,,,,,,,,,,,,,,,,,,,,,,,,,,,,,,,,,,,,,
2018,1,1,18,4,18/01/2018,B6,20409,B6,N605JB,2006,11697,1169706,32467,FLL,"Fort Lauderdale, FL",FL,12,Florida,33,11618,1161802,31703,EWR,"Newark, NJ",NJ,34,New Jersey,21,600,554,-6,0,0,-1,0600-0659,12,606,834,4,849,838,-11,0,0,-1,0800-0859,0,,0,169,164,148,1,1065,5,,,,,,,,,0,,,,,,,,,,,,,,,,,,,,,,,,,,,,,,,,,,,,,,,,,,,,
2018,1,1,18,4,18/01/2018,B6,20409,B6,N599JB,2007,14122,1412202,30198,PIT,"Pittsburgh, PA",PA,42,Pennsylvania,23,11697,1169706,32467,FLL,"Fort Lauderdale, FL",FL,12,Florida,33,700,845,105,105,1,7,0700-0759,28,913,1120,7,955,1127,92,92,1,6,0900-0959,0,,0,175,162,127,1,994,4,0,92,0,0,0,,,,0,,,,,,,,,,,,,,,,,,,,,,,,,,,,,,,,,,,,,,,,,,,,
2018,1,1,18,4,18/01/2018,B6,20409,B6,N661JB,2008,11697,1169706,32467,FLL,"Fort Lauderdale, FL",FL,12,Florida,33,14122,1412202,30198,PIT,"Pittsburgh, PA",PA,42,Pennsylvania,23,2012,2004,-8,0,0,-1,2000-2059,23,2027,2240,5,2248,2245,-3,0,0,-1,2200-2259,0,,0,156,161,133,1,994,4,,,,,,,,,0,,,,,,,,,,,,,,,,,,,,,,,,,,,,,,,,,,,,,,,,,,,,
2018,1,1,18,4,18/01/2018,B6,20409,B6,N231JB,2009,10721,1072102,30721,BOS,"Boston, MA",MA,25,Massachusetts,13,12451,1245102,31136,JAX,"Jacksonville, FL",FL,12,Florida,33,2048,2219,91,91,1,6,2000-2059,15,2234,101,11,2348,112,84,84,1,5,2300-2359,0,,0,180,173,147,1,1010,5,84,0,0,0,0,2046,26,26,0,,,,,,,,,,,,,,,,,,,,,,,,,,,,,,,,,,,,,,,,,,,,
2018,1,1,18,4,18/01/2018,B6,20409,B6,N309JB,2010,12451,1245102,31136,JAX,"Jacksonville, FL",FL,12,Florida,33,10721,1072102,30721,BOS,"Boston, MA",MA,25,Massachusetts,13,730,722,-8,0,0,-1,0700-0759,12,734,948,10,1000,958,-2,0,0,-1,1000-1059,0,,0,150,156,134,1,1010,5,,,,,,,,,0,,,,,,,,,,,,,,,,,,,,,,,,,,,,,,,,,,,,,,,,,,,,
2018,1,1,18,4,18/01/2018,B6,20409,B6,N298JB,2019,13933,1393305,33933,ORH,"Worcester, MA",MA,25,Massachusetts,13,11697,1169706,32467,FLL,"Fort Lauderdale, FL",FL,12,Florida,33,1748,1742,-6,0,0,-1,1700-1759,10,1752,2053,10,2112,2103,-9,0,0,-1,2100-2159,0,,0,204,201,181,1,1211,5,,,,,,,,,0,,,,,,,,,,,,,,,,,,,,,,,,,,,,,,,,,,,,,,,,,,,,
2018,1,1,18,4,18/01/2018,B6,20409,B6,N298JB,2020,11697,1169706,32467,FLL,"Fort Lauderdale, FL",FL,12,Florida,33,13933,1393305,33933,ORH,"Worcester, MA",MA,25,Massachusetts,13,1413,1403,-10,0,0,-1,1400-1459,18,1421,1701,4,1713,1705,-8,0,0,-1,1700-1759,0,,0,180,182,160,1,1211,5,,,,,,,,,0,,,,,,,,,,,,,,,,,,,,,,,,,,,,,,,,,,,,,,,,,,,,
2018,1,1,18,4,18/01/2018,B6,20409,B6,N987JB,2024,12892,1289208,32575,LAX,"Los Angeles, CA",CA,6,California,91,12478,1247805,31703,JFK,"New York, NY",NY,36,New York,22,2355,2345,-10,0,0,-1,2300-2359,19,4,826,8,815,834,19,19,1,1,0800-0859,0,,0,320,349,322,1,2475,10,0,0,19,0,0,,,,0,,,,,,,,,,,,,,,,,,,,,,,,,,,,,,,,,,,,,,,,,,,,
2018,1,1,18,4,18/01/2018,B6,20409,B6,N568JB,2025,14831,1483106,32457,SJC,"San Jose, CA",CA,6,California,91,12954,1295406,32575,LGB,"Long Beach, CA",CA,6,California,91,630,625,-5,0,0,-1,0600-0659,19,644,740,4,747,744,-3,0,0,-1,0700-0759,0,,0,77,79,56,1,324,2,,,,,,,,,0,,,,,,,,,,,,,,,,,,,,,,,,,,,,,,,,,,,,,,,,,,,,
2018,1,1,18,4,18/01/2018,B6,20409,B6,N571JB,2028,13204,1320402,31454,MCO,"Orlando, FL",FL,12,Florida,33,11618,1161802,31703,EWR,"Newark, NJ",NJ,34,New Jersey,21,727,724,-3,0,0,-1,0700-0759,14,738,942,10,1005,952,-13,0,0,-1,1000-1059,0,,0,158,148,124,1,937,4,,,,,,,,,0,,,,,,,,,,,,,,,,,,,,,,,,,,,,,,,,,,,,,,,,,,,,
2018,1,1,18,4,18/01/2018,B6,20409,B6,N184JB,2036,11433,1143302,31295,DTW,"Detroit, MI",MI,26,Michigan,43,10721,1072102,30721,BOS,"Boston, MA",MA,25,Massachusetts,13,1047,1039,-8,0,0,-1,1000-1059,13,1052,1219,4,1234,1223,-11,0,0,-1,1200-1259,0,,0,107,104,87,1,632,3,,,,,,,,,0,,,,,,,,,,,,,,,,,,,,,,,,,,,,,,,,,,,,,,,,,,,,
2018,1,1,18,4,18/01/2018,B6,20409,B6,N504JB,2066,14635,1463502,31714,RSW,"Fort Myers, FL",FL,12,Florida,33,10721,1072102,30721,BOS,"Boston, MA",MA,25,Massachusetts,13,1300,1258,-2,0,0,-1,1300-1359,16,1314,1557,5,1606,1602,-4,0,0,-1,1600-1659,0,,0,186,184,163,1,1249,5,,,,,,,,,0,,,,,,,,,,,,,,,,,,,,,,,,,,,,,,,,,,,,,,,,,,,,
2018,1,1,18,4,18/01/2018,B6,20409,B6,N266JB,2067,12197,1219702,31703,HPN,"White Plains, NY",NY,36,New York,22,14027,1402702,34027,PBI,"West Palm Beach/Palm Beach, FL",FL,12,Florida,33,1535,1538,3,3,0,0,1500-1559,19,1557,1826,4,1834,1830,-4,0,0,-1,1800-1859,0,,0,179,172,149,1,1056,5,,,,,,,,,0,,,,,,,,,,,,,,,,,,,,,,,,,,,,,,,,,,,,,,,,,,,,
2018,1,1,18,4,18/01/2018,B6,20409,B6,N655JB,2074,15304,1530402,33195,TPA,"Tampa, FL",FL,12,Florida,33,11618,1161802,31703,EWR,"Newark, NJ",NJ,34,New Jersey,21,1609,1705,56,56,1,3,1600-1659,29,1734,1942,13,1854,1955,61,61,1,4,1800-1859,0,,0,165,170,128,1,997,4,0,0,61,0,0,,,,0,,,,,,,,,,,,,,,,,,,,,,,,,,,,,,,,,,,,,,,,,,,,
2018,1,1,18,4,18/01/2018,B6,20409,B6,N507JB,2079,12889,1288903,32211,LAS,"Las Vegas, NV",NV,32,Nevada,85,12954,1295406,32575,LGB,"Long Beach, CA",CA,6,California,91,1654,1654,0,0,0,0,1600-1659,11,1705,1750,4,1800,1754,-6,0,0,-1,1800-1859,0,,0,66,60,45,1,231,1,,,,,,,,,0,,,,,,,,,,,,,,,,,,,,,,,,,,,,,,,,,,,,,,,,,,,,
2018,1,1,18,4,18/01/2018,B6,20409,B6,N351JB,2080,11697,1169706,32467,FLL,"Fort Lauderdale, FL",FL,12,Florida,33,11278,1127805,30852,DCA,"Washington, DC",VA,51,Virginia,38,1934,2013,39,39,1,2,1900-1959,16,2029,2223,2,2200,2225,25,25,1,1,2200-2259,0,,0,146,132,114,1,899,4,9,0,0,0,16,,,,0,,,,,,,,,,,,,,,,,,,,,,,,,,,,,,,,,,,,,,,,,,,,
2018,1,1,18,4,18/01/2018,B6,20409,B6,N178JB,2101,10792,1079206,30792,BUF,"Buffalo, NY",NY,36,New York,22,12478,1247805,31703,JFK,"New York, NY",NY,36,New York,22,800,751,-9,0,0,-1,0800-0859,12,803,900,5,924,905,-19,0,0,-2,0900-0959,0,,0,84,74,57,1,301,2,,,,,,,,,0,,,,,,,,,,,,,,,,,,,,,,,,,,,,,,,,,,,,,,,,,,,,
2018,1,1,18,4,18/01/2018,B6,20409,B6,N247JB,2115,11278,1127805,30852,DCA,"Washington, DC",VA,51,Virginia,38,12451,1245102,31136,JAX,"Jacksonville, FL",FL,12,Florida,33,1356,1404,8,8,0,0,1300-1359,9,1413,1544,3,1602,1547,-15,0,0,-1,1600-1659,0,,0,126,103,91,1,634,3,,,,,,,,,0,,,,,,,,,,,,,,,,,,,,,,,,,,,,,,,,,,,,,,,,,,,,
2018,1,1,18,4,18/01/2018,B6,20409,B6,N193JB,2116,12451,1245102,31136,JAX,"Jacksonville, FL",FL,12,Florida,33,11278,1127805,30852,DCA,"Washington, DC",VA,51,Virginia,38,1054,1046,-8,0,0,-1,1000-1059,14,1100,1228,3,1239,1231,-8,0,0,-1,1200-1259,0,,0,105,105,88,1,634,3,,,,,,,,,0,,,,,,,,,,,,,,,,,,,,,,,,,,,,,,,,,,,,,,,,,,,,
2018,1,1,18,4,18/01/2018,B6,20409,B6,N206JB,2127,10721,1072102,30721,BOS,"Boston, MA",MA,25,Massachusetts,13,10821,1082106,30852,BWI,"Baltimore, MD",MD,24,Maryland,35,1056,1143,47,47,1,3,1000-1059,11,1154,1246,4,1231,1250,19,19,1,1,1200-1259,0,,0,95,67,52,1,369,2,4,0,0,0,15,,,,0,,,,,,,,,,,,,,,,,,,,,,,,,,,,,,,,,,,,,,,,,,,,
2018,1,1,18,4,18/01/2018,B6,20409,B6,N793JB,2131,14869,1486903,34614,SLC,"Salt Lake City, UT",UT,49,Utah,87,12954,1295406,32575,LGB,"Long Beach, CA",CA,6,California,91,615,606,-9,0,0,-1,0600-0659,39,645,711,2,720,713,-7,0,0,-1,0700-0759,0,,0,125,127,86,1,588,3,,,,,,,,,0,,,,,,,,,,,,,,,,,,,,,,,,,,,,,,,,,,,,,,,,,,,,
2018,1,1,18,4,18/01/2018,B6,20409,B6,N565JB,2132,12954,1295406,32575,LGB,"Long Beach, CA",CA,6,California,91,14869,1486903,34614,SLC,"Salt Lake City, UT",UT,49,Utah,87,1913,1911,-2,0,0,-1,1900-1959,14,1925,2147,3,2158,2150,-8,0,0,-1,2100-2159,0,,0,105,99,82,1,588,3,,,,,,,,,0,,,,,,,,,,,,,,,,,,,,,,,,,,,,,,,,,,,,,,,,,,,,
2018,1,1,18,4,18/01/2018,B6,20409,B6,N568JB,2135,14771,1477104,32457,SFO,"San Francisco, CA",CA,6,California,91,12954,1295406,32575,LGB,"Long Beach, CA",CA,6,California,91,1500,1509,9,9,0,0,1500-1559,13,1522,1625,3,1623,1628,5,5,0,0,1600-1659,0,,0,83,79,63,1,354,2,,,,,,,,,0,,,,,,,,,,,,,,,,,,,,,,,,,,,,,,,,,,,,,,,,,,,,
2018,1,1,18,4,18/01/2018,B6,20409,B6,N763JB,2136,12954,1295406,32575,LGB,"Long Beach, CA",CA,6,California,91,14771,1477104,32457,SFO,"San Francisco, CA",CA,6,California,91,1546,1541,-5,0,0,-1,1500-1559,46,1627,1733,5,1715,1738,23,23,1,1,1700-1759,0,,0,89,117,66,1,354,2,0,0,23,0,0,,,,0,,,,,,,,,,,,,,,,,,,,,,,,,,,,,,,,,,,,,,,,,,,,
2018,1,1,18,4,18/01/2018,B6,20409,B6,N198JB,2167,12197,1219702,31703,HPN,"White Plains, NY",NY,36,New York,22,14027,1402702,34027,PBI,"West Palm Beach/Palm Beach, FL",FL,12,Florida,33,2055,2247,112,112,1,7,2000-2059,9,2256,128,3,2346,131,105,105,1,7,2300-2359,0,,0,171,164,152,1,1056,5,23,0,0,0,82,,,,0,,,,,,,,,,,,,,,,,,,,,,,,,,,,,,,,,,,,,,,,,,,,
2018,1,1,18,4,18/01/2018,B6,20409,B6,N584JB,2168,14027,1402702,34027,PBI,"West Palm Beach/Palm Beach, FL",FL,12,Florida,33,12197,1219702,31703,HPN,"White Plains, NY",NY,36,New York,22,1850,1840,-10,0,0,-1,1800-1859,10,1850,2118,3,2138,2121,-17,0,0,-2,2100-2159,0,,0,168,161,148,1,1056,5,,,,,,,,,0,,,,,,,,,,,,,,,,,,,,,,,,,,,,,,,,,,,,,,,,,,,,
2018,1,1,18,4,18/01/2018,B6,20409,B6,N594JB,2170,11697,1169706,32467,FLL,"Fort Lauderdale, FL",FL,12,Florida,33,10721,1072102,30721,BOS,"Boston, MA",MA,25,Massachusetts,13,1840,1840,0,0,0,0,1800-1859,23,1903,2148,9,2147,2157,10,10,0,0,2100-2159,0,,0,187,197,165,1,1237,5,,,,,,,,,0,,,,,,,,,,,,,,,,,,,,,,,,,,,,,,,,,,,,,,,,,,,,
2018,1,1,18,4,18/01/2018,B6,20409,B6,N228JB,2180,11618,1161802,31703,EWR,"Newark, NJ",NJ,34,New Jersey,21,10721,1072102,30721,BOS,"Boston, MA",MA,25,Massachusetts,13,600,551,-9,0,0,-1,0600-0659,12,603,638,39,709,717,8,8,0,0,0700-0759,0,,0,69,86,35,1,200,1,,,,,,,,,0,,,,,,,,,,,,,,,,,,,,,,,,,,,,,,,,,,,,,,,,,,,,
2018,1,1,18,4,18/01/2018,B6,20409,B6,N229JB,2184,14492,1449202,34492,RDU,"Raleigh/Durham, NC",NC,37,North Carolina,36,10721,1072102,30721,BOS,"Boston, MA",MA,25,Massachusetts,13,900,929,29,29,1,1,0900-0959,20,949,1118,4,1048,1122,34,34,1,2,1000-1059,0,,0,108,113,89,1,612,3,0,0,5,0,29,,,,0,,,,,,,,,,,,,,,,,,,,,,,,,,,,,,,,,,,,,,,,,,,,
2018,1,1,18,4,18/01/2018,B6,20409,B6,N566JB,2191,10721,1072102,30721,BOS,"Boston, MA",MA,25,Massachusetts,13,15304,1530402,33195,TPA,"Tampa, FL",FL,12,Florida,33,1000,953,-7,0,0,-1,1000-1059,18,1011,1248,5,1328,1253,-35,0,0,-2,1300-1359,0,,0,208,180,157,1,1185,5,,,,,,,,,0,,,,,,,,,,,,,,,,,,,,,,,,,,,,,,,,,,,,,,,,,,,,
2018,1,1,18,4,18/01/2018,B6,20409,B6,N229JB,2215,10721,1072102,30721,BOS,"Boston, MA",MA,25,Massachusetts,13,10792,1079206,30792,BUF,"Buffalo, NY",NY,36,New York,22,1123,1202,39,39,1,2,1100-1159,15,1217,1323,3,1257,1326,29,29,1,1,1200-1259,0,,0,94,84,66,1,395,2,7,0,0,0,22,,,,0,,,,,,,,,,,,,,,,,,,,,,,,,,,,,,,,,,,,,,,,,,,,
2018,1,1,18,4,18/01/2018,B6,20409,B6,N281JB,2216,10792,1079206,30792,BUF,"Buffalo, NY",NY,36,New York,22,10721,1072102,30721,BOS,"Boston, MA",MA,25,Massachusetts,13,635,622,-13,0,0,-1,0600-0659,22,644,742,6,804,748,-16,0,0,-2,0800-0859,0,,0,89,86,58,1,395,2,,,,,,,,,0,,,,,,,,,,,,,,,,,,,,,,,,,,,,,,,,,,,,,,,,,,,,
2018,1,1,18,4,18/01/2018,B6,20409,B6,N247JB,2224,13204,1320402,31454,MCO,"Orlando, FL",FL,12,Florida,33,11278,1127805,30852,DCA,"Washington, DC",VA,51,Virginia,38,1109,1115,6,6,0,0,1100-1159,16,1131,1321,4,1317,1325,8,8,0,0,1300-1359,0,,0,128,130,110,1,759,4,,,,,,,,,0,,,,,,,,,,,,,,,,,,,,,,,,,,,,,,,,,,,,,,,,,,,,
2018,1,1,18,4,18/01/2018,B6,20409,B6,N517JB,2227,11618,1161802,31703,EWR,"Newark, NJ",NJ,34,New Jersey,21,13204,1320402,31454,MCO,"Orlando, FL",FL,12,Florida,33,2101,2204,63,63,1,4,2100-2159,13,2217,26,4,2346,30,44,44,1,2,2300-2359,0,,0,165,146,129,1,937,4,44,0,0,0,0,,,,0,,,,,,,,,,,,,,,,,,,,,,,,,,,,,,,,,,,,,,,,,,,,
2018,1,1,18,4,18/01/2018,B6,20409,B6,N659JB,2269,10721,1072102,30721,BOS,"Boston, MA",MA,25,Massachusetts,13,11697,1169706,32467,FLL,"Fort Lauderdale, FL",FL,12,Florida,33,1150,1216,26,26,1,1,1100-1159,13,1229,1511,4,1525,1515,-10,0,0,-1,1500-1559,0,,0,215,179,162,1,1237,5,,,,,,,,,0,,,,,,,,,,,,,,,,,,,,,,,,,,,,,,,,,,,,,,,,,,,,
2018,1,1,18,4,18/01/2018,B6,20409,B6,N283JB,2279,10721,1072102,30721,BOS,"Boston, MA",MA,25,Massachusetts,13,11618,1161802,31703,EWR,"Newark, NJ",NJ,34,New Jersey,21,607,601,-6,0,0,-1,0600-0659,62,703,744,5,738,749,11,11,0,0,0700-0759,0,,0,91,108,41,1,200,1,,,,,,,,,0,,,,,,,,,,,,,,,,,,,,,,,,,,,,,,,,,,,,,,,,,,,,
2018,1,1,18,4,18/01/2018,B6,20409,B6,N283JB,2280,11618,1161802,31703,EWR,"Newark, NJ",NJ,34,New Jersey,21,10721,1072102,30721,BOS,"Boston, MA",MA,25,Massachusetts,13,813,818,5,5,0,0,0800-0859,15,833,921,3,924,924,0,0,0,0,0900-0959,0,,0,71,66,48,1,200,1,,,,,,,,,0,,,,,,,,,,,,,,,,,,,,,,,,,,,,,,,,,,,,,,,,,,,,
2018,1,1,18,4,18/01/2018,B6,20409,B6,N229JB,2283,10721,1072102,30721,BOS,"Boston, MA",MA,25,Massachusetts,13,14492,1449202,34492,RDU,"Raleigh/Durham, NC",NC,37,North Carolina,36,608,645,37,37,1,2,0600-0659,34,719,851,8,819,859,40,40,1,2,0800-0859,0,,0,131,134,92,1,612,3,37,0,3,0,0,,,,0,,,,,,,,,,,,,,,,,,,,,,,,,,,,,,,,,,,,,,,,,,,,
2018,1,1,18,4,18/01/2018,B6,20409,B6,N661JB,2289,11433,1143302,31295,DTW,"Detroit, MI",MI,26,Michigan,43,11697,1169706,32467,FLL,"Fort Lauderdale, FL",FL,12,Florida,33,720,714,-6,0,0,-1,0700-0759,14,728,952,13,1035,1005,-30,0,0,-2,1000-1059,0,,0,195,171,144,1,1127,5,,,,,,,,,0,,,,,,,,,,,,,,,,,,,,,,,,,,,,,,,,,,,,,,,,,,,,
2018,1,1,18,4,18/01/2018,B6,20409,B6,N353JB,2317,10721,1072102,30721,BOS,"Boston, MA",MA,25,Massachusetts,13,12478,1247805,31703,JFK,"New York, NY",NY,36,New York,22,758,751,-7,0,0,-1,0700-0759,23,814,901,8,914,909,-5,0,0,-1,0900-0959,0,,0,76,78,47,1,187,1,,,,,,,,,0,,,,,,,,,,,,,,,,,,,,,,,,,,,,,,,,,,,,,,,,,,,,
2018,1,1,18,4,18/01/2018,B6,20409,B6,N197JB,2323,11278,1127805,30852,DCA,"Washington, DC",VA,51,Virginia,38,13204,1320402,31454,MCO,"Orlando, FL",FL,12,Florida,33,1551,1541,-10,0,0,-1,1500-1559,16,1557,1752,13,1818,1805,-13,0,0,-1,1800-1859,0,,0,147,144,115,1,759,4,,,,,,,,,0,,,,,,,,,,,,,,,,,,,,,,,,,,,,,,,,,,,,,,,,,,,,
2018,1,1,18,4,18/01/2018,B6,20409,B6,N375JB,2324,13204,1320402,31454,MCO,"Orlando, FL",FL,12,Florida,33,11278,1127805,30852,DCA,"Washington, DC",VA,51,Virginia,38,615,611,-4,0,0,-1,0600-0659,14,625,807,7,818,814,-4,0,0,-1,0800-0859,0,,0,123,123,102,1,759,4,,,,,,,,,0,,,,,,,,,,,,,,,,,,,,,,,,,,,,,,,,,,,,,,,,,,,,
2018,1,1,18,4,18/01/2018,B6,20409,B6,N746JB,2380,11618,1161802,31703,EWR,"Newark, NJ",NJ,34,New Jersey,21,10721,1072102,30721,BOS,"Boston, MA",MA,25,Massachusetts,13,1300,1521,141,141,1,9,1300-1359,18,1539,1620,6,1408,1626,138,138,1,9,1400-1459,0,,0,68,65,41,1,200,1,24,0,0,0,114,,,,0,,,,,,,,,,,,,,,,,,,,,,,,,,,,,,,,,,,,,,,,,,,,
2018,1,1,18,4,18/01/2018,B6,20409,B6,N591JB,2401,12478,1247805,31703,JFK,"New York, NY",NY,36,New York,22,11697,1169706,32467,FLL,"Fort Lauderdale, FL",FL,12,Florida,33,1253,1255,2,2,0,0,1200-1259,16,1311,1538,3,1605,1541,-24,0,0,-2,1600-1659,0,,0,192,166,147,1,1069,5,,,,,,,,,0,,,,,,,,,,,,,,,,,,,,,,,,,,,,,,,,,,,,,,,,,,,,
2018,1,1,18,4,18/01/2018,B6,20409,B6,N306JB,2402,12478,1247805,31703,JFK,"New York, NY",NY,36,New York,22,10792,1079206,30792,BUF,"Buffalo, NY",NY,36,New York,22,1455,1631,96,96,1,6,1400-1459,23,1654,1754,5,1628,1759,91,91,1,6,1600-1659,0,,0,93,88,60,1,301,2,91,0,0,0,0,1449,26,26,0,,,,,,,,,,,,,,,,,,,,,,,,,,,,,,,,,,,,,,,,,,,,
2018,1,1,18,4,18/01/2018,B6,20409,B6,N509JB,2416,10423,1042302,30423,AUS,"Austin, TX",TX,48,Texas,74,13204,1320402,31454,MCO,"Orlando, FL",FL,12,Florida,33,1246,1234,-12,0,0,-1,1200-1259,15,1249,1542,5,1606,1547,-19,0,0,-2,1600-1659,0,,0,140,133,113,1,994,4,,,,,,,,,0,,,,,,,,,,,,,,,,,,,,,,,,,,,,,,,,,,,,,,,,,,,,
2018,1,1,18,4,18/01/2018,B6,20409,B6,N509JB,2417,13204,1320402,31454,MCO,"Orlando, FL",FL,12,Florida,33,10423,1042302,30423,AUS,"Austin, TX",TX,48,Texas,74,1011,954,-17,0,0,-2,1000-1059,20,1014,1150,5,1206,1155,-11,0,0,-1,1200-1259,0,,0,175,181,156,1,994,4,,,,,,,,,0,,,,,,,,,,,,,,,,,,,,,,,,,,,,,,,,,,,,,,,,,,,,
2018,1,1,18,4,18/01/2018,B6,20409,B6,N662JB,2465,10792,1079206,30792,BUF,"Buffalo, NY",NY,36,New York,22,11697,1169706,32467,FLL,"Fort Lauderdale, FL",FL,12,Florida,33,718,711,-7,0,0,-1,0700-0759,16,727,1008,9,1042,1017,-25,0,0,-2,1000-1059,0,,0,204,186,161,1,1166,5,,,,,,,,,0,,,,,,,,,,,,,,,,,,,,,,,,,,,,,,,,,,,,,,,,,,,,
2018,1,1,18,4,18/01/2018,B6,20409,B6,N652JB,2466,11697,1169706,32467,FLL,"Fort Lauderdale, FL",FL,12,Florida,33,10792,1079206,30792,BUF,"Buffalo, NY",NY,36,New York,22,1444,1500,16,16,1,1,1400-1459,13,1513,1746,4,1742,1750,8,8,0,0,1700-1759,0,,0,178,170,153,1,1166,5,,,,,,,,,0,,,,,,,,,,,,,,,,,,,,,,,,,,,,,,,,,,,,,,,,,,,,
2018,1,1,18,4,18/01/2018,B6,20409,B6,N659JB,2469,10721,1072102,30721,BOS,"Boston, MA",MA,25,Massachusetts,13,11697,1169706,32467,FLL,"Fort Lauderdale, FL",FL,12,Florida,33,2015,2030,15,15,1,1,2000-2059,13,2043,2335,3,2343,2338,-5,0,0,-1,2300-2359,0,,0,208,188,172,1,1237,5,,,,,,,,,0,,,,,,,,,,,,,,,,,,,,,,,,,,,,,,,,,,,,,,,,,,,,
2018,1,1,18,4,18/01/2018,B6,20409,B6,N658JB,2470,11697,1169706,32467,FLL,"Fort Lauderdale, FL",FL,12,Florida,33,10721,1072102,30721,BOS,"Boston, MA",MA,25,Massachusetts,13,711,700,-11,0,0,-1,0700-0759,28,728,1018,8,1015,1026,11,11,0,0,1000-1059,0,,0,184,206,170,1,1237,5,,,,,,,,,0,,,,,,,,,,,,,,,,,,,,,,,,,,,,,,,,,,,,,,,,,,,,
2018,1,1,18,4,18/01/2018,B6,20409,B6,N746JB,2479,10721,1072102,30721,BOS,"Boston, MA",MA,25,Massachusetts,13,11618,1161802,31703,EWR,"Newark, NJ",NJ,34,New Jersey,21,1059,1332,153,153,1,10,1000-1059,11,1343,1440,7,1225,1447,142,142,1,9,1200-1259,0,,0,86,75,57,1,200,1,34,0,0,0,108,1155,35,35,0,,,,,,,,,,,,,,,,,,,,,,,,,,,,,,,,,,,,,,,,,,,,
2018,1,1,18,4,18/01/2018,B6,20409,B6,N267JB,2516,12478,1247805,31703,JFK,"New York, NY",NY,36,New York,22,15096,1509602,35096,SYR,"Syracuse, NY",NY,36,New York,22,1644,1639,-5,0,0,-1,1600-1659,17,1656,1740,6,1800,1746,-14,0,0,-1,1800-1859,0,,0,76,67,44,1,209,1,,,,,,,,,0,,,,,,,,,,,,,,,,,,,,,,,,,,,,,,,,,,,,,,,,,,,,
2018,1,1,18,4,18/01/2018,B6,20409,B6,N284JB,2533,10785,1078502,30785,BTV,"Burlington, VT",VT,50,Vermont,16,12478,1247805,31703,JFK,"New York, NY",NY,36,New York,22,1814,1806,-8,0,0,-1,1800-1859,43,1849,2010,18,1946,2028,42,42,1,2,1900-1959,0,,0,92,142,81,1,266,2,0,0,42,0,0,,,,0,,,,,,,,,,,,,,,,,,,,,,,,,,,,,,,,,,,,,,,,,,,,
2018,1,1,18,4,18/01/2018,B6,20409,B6,N284JB,2534,12478,1247805,31703,JFK,"New York, NY",NY,36,New York,22,10785,1078502,30785,BTV,"Burlington, VT",VT,50,Vermont,16,1613,1608,-5,0,0,-1,1600-1659,24,1632,1721,4,1736,1725,-11,0,0,-1,1700-1759,0,,0,83,77,49,1,266,2,,,,,,,,,0,,,,,,,,,,,,,,,,,,,,,,,,,,,,,,,,,,,,,,,,,,,,
2018,1,1,18,4,18/01/2018,B6,20409,B6,N346JB,2579,10721,1072102,30721,BOS,"Boston, MA",MA,25,Massachusetts,13,11618,1161802,31703,EWR,"Newark, NJ",NJ,34,New Jersey,21,1509,1543,34,34,1,2,1500-1559,25,1608,1704,9,1636,1713,37,37,1,2,1600-1659,0,,0,87,90,56,1,200,1,0,0,37,0,0,,,,0,,,,,,,,,,,,,,,,,,,,,,,,,,,,,,,,,,,,,,,,,,,,
2018,1,1,18,4,18/01/2018,B6,20409,B6,N346JB,2580,11618,1161802,31703,EWR,"Newark, NJ",NJ,34,New Jersey,21,10721,1072102,30721,BOS,"Boston, MA",MA,25,Massachusetts,13,1727,1746,19,19,1,1,1700-1759,27,1813,1849,6,1840,1855,15,15,1,1,1800-1859,0,,0,73,69,36,1,200,1,2,0,0,0,13,,,,0,,,,,,,,,,,,,,,,,,,,,,,,,,,,,,,,,,,,,,,,,,,,
2018,1,1,18,4,18/01/2018,B6,20409,B6,N306JB,2601,10792,1079206,30792,BUF,"Buffalo, NY",NY,36,New York,22,12478,1247805,31703,JFK,"New York, NY",NY,36,New York,22,1703,1833,90,90,1,6,1700-1759,12,1845,1959,9,1834,2008,94,94,1,6,1800-1859,0,,0,91,95,74,1,301,2,90,0,4,0,0,,,,0,,,,,,,,,,,,,,,,,,,,,,,,,,,,,,,,,,,,,,,,,,,,
2018,1,1,18,4,18/01/2018,B6,20409,B6,N193JB,2617,12451,1245102,31136,JAX,"Jacksonville, FL",FL,12,Florida,33,11697,1169706,32467,FLL,"Fort Lauderdale, FL",FL,12,Florida,33,1830,1840,10,10,0,0,1800-1859,10,1850,1942,6,1949,1948,-1,0,0,-1,1900-1959,0,,0,79,68,52,1,319,2,,,,,,,,,0,,,,,,,,,,,,,,,,,,,,,,,,,,,,,,,,,,,,,,,,,,,,
2018,1,1,18,4,18/01/2018,B6,20409,B6,N193JB,2618,11697,1169706,32467,FLL,"Fort Lauderdale, FL",FL,12,Florida,33,12451,1245102,31136,JAX,"Jacksonville, FL",FL,12,Florida,33,2025,2030,5,5,0,0,2000-2059,13,2043,2136,4,2141,2140,-1,0,0,-1,2100-2159,0,,0,76,70,53,1,319,2,,,,,,,,,0,,,,,,,,,,,,,,,,,,,,,,,,,,,,,,,,,,,,,,,,,,,,
2018,1,1,18,4,18/01/2018,B6,20409,B6,N351JB,2625,14492,1449202,34492,RDU,"Raleigh/Durham, NC",NC,37,North Carolina,36,11697,1169706,32467,FLL,"Fort Lauderdale, FL",FL,12,Florida,33,1650,1724,34,34,1,2,1600-1659,15,1739,1924,5,1859,1929,30,30,1,2,1800-1859,0,,0,129,125,105,1,680,3,24,0,0,0,6,,,,0,,,,,,,,,,,,,,,,,,,,,,,,,,,,,,,,,,,,,,,,,,,,
2018,1,1,18,4,18/01/2018,B6,20409,B6,N351JB,2626,11697,1169706,32467,FLL,"Fort Lauderdale, FL",FL,12,Florida,33,14492,1449202,34492,RDU,"Raleigh/Durham, NC",NC,37,North Carolina,36,1414,1423,9,9,0,0,1400-1459,17,1440,1620,7,1615,1627,12,12,0,0,1600-1659,0,,0,121,124,100,1,680,3,,,,,,,,,0,,,,,,,,,,,,,,,,,,,,,,,,,,,,,,,,,,,,,,,,,,,,
2018,1,1,18,4,18/01/2018,B6,20409,B6,N346JB,2679,10721,1072102,30721,BOS,"Boston, MA",MA,25,Massachusetts,13,11618,1161802,31703,EWR,"Newark, NJ",NJ,34,New Jersey,21,1950,2050,60,60,1,4,1900-1959,31,2121,2210,9,2120,2219,59,59,1,3,2100-2159,0,,0,90,89,49,1,200,1,0,0,59,0,0,,,,0,,,,,,,,,,,,,,,,,,,,,,,,,,,,,,,,,,,,,,,,,,,,
2018,1,1,18,4,18/01/2018,B6,20409,B6,N346JB,2680,11618,1161802,31703,EWR,"Newark, NJ",NJ,34,New Jersey,21,10721,1072102,30721,BOS,"Boston, MA",MA,25,Massachusetts,13,2155,2247,52,52,1,3,2100-2159,11,2258,2333,4,2301,2337,36,36,1,2,2300-2359,0,,0,66,50,35,1,200,1,0,0,0,0,36,,,,0,,,,,,,,,,,,,,,,,,,,,,,,,,,,,,,,,,,,,,,,,,,,
2018,1,1,18,4,18/01/2018,B6,20409,B6,N193JB,2718,11697,1169706,32467,FLL,"Fort Lauderdale, FL",FL,12,Florida,33,12451,1245102,31136,JAX,"Jacksonville, FL",FL,12,Florida,33,1636,1648,12,12,0,0,1600-1659,13,1701,1757,5,1754,1802,8,8,0,0,1700-1759,0,,0,78,74,56,1,319,2,,,,,,,,,0,,,,,,,,,,,,,,,,,,,,,,,,,,,,,,,,,,,,,,,,,,,,
2018,1,1,18,4,18/01/2018,B6,20409,B6,N187JB,2779,10721,1072102,30721,BOS,"Boston, MA",MA,25,Massachusetts,13,11618,1161802,31703,EWR,"Newark, NJ",NJ,34,New Jersey,21,2127,2228,61,61,1,4,2100-2159,12,2240,2325,11,2251,2336,45,45,1,3,2200-2259,0,,0,84,68,45,1,200,1,15,0,0,0,30,,,,0,,,,,,,,,,,,,,,,,,,,,,,,,,,,,,,,,,,,,,,,,,,,
2018,1,1,18,4,18/01/2018,B6,20409,B6,N374JB,2783,10721,1072102,30721,BOS,"Boston, MA",MA,25,Massachusetts,13,14492,1449202,34492,RDU,"Raleigh/Durham, NC",NC,37,North Carolina,36,1309,1333,24,24,1,1,1300-1359,16,1349,1514,9,1516,1523,7,7,0,0,1500-1559,0,,0,127,110,85,1,612,3,,,,,,,,,0,,,,,,,,,,,,,,,,,,,,,,,,,,,,,,,,,,,,,,,,,,,,
2018,1,1,18,4,18/01/2018,B6,20409,B6,N374JB,2784,14492,1449202,34492,RDU,"Raleigh/Durham, NC",NC,37,North Carolina,36,10721,1072102,30721,BOS,"Boston, MA",MA,25,Massachusetts,13,605,651,46,46,1,3,0600-0659,39,730,857,8,757,905,68,68,1,4,0700-0759,0,,0,112,134,87,1,612,3,46,0,22,0,0,,,,0,,,,,,,,,,,,,,,,,,,,,,,,,,,,,,,,,,,,,,,,,,,,
2018,1,1,18,4,18/01/2018,B6,20409,B6,N178JB,2802,12478,1247805,31703,JFK,"New York, NY",NY,36,New York,22,10792,1079206,30792,BUF,"Buffalo, NY",NY,36,New York,22,600,559,-1,0,0,-1,0600-0659,22,621,718,3,725,721,-4,0,0,-1,0700-0759,0,,0,85,82,57,1,301,2,,,,,,,,,0,,,,,,,,,,,,,,,,,,,,,,,,,,,,,,,,,,,,,,,,,,,,
2018,1,1,18,4,18/01/2018,B6,20409,B6,N605JB,2806,11697,1169706,32467,FLL,"Fort Lauderdale, FL",FL,12,Florida,33,11618,1161802,31703,EWR,"Newark, NJ",NJ,34,New Jersey,21,2112,2154,42,42,1,2,2100-2159,14,2208,23,7,2,30,28,28,1,1,0001-0559,0,,0,170,156,135,1,1065,5,21,0,0,0,7,,,,0,,,,,,,,,,,,,,,,,,,,,,,,,,,,,,,,,,,,,,,,,,,,
2018,1,1,18,4,18/01/2018,B6,20409,B6,N265JB,2807,14321,1432105,34321,PWM,"Portland, ME",ME,23,Maine,12,12478,1247805,31703,JFK,"New York, NY",NY,36,New York,22,533,529,-4,0,0,-1,0001-0559,39,608,700,5,659,705,6,6,0,0,0600-0659,0,,0,86,96,52,1,273,2,,,,,,,,,0,,,,,,,,,,,,,,,,,,,,,,,,,,,,,,,,,,,,,,,,,,,,
2018,1,1,18,4,18/01/2018,B6,20409,B6,N588JB,2927,11618,1161802,31703,EWR,"Newark, NJ",NJ,34,New Jersey,21,13204,1320402,31454,MCO,"Orlando, FL",FL,12,Florida,33,1455,1448,-7,0,0,-1,1400-1459,14,1502,1715,15,1751,1730,-21,0,0,-2,1700-1759,0,,0,176,162,133,1,937,4,,,,,,,,,0,,,,,,,,,,,,,,,,,,,,,,,,,,,,,,,,,,,,,,,,,,,,
2018,1,1,18,4,18/01/2018,B6,20409,B6,N708JB,2928,13204,1320402,31454,MCO,"Orlando, FL",FL,12,Florida,33,11618,1161802,31703,EWR,"Newark, NJ",NJ,34,New Jersey,21,1900,2103,123,123,1,8,1900-1959,16,2119,2317,7,2140,2324,104,104,1,6,2100-2159,0,,0,160,141,118,1,937,4,104,0,0,0,0,,,,0,,,,,,,,,,,,,,,,,,,,,,,,,,,,,,,,,,,,,,,,,,,,
2018,1,1,18,4,18/01/2018,B6,20409,B6,N569JB,2984,13204,1320402,31454,MCO,"Orlando, FL",FL,12,Florida,33,12478,1247805,31703,JFK,"New York, NY",NY,36,New York,22,1227,1221,-6,0,0,-1,1200-1259,13,1234,1440,2,1459,1442,-17,0,0,-2,1400-1459,0,,0,152,141,126,1,944,4,,,,,,,,,0,,,,,,,,,,,,,,,,,,,,,,,,,,,,,,,,,,,,,,,,,,,,
2018,1,1,19,5,19/01/2018,B6,20409,B6,N954JB,1,12478,1247805,31703,JFK,"New York, NY",NY,36,New York,22,11697,1169706,32467,FLL,"Fort Lauderdale, FL",FL,12,Florida,33,1000,1011,11,11,0,0,1000-1059,11,1022,1248,8,1315,1256,-19,0,0,-2,1300-1359,0,,0,195,165,146,1,1069,5,,,,,,,,,0,,,,,,,,,,,,,,,,,,,,,,,,,,,,,,,,,,,,,,,,,,,,
2018,1,1,19,5,19/01/2018,B6,20409,B6,N623JB,5,11618,1161802,31703,EWR,"Newark, NJ",NJ,34,New Jersey,21,11697,1169706,32467,FLL,"Fort Lauderdale, FL",FL,12,Florida,33,800,756,-4,0,0,-1,0800-0859,32,828,1056,6,1109,1102,-7,0,0,-1,1100-1159,0,,0,189,186,148,1,1065,5,,,,,,,,,0,,,,,,,,,,,,,,,,,,,,,,,,,,,,,,,,,,,,,,,,,,,,
2018,1,1,19,5,19/01/2018,B6,20409,B6,N663JB,6,11697,1169706,32467,FLL,"Fort Lauderdale, FL",FL,12,Florida,33,11618,1161802,31703,EWR,"Newark, NJ",NJ,34,New Jersey,21,1336,1412,36,36,1,2,1300-1359,65,1517,1745,10,1636,1755,79,79,1,5,1600-1659,0,,0,180,223,148,1,1065,5,0,0,79,0,0,,,,0,,,,,,,,,,,,,,,,,,,,,,,,,,,,,,,,,,,,,,,,,,,,
2018,1,1,19,5,19/01/2018,B6,20409,B6,N652JB,7,11697,1169706,32467,FLL,"Fort Lauderdale, FL",FL,12,Florida,33,12889,1288903,32211,LAS,"Las Vegas, NV",NV,32,Nevada,85,1919,1915,-4,0,0,-1,1900-1959,32,1947,2135,8,2156,2143,-13,0,0,-1,2100-2159,0,,0,337,328,288,1,2173,9,,,,,,,,,0,,,,,,,,,,,,,,,,,,,,,,,,,,,,,,,,,,,,,,,,,,,,
2018,1,1,19,5,19/01/2018,B6,20409,B6,N652JB,8,12889,1288903,32211,LAS,"Las Vegas, NV",NV,32,Nevada,85,11697,1169706,32467,FLL,"Fort Lauderdale, FL",FL,12,Florida,33,2246,2247,1,1,0,0,2200-2259,12,2259,609,7,617,616,-1,0,0,-1,0600-0659,0,,0,271,269,250,1,2173,9,,,,,,,,,0,,,,,,,,,,,,,,,,,,,,,,,,,,,,,,,,,,,,,,,,,,,,
2018,1,1,19,5,19/01/2018,B6,20409,B6,N593JB,14,12954,1295406,32575,LGB,"Long Beach, CA",CA,6,California,91,12478,1247805,31703,JFK,"New York, NY",NY,36,New York,22,2106,2106,0,0,0,0,2100-2159,11,2117,516,6,516,522,6,6,0,0,0001-0559,0,,0,310,316,299,1,2465,10,,,,,,,,,0,,,,,,,,,,,,,,,,,,,,,,,,,,,,,,,,,,,,,,,,,,,,
2018,1,1,19,5,19/01/2018,B6,20409,B6,N947JB,15,12478,1247805,31703,JFK,"New York, NY",NY,36,New York,22,14771,1477104,32457,SFO,"San Francisco, CA",CA,6,California,91,650,644,-6,0,0,-1,0600-0659,19,703,951,9,1029,1000,-29,0,0,-2,1000-1059,0,,0,399,376,348,1,2586,11,,,,,,,,,0,,,,,,,,,,,,,,,,,,,,,,,,,,,,,,,,,,,,,,,,,,,,
2018,1,1,19,5,19/01/2018,B6,20409,B6,N929JB,16,14771,1477104,32457,SFO,"San Francisco, CA",CA,6,California,91,12478,1247805,31703,JFK,"New York, NY",NY,36,New York,22,700,654,-6,0,0,-1,0700-0759,11,705,1450,4,1525,1454,-31,0,0,-2,1500-1559,0,,0,325,300,285,1,2586,11,,,,,,,,,0,,,,,,,,,,,,,,,,,,,,,,,,,,,,,,,,,,,,,,,,,,,,
2018,1,1,19,5,19/01/2018,B6,20409,B6,N964JB,19,10721,1072102,30721,BOS,"Boston, MA",MA,25,Massachusetts,13,14679,1467903,33570,SAN,"San Diego, CA",CA,6,California,91,1635,1632,-3,0,0,-1,1600-1659,19,1651,1922,3,2010,1925,-45,0,0,-2,2000-2059,0,,0,395,353,331,1,2588,11,,,,,,,,,0,,,,,,,,,,,,,,,,,,,,,,,,,,,,,,,,,,,,,,,,,,,,
2018,1,1,19,5,19/01/2018,B6,20409,B6,N964JB,20,14679,1467903,33570,SAN,"San Diego, CA",CA,6,California,91,10721,1072102,30721,BOS,"Boston, MA",MA,25,Massachusetts,13,2130,2117,-13,0,0,-1,2100-2159,13,2130,459,5,546,504,-42,0,0,-2,0001-0559,0,,0,316,287,269,1,2588,11,,,,,,,,,0,,,,,,,,,,,,,,,,,,,,,,,,,,,,,,,,,,,,,,,,,,,,
2018,1,1,19,5,19/01/2018,B6,20409,B6,N587JB,21,10721,1072102,30721,BOS,"Boston, MA",MA,25,Massachusetts,13,14027,1402702,34027,PBI,"West Palm Beach/Palm Beach, FL",FL,12,Florida,33,1133,1132,-1,0,0,-1,1100-1159,14,1146,1437,3,1500,1440,-20,0,0,-2,1500-1559,0,,0,207,188,171,1,1197,5,,,,,,,,,0,,,,,,,,,,,,,,,,,,,,,,,,,,,,,,,,,,,,,,,,,,,,
2018,1,1,19,5,19/01/2018,B6,20409,B6,N805JB,22,14027,1402702,34027,PBI,"West Palm Beach/Palm Beach, FL",FL,12,Florida,33,10721,1072102,30721,BOS,"Boston, MA",MA,25,Massachusetts,13,2053,2034,-19,0,0,-2,2000-2059,10,2044,2327,4,2349,2331,-18,0,0,-2,2300-2359,0,,0,176,177,163,1,1197,5,,,,,,,,,0,,,,,,,,,,,,,,,,,,,,,,,,,,,,,,,,,,,,,,,,,,,,
2018,1,1,19,5,19/01/2018,B6,20409,B6,N986JB,23,12478,1247805,31703,JFK,"New York, NY",NY,36,New York,22,12892,1289208,32575,LAX,"Los Angeles, CA",CA,6,California,91,600,555,-5,0,0,-1,0600-0659,18,613,824,12,923,836,-47,0,0,-2,0900-0959,0,,0,383,341,311,1,2475,10,,,,,,,,,0,,,,,,,,,,,,,,,,,,,,,,,,,,,,,,,,,,,,,,,,,,,,
2018,1,1,19,5,19/01/2018,B6,20409,B6,N990JB,24,12892,1289208,32575,LAX,"Los Angeles, CA",CA,6,California,91,12478,1247805,31703,JFK,"New York, NY",NY,36,New York,22,600,550,-10,0,0,-1,0600-0659,12,602,1356,5,1415,1401,-14,0,0,-1,1400-1459,0,,0,315,311,294,1,2475,10,,,,,,,,,0,,,,,,,,,,,,,,,,,,,,,,,,,,,,,,,,,,,,,,,,,,,,
2018,1,1,19,5,19/01/2018,B6,20409,B6,N265JB,26,15304,1530402,33195,TPA,"Tampa, FL",FL,12,Florida,33,12478,1247805,31703,JFK,"New York, NY",NY,36,New York,22,1028,1016,-12,0,0,-1,1000-1059,15,1031,1241,2,1300,1243,-17,0,0,-2,1300-1359,0,,0,152,147,130,1,1005,5,,,,,,,,,0,,,,,,,,,,,,,,,,,,,,,,,,,,,,,,,,,,,,,,,,,,,,
2018,1,1,19,5,19/01/2018,B6,20409,B6,N535JB,27,11618,1161802,31703,EWR,"Newark, NJ",NJ,34,New Jersey,21,13204,1320402,31454,MCO,"Orlando, FL",FL,12,Florida,33,841,924,43,43,1,2,0800-0859,28,952,1203,13,1139,1216,37,37,1,2,1100-1159,0,,0,178,172,131,1,937,4,1,0,0,0,36,,,,0,,,,,,,,,,,,,,,,,,,,,,,,,,,,,,,,,,,,,,,,,,,,
2018,1,1,19,5,19/01/2018,B6,20409,B6,N638JB,28,13204,1320402,31454,MCO,"Orlando, FL",FL,12,Florida,33,11618,1161802,31703,EWR,"Newark, NJ",NJ,34,New Jersey,21,939,936,-3,0,0,-1,0900-0959,17,953,1202,6,1215,1208,-7,0,0,-1,1200-1259,0,,0,156,152,129,1,937,4,,,,,,,,,0,,,,,,,,,,,,,,,,,,,,,,,,,,,,,,,,,,,,,,,,,,,,
2018,1,1,19,5,19/01/2018,B6,20409,B6,N190JB,33,10785,1078502,30785,BTV,"Burlington, VT",VT,50,Vermont,16,12478,1247805,31703,JFK,"New York, NY",NY,36,New York,22,1441,1444,3,3,0,0,1400-1459,13,1457,1556,8,1608,1604,-4,0,0,-1,1600-1659,0,,0,87,80,59,1,266,2,,,,,,,,,0,,,,,,,,,,,,,,,,,,,,,,,,,,,,,,,,,,,,,,,,,,,,
2018,1,1,19,5,19/01/2018,B6,20409,B6,N190JB,34,12478,1247805,31703,JFK,"New York, NY",NY,36,New York,22,10785,1078502,30785,BTV,"Burlington, VT",VT,50,Vermont,16,1253,1251,-2,0,0,-1,1200-1259,27,1318,1408,3,1406,1411,5,5,0,0,1400-1459,0,,0,73,80,50,1,266,2,,,,,,,,,0,,,,,,,,,,,,,,,,,,,,,,,,,,,,,,,,,,,,,,,,,,,,
2018,1,1,19,5,19/01/2018,B6,20409,B6,N789JB,42,12954,1295406,32575,LGB,"Long Beach, CA",CA,6,California,91,14570,1457002,34570,RNO,"Reno, NV",NV,32,Nevada,85,835,830,-5,0,0,-1,0800-0859,10,840,934,3,1002,937,-25,0,0,-2,1000-1059,0,,0,87,67,54,1,402,2,,,,,,,,,0,,,,,,,,,,,,,,,,,,,,,,,,,,,,,,,,,,,,,,,,,,,,
2018,1,1,19,5,19/01/2018,B6,20409,B6,N789JB,43,14570,1457002,34570,RNO,"Reno, NV",NV,32,Nevada,85,12954,1295406,32575,LGB,"Long Beach, CA",CA,6,California,91,1042,1033,-9,0,0,-1,1000-1059,9,1042,1156,4,1204,1200,-4,0,0,-1,1200-1259,0,,0,82,87,74,1,402,2,,,,,,,,,0,,,,,,,,,,,,,,,,,,,,,,,,,,,,,,,,,,,,,,,,,,,,
2018,1,1,19,5,19/01/2018,B6,20409,B6,N339JB,49,10721,1072102,30721,BOS,"Boston, MA",MA,25,Massachusetts,13,14685,1468502,34685,SAV,"Savannah, GA",GA,13,Georgia,34,951,946,-5,0,0,-1,0900-0959,24,1010,1214,8,1240,1222,-18,0,0,-2,1200-1259,0,,0,169,156,124,1,901,4,,,,,,,,,0,,,,,,,,,,,,,,,,,,,,,,,,,,,,,,,,,,,,,,,,,,,,
2018,1,1,19,5,19/01/2018,B6,20409,B6,N339JB,50,14685,1468502,34685,SAV,"Savannah, GA",GA,13,Georgia,34,10721,1072102,30721,BOS,"Boston, MA",MA,25,Massachusetts,13,1315,1304,-11,0,0,-1,1300-1359,14,1318,1516,6,1533,1522,-11,0,0,-1,1500-1559,0,,0,138,138,118,1,901,4,,,,,,,,,0,,,,,,,,,,,,,,,,,,,,,,,,,,,,,,,,,,,,,,,,,,,,
2018,1,1,19,5,19/01/2018,B6,20409,B6,N955JB,51,10721,1072102,30721,BOS,"Boston, MA",MA,25,Massachusetts,13,13204,1320402,31454,MCO,"Orlando, FL",FL,12,Florida,33,600,553,-7,0,0,-1,0600-0659,15,608,853,13,926,906,-20,0,0,-2,0900-0959,0,,0,206,193,165,1,1121,5,,,,,,,,,0,,,,,,,,,,,,,,,,,,,,,,,,,,,,,,,,,,,,,,,,,,,,
2018,1,1,19,5,19/01/2018,B6,20409,B6,N907JB,52,13204,1320402,31454,MCO,"Orlando, FL",FL,12,Florida,33,10721,1072102,30721,BOS,"Boston, MA",MA,25,Massachusetts,13,715,713,-2,0,0,-1,0700-0759,19,732,958,3,1007,1001,-6,0,0,-1,1000-1059,0,,0,172,168,146,1,1121,5,,,,,,,,,0,,,,,,,,,,,,,,,,,,,,,,,,,,,,,,,,,,,,,,,,,,,,
2018,1,1,19,5,19/01/2018,B6,20409,B6,N948JB,53,12478,1247805,31703,JFK,"New York, NY",NY,36,New York,22,14027,1402702,34027,PBI,"West Palm Beach/Palm Beach, FL",FL,12,Florida,33,656,645,-11,0,0,-1,0600-0659,29,714,946,7,957,953,-4,0,0,-1,0900-0959,0,,0,181,188,152,1,1028,5,,,,,,,,,0,,,,,,,,,,,,,,,,,,,,,,,,,,,,,,,,,,,,,,,,,,,,
2018,1,1,19,5,19/01/2018,B6,20409,B6,N970JB,54,14027,1402702,34027,PBI,"West Palm Beach/Palm Beach, FL",FL,12,Florida,33,12478,1247805,31703,JFK,"New York, NY",NY,36,New York,22,700,654,-6,0,0,-1,0700-0759,11,705,918,7,939,925,-14,0,0,-1,0900-0959,0,,0,159,151,133,1,1028,5,,,,,,,,,0,,,,,,,,,,,,,,,,,,,,,,,,,,,,,,,,,,,,,,,,,,,,
2018,1,1,19,5,19/01/2018,B6,20409,B6,N236JB,55,10721,1072102,30721,BOS,"Boston, MA",MA,25,Massachusetts,13,11278,1127805,30852,DCA,"Washington, DC",VA,51,Virginia,38,719,710,-9,0,0,-1,0700-0759,26,736,843,2,907,845,-22,0,0,-2,0900-0959,0,,0,108,95,67,1,399,2,,,,,,,,,0,,,,,,,,,,,,,,,,,,,,,,,,,,,,,,,,,,,,,,,,,,,,
2018,1,1,19,5,19/01/2018,B6,20409,B6,N292JB,56,12264,1226402,30852,IAD,"Washington, DC",VA,51,Virginia,38,10721,1072102,30721,BOS,"Boston, MA",MA,25,Massachusetts,13,1026,1018,-8,0,0,-1,1000-1059,13,1031,1134,2,1149,1136,-13,0,0,-1,1100-1159,0,,0,83,78,63,1,413,2,,,,,,,,,0,,,,,,,,,,,,,,,,,,,,,,,,,,,,,,,,,,,,,,,,,,,,
2018,1,1,19,5,19/01/2018,B6,20409,B6,N292JB,57,10721,1072102,30721,BOS,"Boston, MA",MA,25,Massachusetts,13,12264,1226402,30852,IAD,"Washington, DC",VA,51,Virginia,38,800,754,-6,0,0,-1,0800-0859,18,812,919,3,948,922,-26,0,0,-2,0900-0959,0,,0,108,88,67,1,413,2,,,,,,,,,0,,,,,,,,,,,,,,,,,,,,,,,,,,,,,,,,,,,,,,,,,,,,
2018,1,1,19,5,19/01/2018,B6,20409,B6,N641JB,61,10721,1072102,30721,BOS,"Boston, MA",MA,25,Massachusetts,13,14843,1484306,34819,SJU,"San Juan, PR",PR,72,Puerto Rico,3,2255,2259,4,4,0,0,2200-2259,17,2316,342,4,351,346,-5,0,0,-1,0001-0559,0,,0,236,227,206,1,1674,7,,,,,,,,,0,,,,,,,,,,,,,,,,,,,,,,,,,,,,,,,,,,,,,,,,,,,,
2018,1,1,19,5,19/01/2018,B6,20409,B6,N508JB,62,14027,1402702,34027,PBI,"West Palm Beach/Palm Beach, FL",FL,12,Florida,33,12953,1295304,31703,LGA,"New York, NY",NY,36,New York,22,949,942,-7,0,0,-1,0900-0959,12,954,1211,2,1230,1213,-17,0,0,-2,1200-1259,0,,0,161,151,137,1,1035,5,,,,,,,,,0,,,,,,,,,,,,,,,,,,,,,,,,,,,,,,,,,,,,,,,,,,,,
2018,1,1,19,5,19/01/2018,B6,20409,B6,N520JB,65,12478,1247805,31703,JFK,"New York, NY",NY,36,New York,22,10140,1014005,30140,ABQ,"Albuquerque, NM",NM,35,New Mexico,86,1958,1953,-5,0,0,-1,1900-1959,17,2010,2204,7,2308,2211,-57,0,0,-2,2300-2359,0,,0,310,258,234,1,1826,8,,,,,,,,,0,,,,,,,,,,,,,,,,,,,,,,,,,,,,,,,,,,,,,,,,,,,,
2018,1,1,19,5,19/01/2018,B6,20409,B6,N520JB,66,10140,1014005,30140,ABQ,"Albuquerque, NM",NM,35,New Mexico,86,12478,1247805,31703,JFK,"New York, NY",NY,36,New York,22,2358,2350,-8,0,0,-1,2300-2359,8,2358,542,4,551,546,-5,0,0,-1,0001-0559,0,,0,233,236,224,1,1826,8,,,,,,,,,0,,,,,,,,,,,,,,,,,,,,,,,,,,,,,,,,,,,,,,,,,,,,
2018,1,1,19,5,19/01/2018,B6,20409,B6,N644JB,69,10721,1072102,30721,BOS,"Boston, MA",MA,25,Massachusetts,13,11697,1169706,32467,FLL,"Fort Lauderdale, FL",FL,12,Florida,33,1420,1416,-4,0,0,-1,1400-1459,19,1435,1739,6,1755,1745,-10,0,0,-1,1700-1759,0,,0,215,209,184,1,1237,5,,,,,,,,,0,,,,,,,,,,,,,,,,,,,,,,,,,,,,,,,,,,,,,,,,,,,,
2018,1,1,19,5,19/01/2018,B6,20409,B6,N570JB,71,12478,1247805,31703,JFK,"New York, NY",NY,36,New York,22,14869,1486903,34614,SLC,"Salt Lake City, UT",UT,49,Utah,87,2051,2139,48,48,1,3,2000-2059,23,2202,43,4,22,47,25,25,1,1,0001-0559,0,,0,331,308,281,1,1990,8,18,0,0,0,7,,,,0,,,,,,,,,,,,,,,,,,,,,,,,,,,,,,,,,,,,,,,,,,,,
2018,1,1,19,5,19/01/2018,B6,20409,B6,N709JB,72,14869,1486903,34614,SLC,"Salt Lake City, UT",UT,49,Utah,87,12478,1247805,31703,JFK,"New York, NY",NY,36,New York,22,2252,2250,-2,0,0,-1,2200-2259,57,2347,522,6,508,528,20,20,1,1,0001-0559,0,,0,256,278,215,1,1990,8,0,0,20,0,0,,,,0,,,,,,,,,,,,,,,,,,,,,,,,,,,,,,,,,,,,,,,,,,,,
2018,1,1,19,5,19/01/2018,B6,20409,B6,N284JB,76,13495,1349505,33495,MSY,"New Orleans, LA",LA,22,Louisiana,72,12478,1247805,31703,JFK,"New York, NY",NY,36,New York,22,1158,1149,-9,0,0,-1,1100-1159,7,1156,1528,3,1546,1531,-15,0,0,-1,1500-1559,0,,0,168,162,152,1,1182,5,,,,,,,,,0,,,,,,,,,,,,,,,,,,,,,,,,,,,,,,,,,,,,,,,,,,,,
2018,1,1,19,5,19/01/2018,B6,20409,B6,N809JB,80,14570,1457002,34570,RNO,"Reno, NV",NV,32,Nevada,85,12478,1247805,31703,JFK,"New York, NY",NY,36,New York,22,2356,2352,-4,0,0,-1,2300-2359,10,2,718,27,803,745,-18,0,0,-2,0800-0859,0,,0,307,293,256,1,2411,10,,,,,,,,,0,,,,,,,,,,,,,,,,,,,,,,,,,,,,,,,,,,,,,,,,,,,,
2018,1,1,19,5,19/01/2018,B6,20409,B6,N809JB,81,12478,1247805,31703,JFK,"New York, NY",NY,36,New York,22,14570,1457002,34570,RNO,"Reno, NV",NV,32,Nevada,85,1939,1937,-2,0,0,-1,1900-1959,11,1948,2223,3,2306,2226,-40,0,0,-2,2300-2359,0,,0,387,349,335,1,2411,10,,,,,,,,,0,,,,,,,,,,,,,,,,,,,,,,,,,,,,,,,,,,,,,,,,,,,,
2018,1,1,19,5,19/01/2018,B6,20409,B6,N559JB,85,10792,1079206,30792,BUF,"Buffalo, NY",NY,36,New York,22,13204,1320402,31454,MCO,"Orlando, FL",FL,12,Florida,33,1648,1810,82,82,1,5,1600-1659,13,1823,2034,12,1938,2046,68,68,1,4,1900-1959,0,,0,170,156,131,1,1011,5,0,0,0,0,68,,,,0,,,,,,,,,,,,,,,,,,,,,,,,,,,,,,,,,,,,,,,,,,,,
2018,1,1,19,5,19/01/2018,B6,20409,B6,N760JB,87,10257,1025702,30257,ALB,"Albany, NY",NY,36,New York,22,11697,1169706,32467,FLL,"Fort Lauderdale, FL",FL,12,Florida,33,1634,1622,-12,0,0,-1,1600-1659,13,1635,1923,12,1954,1935,-19,0,0,-2,1900-1959,0,,0,200,193,168,1,1204,5,,,,,,,,,0,,,,,,,,,,,,,,,,,,,,,,,,,,,,,,,,,,,,,,,,,,,,
2018,1,1,19,5,19/01/2018,B6,20409,B6,N760JB,88,11697,1169706,32467,FLL,"Fort Lauderdale, FL",FL,12,Florida,33,10257,1025702,30257,ALB,"Albany, NY",NY,36,New York,22,1255,1246,-9,0,0,-1,1200-1259,19,1305,1544,2,1553,1546,-7,0,0,-1,1500-1559,0,,0,178,180,159,1,1204,5,,,,,,,,,0,,,,,,,,,,,,,,,,,,,,,,,,,,,,,,,,,,,,,,,,,,,,
2018,1,1,19,5,19/01/2018,B6,20409,B6,N991JB,89,12478,1247805,31703,JFK,"New York, NY",NY,36,New York,22,14679,1467903,33570,SAN,"San Diego, CA",CA,6,California,91,1635,1640,5,5,0,0,1600-1659,16,1656,1905,5,1957,1910,-47,0,0,-2,1900-1959,0,,0,382,330,309,1,2446,10,,,,,,,,,0,,,,,,,,,,,,,,,,,,,,,,,,,,,,,,,,,,,,,,,,,,,,
2018,1,1,19,5,19/01/2018,B6,20409,B6,N991JB,90,14679,1467903,33570,SAN,"San Diego, CA",CA,6,California,91,12478,1247805,31703,JFK,"New York, NY",NY,36,New York,22,2110,2100,-10,0,0,-1,2100-2159,16,2116,510,14,517,524,7,7,0,0,0001-0559,0,,0,307,324,294,1,2446,10,,,,,,,,,0,,,,,,,,,,,,,,,,,,,,,,,,,,,,,,,,,,,,,,,,,,,,
2018,1,1,19,5,19/01/2018,B6,20409,B6,N913JB,97,12478,1247805,31703,JFK,"New York, NY",NY,36,New York,22,11292,1129202,30325,DEN,"Denver, CO",CO,8,Colorado,82,2016,2006,-10,0,0,-1,2000-2059,15,2021,2205,6,2259,2211,-48,0,0,-2,2200-2259,0,,0,283,245,224,1,1626,7,,,,,,,,,0,,,,,,,,,,,,,,,,,,,,,,,,,,,,,,,,,,,,,,,,,,,,
2018,1,1,19,5,19/01/2018,B6,20409,B6,N913JB,98,11292,1129202,30325,DEN,"Denver, CO",CO,8,Colorado,82,12478,1247805,31703,JFK,"New York, NY",NY,36,New York,22,2359,2354,-5,0,0,-1,2300-2359,12,6,512,4,537,516,-21,0,0,-2,0001-0559,0,,0,218,202,186,1,1626,7,,,,,,,,,0,,,,,,,,,,,,,,,,,,,,,,,,,,,,,,,,,,,,,,,,,,,,
2018,1,1,19,5,19/01/2018,B6,20409,B6,N984JB,100,12892,1289208,32575,LAX,"Los Angeles, CA",CA,6,California,91,11697,1169706,32467,FLL,"Fort Lauderdale, FL",FL,12,Florida,33,2114,2114,0,0,0,0,2100-2159,16,2130,500,4,501,504,3,3,0,0,0001-0559,0,,0,287,290,270,1,2343,10,,,,,,,,,0,,,,,,,,,,,,,,,,,,,,,,,,,,,,,,,,,,,,,,,,,,,,
2018,1,1,19,5,19/01/2018,B6,20409,B6,N980JB,101,11697,1169706,32467,FLL,"Fort Lauderdale, FL",FL,12,Florida,33,12892,1289208,32575,LAX,"Los Angeles, CA",CA,6,California,91,1700,1708,8,8,0,0,1700-1759,29,1737,1948,11,1958,1959,1,1,0,0,1900-1959,0,,0,358,351,311,1,2343,10,,,,,,,,,0,,,,,,,,,,,,,,,,,,,,,,,,,,,,,,,,,,,,,,,,,,,,
2018,1,1,19,5,19/01/2018,B6,20409,B6,N229JB,102,12478,1247805,31703,JFK,"New York, NY",NY,36,New York,22,10792,1079206,30792,BUF,"Buffalo, NY",NY,36,New York,22,1833,1830,-3,0,0,-1,1800-1859,16,1846,1948,2,2008,1950,-18,0,0,-2,2000-2059,0,,0,95,80,62,1,301,2,,,,,,,,,0,,,,,,,,,,,,,,,,,,,,,,,,,,,,,,,,,,,,,,,,,,,,
2018,1,1,19,5,19/01/2018,B6,20409,B6,N178JB,105,12478,1247805,31703,JFK,"New York, NY",NY,36,New York,22,13930,1393006,30977,ORD,"Chicago, IL",IL,17,Illinois,41,1545,1537,-8,0,0,-1,1500-1559,30,1607,1711,6,1741,1717,-24,0,0,-2,1700-1759,0,,0,176,160,124,1,740,3,,,,,,,,,0,,,,,,,,,,,,,,,,,,,,,,,,,,,,,,,,,,,,,,,,,,,,
2018,1,1,19,5,19/01/2018,B6,20409,B6,N562JB,106,11697,1169706,32467,FLL,"Fort Lauderdale, FL",FL,12,Florida,33,11618,1161802,31703,EWR,"Newark, NJ",NJ,34,New Jersey,21,1620,1655,35,35,1,2,1600-1659,35,1730,2009,5,1924,2014,50,50,1,3,1900-1959,0,,0,184,199,159,1,1065,5,0,0,50,0,0,,,,0,,,,,,,,,,,,,,,,,,,,,,,,,,,,,,,,,,,,,,,,,,,,
2018,1,1,19,5,19/01/2018,B6,20409,B6,N229JB,107,14321,1432105,34321,PWM,"Portland, ME",ME,23,Maine,12,12478,1247805,31703,JFK,"New York, NY",NY,36,New York,22,1146,1140,-6,0,0,-1,1100-1159,9,1149,1243,6,1307,1249,-18,0,0,-2,1300-1359,0,,0,81,69,54,1,273,2,,,,,,,,,0,,,,,,,,,,,,,,,,,,,,,,,,,,,,,,,,,,,,,,,,,,,,
2018,1,1,19,5,19/01/2018,B6,20409,B6,N358JB,108,12478,1247805,31703,JFK,"New York, NY",NY,36,New York,22,14321,1432105,34321,PWM,"Portland, ME",ME,23,Maine,12,2250,2242,-8,0,0,-1,2200-2259,16,2258,2350,4,4,2354,-10,0,0,-1,0001-0559,0,,0,74,72,52,1,273,2,,,,,,,,,0,,,,,,,,,,,,,,,,,,,,,,,,,,,,,,,,,,,,,,,,,,,,
2018,1,1,19,5,19/01/2018,B6,20409,B6,N281JB,111,10721,1072102,30721,BOS,"Boston, MA",MA,25,Massachusetts,13,13930,1393006,30977,ORD,"Chicago, IL",IL,17,Illinois,41,701,653,-8,0,0,-1,0700-0759,18,711,823,5,904,828,-36,0,0,-2,0900-0959,0,,0,183,155,132,1,867,4,,,,,,,,,0,,,,,,,,,,,,,,,,,,,,,,,,,,,,,,,,,,,,,,,,,,,,
2018,1,1,19,5,19/01/2018,B6,20409,B6,N292JB,112,13930,1393006,30977,ORD,"Chicago, IL",IL,17,Illinois,41,10721,1072102,30721,BOS,"Boston, MA",MA,25,Massachusetts,13,1942,1936,-6,0,0,-1,1900-1959,12,1948,2230,4,2257,2234,-23,0,0,-2,2200-2259,0,,0,135,118,102,1,867,4,,,,,,,,,0,,,,,,,,,,,,,,,,,,,,,,,,,,,,,,,,,,,,,,,,,,,,
2018,1,1,19,5,19/01/2018,B6,20409,B6,N238JB,115,15096,1509602,35096,SYR,"Syracuse, NY",NY,36,New York,22,12478,1247805,31703,JFK,"New York, NY",NY,36,New York,22,530,519,-11,0,0,-1,0001-0559,65,624,709,4,653,713,20,20,1,1,0600-0659,0,,0,83,114,45,1,209,1,0,0,20,0,0,,,,0,,,,,,,,,,,,,,,,,,,,,,,,,,,,,,,,,,,,,,,,,,,,
2018,1,1,19,5,19/01/2018,B6,20409,B6,N283JB,116,12478,1247805,31703,JFK,"New York, NY",NY,36,New York,22,15096,1509602,35096,SYR,"Syracuse, NY",NY,36,New York,22,735,815,40,40,1,2,0700-0759,16,831,918,2,848,920,32,32,1,2,0800-0859,0,,0,73,65,47,1,209,1,32,0,0,0,0,,,,0,,,,,,,,,,,,,,,,,,,,,,,,,,,,,,,,,,,,,,,,,,,,
2018,1,1,19,5,19/01/2018,B6,20409,B6,N184JB,117,10721,1072102,30721,BOS,"Boston, MA",MA,25,Massachusetts,13,12478,1247805,31703,JFK,"New York, NY",NY,36,New York,22,1243,1253,10,10,0,0,1200-1259,13,1306,1355,4,1401,1359,-2,0,0,-1,1400-1459,0,,0,78,66,49,1,187,1,,,,,,,,,0,,,,,,,,,,,,,,,,,,,,,,,,,,,,,,,,,,,,,,,,,,,,
2018,1,1,19,5,19/01/2018,B6,20409,B6,N607JB,119,10257,1025702,30257,ALB,"Albany, NY",NY,36,New York,22,13204,1320402,31454,MCO,"Orlando, FL",FL,12,Florida,33,1526,1539,13,13,0,0,1500-1559,35,1614,1842,19,1835,1901,26,26,1,1,1800-1859,0,,0,189,202,148,1,1073,5,2,0,13,0,11,,,,0,,,,,,,,,,,,,,,,,,,,,,,,,,,,,,,,,,,,,,,,,,,,
2018,1,1,19,5,19/01/2018,B6,20409,B6,N607JB,120,13204,1320402,31454,MCO,"Orlando, FL",FL,12,Florida,33,10257,1025702,30257,ALB,"Albany, NY",NY,36,New York,22,1202,1201,-1,0,0,-1,1200-1259,21,1222,1450,7,1446,1457,11,11,0,0,1400-1459,0,,0,164,176,148,1,1073,5,,,,,,,,,0,,,,,,,,,,,,,,,,,,,,,,,,,,,,,,,,,,,,,,,,,,,,
2018,1,1,19,5,19/01/2018,B6,20409,B6,N828JB,121,10721,1072102,30721,BOS,"Boston, MA",MA,25,Massachusetts,13,14027,1402702,34027,PBI,"West Palm Beach/Palm Beach, FL",FL,12,Florida,33,900,852,-8,0,0,-1,0900-0959,14,906,1158,3,1229,1201,-28,0,0,-2,1200-1259,0,,0,209,189,172,1,1197,5,,,,,,,,,0,,,,,,,,,,,,,,,,,,,,,,,,,,,,,,,,,,,,,,,,,,,,
2018,1,1,19,5,19/01/2018,B6,20409,B6,N587JB,122,14027,1402702,34027,PBI,"West Palm Beach/Palm Beach, FL",FL,12,Florida,33,10721,1072102,30721,BOS,"Boston, MA",MA,25,Massachusetts,13,1540,1531,-9,0,0,-1,1500-1559,16,1547,1837,7,1843,1844,1,1,0,0,1800-1859,0,,0,183,193,170,1,1197,5,,,,,,,,,0,,,,,,,,,,,,,,,,,,,,,,,,,,,,,,,,,,,,,,,,,,,,
2018,1,1,19,5,19/01/2018,B6,20409,B6,N923JB,123,12478,1247805,31703,JFK,"New York, NY",NY,36,New York,22,12892,1289208,32575,LAX,"Los Angeles, CA",CA,6,California,91,726,721,-5,0,0,-1,0700-0759,19,740,951,6,1053,957,-56,0,0,-2,1000-1059,0,,0,387,336,311,1,2475,10,,,,,,,,,0,,,,,,,,,,,,,,,,,,,,,,,,,,,,,,,,,,,,,,,,,,,,
2018,1,1,19,5,19/01/2018,B6,20409,B6,N991JB,124,12892,1289208,32575,LAX,"Los Angeles, CA",CA,6,California,91,12478,1247805,31703,JFK,"New York, NY",NY,36,New York,22,700,651,-9,0,0,-1,0700-0759,11,702,1449,3,1516,1452,-24,0,0,-2,1500-1559,0,,0,316,301,287,1,2475,10,,,,,,,,,0,,,,,,,,,,,,,,,,,,,,,,,,,,,,,,,,,,,,,,,,,,,,
2018,1,1,19,5,19/01/2018,B6,20409,B6,N374JB,126,10821,1082106,30852,BWI,"Baltimore, MD",MD,24,Maryland,35,10721,1072102,30721,BOS,"Boston, MA",MA,25,Massachusetts,13,1306,1249,-17,0,0,-2,1300-1359,9,1258,1357,4,1426,1401,-25,0,0,-2,1400-1459,0,,0,80,72,59,1,369,2,,,,,,,,,0,,,,,,,,,,,,,,,,,,,,,,,,,,,,,,,,,,,,,,,,,,,,
2018,1,1,19,5,19/01/2018,B6,20409,B6,N585JB,127,11618,1161802,31703,EWR,"Newark, NJ",NJ,34,New Jersey,21,13204,1320402,31454,MCO,"Orlando, FL",FL,12,Florida,33,1934,2027,53,53,1,3,1900-1959,25,2052,2257,9,2227,2306,39,39,1,2,2200-2259,0,,0,173,159,125,1,937,4,10,0,0,0,29,,,,0,,,,,,,,,,,,,,,,,,,,,,,,,,,,,,,,,,,,,,,,,,,,
2018,1,1,19,5,19/01/2018,B6,20409,B6,N605JB,128,13204,1320402,31454,MCO,"Orlando, FL",FL,12,Florida,33,11618,1161802,31703,EWR,"Newark, NJ",NJ,34,New Jersey,21,1709,1750,41,41,1,2,1700-1759,29,1819,2031,7,1952,2038,46,46,1,3,1900-1959,0,,0,163,168,132,1,937,4,0,0,46,0,0,,,,0,,,,,,,,,,,,,,,,,,,,,,,,,,,,,,,,,,,,,,,,,,,,
2018,1,1,19,5,19/01/2018,B6,20409,B6,N712JB,130,14635,1463502,31714,RSW,"Fort Myers, FL",FL,12,Florida,33,12478,1247805,31703,JFK,"New York, NY",NY,36,New York,22,1510,1500,-10,0,0,-1,1500-1559,10,1510,1737,9,1757,1746,-11,0,0,-1,1700-1759,0,,0,167,166,147,1,1074,5,,,,,,,,,0,,,,,,,,,,,,,,,,,,,,,,,,,,,,,,,,,,,,,,,,,,,,
2018,1,1,19,5,19/01/2018,B6,20409,B6,N615JB,131,13204,1320402,31454,MCO,"Orlando, FL",FL,12,Florida,33,12892,1289208,32575,LAX,"Los Angeles, CA",CA,6,California,91,2013,2011,-2,0,0,-1,2000-2059,12,2023,2206,15,2300,2221,-39,0,0,-2,2300-2359,0,,0,347,310,283,1,2218,9,,,,,,,,,0,,,,,,,,,,,,,,,,,,,,,,,,,,,,,,,,,,,,,,,,,,,,
2018,1,1,19,5,19/01/2018,B6,20409,B6,N615JB,132,12892,1289208,32575,LAX,"Los Angeles, CA",CA,6,California,91,13204,1320402,31454,MCO,"Orlando, FL",FL,12,Florida,33,2350,2344,-6,0,0,-1,2300-2359,17,1,717,6,739,723,-16,0,0,-2,0700-0759,0,,0,289,279,256,1,2218,9,,,,,,,,,0,,,,,,,,,,,,,,,,,,,,,,,,,,,,,,,,,,,,,,,,,,,,
2018,1,1,19,5,19/01/2018,B6,20409,B6,N983JB,133,10721,1072102,30721,BOS,"Boston, MA",MA,25,Massachusetts,13,14771,1477104,32457,SFO,"San Francisco, CA",CA,6,California,91,640,634,-6,0,0,-1,0600-0659,16,650,1006,13,1038,1019,-19,0,0,-2,1000-1059,0,,0,418,405,376,1,2704,11,,,,,,,,,0,,,,,,,,,,,,,,,,,,,,,,,,,,,,,,,,,,,,,,,,,,,,
2018,1,1,19,5,19/01/2018,B6,20409,B6,N804JB,135,12478,1247805,31703,JFK,"New York, NY",NY,36,New York,22,14107,1410702,30466,PHX,"Phoenix, AZ",AZ,4,Arizona,81,1919,2036,77,77,1,5,1900-1959,17,2053,2333,5,2309,2338,29,29,1,1,2300-2359,0,,0,350,302,280,1,2153,9,0,0,26,0,3,1959,34,34,0,,,,,,,,,,,,,,,,,,,,,,,,,,,,,,,,,,,,,,,,,,,,
2018,1,1,19,5,19/01/2018,B6,20409,B6,N834JB,136,14107,1410702,30466,PHX,"Phoenix, AZ",AZ,4,Arizona,81,12478,1247805,31703,JFK,"New York, NY",NY,36,New York,22,2249,2239,-10,0,0,-1,2200-2259,25,2304,520,7,521,527,6,6,0,0,0001-0559,0,,0,272,288,256,1,2153,9,,,,,,,,,0,,,,,,,,,,,,,,,,,,,,,,,,,,,,,,,,,,,,,,,,,,,,
2018,1,1,19,5,19/01/2018,B6,20409,B6,N247JB,144,10994,1099402,30994,CHS,"Charleston, SC",SC,45,South Carolina,37,11278,1127805,30852,DCA,"Washington, DC",VA,51,Virginia,38,605,550,-15,0,0,-1,0600-0659,36,626,730,6,727,736,9,9,0,0,0700-0759,0,,0,82,106,64,1,444,2,,,,,,,,,0,,,,,,,,,,,,,,,,,,,,,,,,,,,,,,,,,,,,,,,,,,,,
2018,1,1,19,5,19/01/2018,B6,20409,B6,N703JB,147,13796,1379608,32457,OAK,"Oakland, CA",CA,6,California,91,12954,1295406,32575,LGB,"Long Beach, CA",CA,6,California,91,849,847,-2,0,0,-1,0800-0859,10,857,1001,5,1006,1006,0,0,0,0,1000-1059,0,,0,77,79,64,1,353,2,,,,,,,,,0,,,,,,,,,,,,,,,,,,,,,,,,,,,,,,,,,,,,,,,,,,,,
2018,1,1,19,5,19/01/2018,B6,20409,B6,N703JB,148,12954,1295406,32575,LGB,"Long Beach, CA",CA,6,California,91,13796,1379608,32457,OAK,"Oakland, CA",CA,6,California,91,650,644,-6,0,0,-1,0600-0659,19,703,759,5,809,804,-5,0,0,-1,0800-0859,0,,0,79,80,56,1,353,2,,,,,,,,,0,,,,,,,,,,,,,,,,,,,,,,,,,,,,,,,,,,,,,,,,,,,,
2018,1,1,19,5,19/01/2018,B6,20409,B6,N568JB,149,12478,1247805,31703,JFK,"New York, NY",NY,36,New York,22,14262,1426204,34262,PSP,"Palm Springs, CA",CA,6,California,91,1730,1737,7,7,0,0,1700-1759,17,1754,2005,4,2042,2009,-33,0,0,-2,2000-2059,0,,0,372,332,311,1,2378,10,,,,,,,,,0,,,,,,,,,,,,,,,,,,,,,,,,,,,,,,,,,,,,,,,,,,,,
2018,1,1,19,5,19/01/2018,B6,20409,B6,N568JB,150,14262,1426204,34262,PSP,"Palm Springs, CA",CA,6,California,91,12478,1247805,31703,JFK,"New York, NY",NY,36,New York,22,2132,2129,-3,0,0,-1,2100-2159,13,2142,524,4,531,528,-3,0,0,-1,0001-0559,0,,0,299,299,282,1,2378,10,,,,,,,,,0,,,,,,,,,,,,,,,,,,,,,,,,,,,,,,,,,,,,,,,,,,,,
2018,1,1,19,5,19/01/2018,B6,20409,B6,N957JB,153,12478,1247805,31703,JFK,"New York, NY",NY,36,New York,22,14027,1402702,34027,PBI,"West Palm Beach/Palm Beach, FL",FL,12,Florida,33,1459,1455,-4,0,0,-1,1400-1459,19,1514,1743,2,1808,1745,-23,0,0,-2,1800-1859,0,,0,189,170,149,1,1028,5,,,,,,,,,0,,,,,,,,,,,,,,,,,,,,,,,,,,,,,,,,,,,,,,,,,,,,
2018,1,1,19,5,19/01/2018,B6,20409,B6,N948JB,154,14027,1402702,34027,PBI,"West Palm Beach/Palm Beach, FL",FL,12,Florida,33,12478,1247805,31703,JFK,"New York, NY",NY,36,New York,22,1100,1102,2,2,0,0,1100-1159,12,1114,1325,4,1343,1329,-14,0,0,-1,1300-1359,0,,0,163,147,131,1,1028,5,,,,,,,,,0,,,,,,,,,,,,,,,,,,,,,,,,,,,,,,,,,,,,,,,,,,,,
2018,1,1,19,5,19/01/2018,B6,20409,B6,N266JB,156,12264,1226402,30852,IAD,"Washington, DC",VA,51,Virginia,38,10721,1072102,30721,BOS,"Boston, MA",MA,25,Massachusetts,13,1459,1449,-10,0,0,-1,1400-1459,15,1504,1612,11,1623,1623,0,0,0,0,1600-1659,0,,0,84,94,68,1,413,2,,,,,,,,,0,,,,,,,,,,,,,,,,,,,,,,,,,,,,,,,,,,,,,,,,,,,,
2018,1,1,19,5,19/01/2018,B6,20409,B6,N266JB,157,10721,1072102,30721,BOS,"Boston, MA",MA,25,Massachusetts,13,12264,1226402,30852,IAD,"Washington, DC",VA,51,Virginia,38,1241,1234,-7,0,0,-1,1200-1259,17,1251,1355,8,1424,1403,-21,0,0,-2,1400-1459,0,,0,103,89,64,1,413,2,,,,,,,,,0,,,,,,,,,,,,,,,,,,,,,,,,,,,,,,,,,,,,,,,,,,,,
2018,1,1,19,5,19/01/2018,B6,20409,B6,N304JB,159,10721,1072102,30721,BOS,"Boston, MA",MA,25,Massachusetts,13,14100,1410005,34100,PHL,"Philadelphia, PA",PA,42,Pennsylvania,23,645,636,-9,0,0,-1,0600-0659,19,655,755,3,825,758,-27,0,0,-2,0800-0859,0,,0,100,82,60,1,280,2,,,,,,,,,0,,,,,,,,,,,,,,,,,,,,,,,,,,,,,,,,,,,,,,,,,,,,
2018,1,1,19,5,19/01/2018,B6,20409,B6,N184JB,160,14100,1410005,34100,PHL,"Philadelphia, PA",PA,42,Pennsylvania,23,10721,1072102,30721,BOS,"Boston, MA",MA,25,Massachusetts,13,1045,1100,15,15,1,1,1000-1059,24,1124,1212,4,1208,1216,8,8,0,0,1200-1259,0,,0,83,76,48,1,280,2,,,,,,,,,0,,,,,,,,,,,,,,,,,,,,,,,,,,,,,,,,,,,,,,,,,,,,
2018,1,1,19,5,19/01/2018,B6,20409,B6,N603JB,161,12478,1247805,31703,JFK,"New York, NY",NY,36,New York,22,14893,1489302,33192,SMF,"Sacramento, CA",CA,6,California,91,1920,1916,-4,0,0,-1,1900-1959,18,1934,2216,4,2300,2220,-40,0,0,-2,2300-2359,0,,0,400,364,342,1,2521,11,,,,,,,,,0,,,,,,,,,,,,,,,,,,,,,,,,,,,,,,,,,,,,,,,,,,,,
2018,1,1,19,5,19/01/2018,B6,20409,B6,N603JB,162,14893,1489302,33192,SMF,"Sacramento, CA",CA,6,California,91,12478,1247805,31703,JFK,"New York, NY",NY,36,New York,22,2350,2338,-12,0,0,-1,2300-2359,10,2348,717,15,802,732,-30,0,0,-2,0800-0859,0,,0,312,294,269,1,2521,11,,,,,,,,,0,,,,,,,,,,,,,,,,,,,,,,,,,,,,,,,,,,,,,,,,,,,,
2018,1,1,19,5,19/01/2018,B6,20409,B6,N618JB,163,12478,1247805,31703,JFK,"New York, NY",NY,36,New York,22,14986,1498603,34986,SRQ,"Sarasota/Bradenton, FL",FL,12,Florida,33,759,808,9,9,0,0,0700-0759,29,837,1105,6,1108,1111,3,3,0,0,1100-1159,0,,0,189,183,148,1,1041,5,,,,,,,,,0,,,,,,,,,,,,,,,,,,,,,,,,,,,,,,,,,,,,,,,,,,,,
2018,1,1,19,5,19/01/2018,B6,20409,B6,N618JB,164,14986,1498603,34986,SRQ,"Sarasota/Bradenton, FL",FL,12,Florida,33,12478,1247805,31703,JFK,"New York, NY",NY,36,New York,22,1148,1205,17,17,1,1,1100-1159,10,1215,1432,7,1429,1439,10,10,0,0,1400-1459,0,,0,161,154,137,1,1041,5,,,,,,,,,0,,,,,,,,,,,,,,,,,,,,,,,,,,,,,,,,,,,,,,,,,,,,
2018,1,1,19,5,19/01/2018,B6,20409,B6,N657JB,165,10721,1072102,30721,BOS,"Boston, MA",MA,25,Massachusetts,13,14635,1463502,31714,RSW,"Fort Myers, FL",FL,12,Florida,33,1449,1502,13,13,0,0,1400-1459,17,1519,1814,6,1830,1820,-10,0,0,-1,1800-1859,0,,0,221,198,175,1,1249,5,,,,,,,,,0,,,,,,,,,,,,,,,,,,,,,,,,,,,,,,,,,,,,,,,,,,,,
2018,1,1,19,5,19/01/2018,B6,20409,B6,N712JB,167,12478,1247805,31703,JFK,"New York, NY",NY,36,New York,22,13796,1379608,32457,OAK,"Oakland, CA",CA,6,California,91,2029,2025,-4,0,0,-1,2000-2059,12,2037,2326,5,12,2331,-41,0,0,-2,0001-0559,0,,0,403,366,349,1,2576,11,,,,,,,,,0,,,,,,,,,,,,,,,,,,,,,,,,,,,,,,,,,,,,,,,,,,,,
2018,1,1,19,5,19/01/2018,B6,20409,B6,N566JB,168,13796,1379608,32457,OAK,"Oakland, CA",CA,6,California,91,12478,1247805,31703,JFK,"New York, NY",NY,36,New York,22,2209,2201,-8,0,0,-1,2200-2259,14,2215,544,18,629,602,-27,0,0,-2,0600-0659,0,,0,320,301,269,1,2576,11,,,,,,,,,0,,,,,,,,,,,,,,,,,,,,,,,,,,,,,,,,,,,,,,,,,,,,
2018,1,1,19,5,19/01/2018,B6,20409,B6,N636JB,170,11697,1169706,32467,FLL,"Fort Lauderdale, FL",FL,12,Florida,33,10721,1072102,30721,BOS,"Boston, MA",MA,25,Massachusetts,13,1610,1602,-8,0,0,-1,1600-1659,18,1620,1919,7,1920,1926,6,6,0,0,1900-1959,0,,0,190,204,179,1,1237,5,,,,,,,,,0,,,,,,,,,,,,,,,,,,,,,,,,,,,,,,,,,,,,,,,,,,,,
2018,1,1,19,5,19/01/2018,B6,20409,B6,N645JB,176,14843,1484306,34819,SJU,"San Juan, PR",PR,72,Puerto Rico,3,10529,1052906,30529,BDL,"Hartford, CT",CT,9,Connecticut,11,1331,1328,-3,0,0,-1,1300-1359,11,1339,1610,3,1634,1613,-21,0,0,-2,1600-1659,0,,0,243,225,211,1,1666,7,,,,,,,,,0,,,,,,,,,,,,,,,,,,,,,,,,,,,,,,,,,,,,,,,,,,,,
2018,1,1,19,5,19/01/2018,B6,20409,B6,N981JB,177,10721,1072102,30721,BOS,"Boston, MA",MA,25,Massachusetts,13,12889,1288903,32211,LAS,"Las Vegas, NV",NV,32,Nevada,85,2045,2037,-8,0,0,-1,2000-2059,13,2050,2312,21,2355,2333,-22,0,0,-2,2300-2359,0,,0,370,356,322,1,2381,10,,,,,,,,,0,,,,,,,,,,,,,,,,,,,,,,,,,,,,,,,,,,,,,,,,,,,,
2018,1,1,19,5,19/01/2018,B6,20409,B6,N981JB,178,12889,1288903,32211,LAS,"Las Vegas, NV",NV,32,Nevada,85,10721,1072102,30721,BOS,"Boston, MA",MA,25,Massachusetts,13,1135,1122,-13,0,0,-1,1100-1159,14,1136,1904,10,1933,1914,-19,0,0,-2,1900-1959,0,,0,298,292,268,1,2381,10,,,,,,,,,0,,,,,,,,,,,,,,,,,,,,,,,,,,,,,,,,,,,,,,,,,,,,
2018,1,1,19,5,19/01/2018,B6,20409,B6,N590JB,179,12889,1288903,32211,LAS,"Las Vegas, NV",NV,32,Nevada,85,12954,1295406,32575,LGB,"Long Beach, CA",CA,6,California,91,1845,1846,1,1,0,0,1800-1859,10,1856,1940,3,1949,1943,-6,0,0,-1,1900-1959,0,,0,64,57,44,1,231,1,,,,,,,,,0,,,,,,,,,,,,,,,,,,,,,,,,,,,,,,,,,,,,,,,,,,,,
2018,1,1,19,5,19/01/2018,B6,20409,B6,N537JB,180,12954,1295406,32575,LGB,"Long Beach, CA",CA,6,California,91,12889,1288903,32211,LAS,"Las Vegas, NV",NV,32,Nevada,85,1845,1913,28,28,1,1,1800-1859,11,1924,2009,5,1951,2014,23,23,1,1,1900-1959,0,,0,66,61,45,1,231,1,0,0,0,0,23,,,,0,,,,,,,,,,,,,,,,,,,,,,,,,,,,,,,,,,,,,,,,,,,,
2018,1,1,19,5,19/01/2018,B6,20409,B6,N708JB,181,11697,1169706,32467,FLL,"Fort Lauderdale, FL",FL,12,Florida,33,10693,1069302,30693,BNA,"Nashville, TN",TN,47,Tennessee,54,1406,1404,-2,0,0,-1,1400-1459,14,1418,1509,5,1533,1514,-19,0,0,-2,1500-1559,0,,0,147,130,111,1,793,4,,,,,,,,,0,,,,,,,,,,,,,,,,,,,,,,,,,,,,,,,,,,,,,,,,,,,,
2018,1,1,19,5,19/01/2018,B6,20409,B6,N708JB,182,10693,1069302,30693,BNA,"Nashville, TN",TN,47,Tennessee,54,11697,1169706,32467,FLL,"Fort Lauderdale, FL",FL,12,Florida,33,1619,1609,-10,0,0,-1,1600-1659,12,1621,1909,12,1936,1921,-15,0,0,-1,1900-1959,0,,0,137,132,108,1,793,4,,,,,,,,,0,,,,,,,,,,,,,,,,,,,,,,,,,,,,,,,,,,,,,,,,,,,,
2018,1,1,19,5,19/01/2018,B6,20409,B6,N228JB,184,14492,1449202,34492,RDU,"Raleigh/Durham, NC",NC,37,North Carolina,36,10721,1072102,30721,BOS,"Boston, MA",MA,25,Massachusetts,13,1814,1811,-3,0,0,-1,1800-1859,13,1824,2000,6,2007,2006,-1,0,0,-1,2000-2059,0,,0,113,115,96,1,612,3,,,,,,,,,0,,,,,,,,,,,,,,,,,,,,,,,,,,,,,,,,,,,,,,,,,,,,
2018,1,1,19,5,19/01/2018,B6,20409,B6,N178JB,185,14576,1457606,34576,ROC,"Rochester, NY",NY,36,New York,22,12478,1247805,31703,JFK,"New York, NY",NY,36,New York,22,535,520,-15,0,0,-1,0001-0559,10,530,617,35,658,652,-6,0,0,-1,0600-0659,0,,0,83,92,47,1,264,2,,,,,,,,,0,,,,,,,,,,,,,,,,,,,,,,,,,,,,,,,,,,,,,,,,,,,,
2018,1,1,19,5,19/01/2018,B6,20409,B6,N978JB,189,12478,1247805,31703,JFK,"New York, NY",NY,36,New York,22,14679,1467903,33570,SAN,"San Diego, CA",CA,6,California,91,855,845,-10,0,0,-1,0800-0859,28,913,1117,5,1219,1122,-57,0,0,-2,1200-1259,0,,0,384,337,304,1,2446,10,,,,,,,,,0,,,,,,,,,,,,,,,,,,,,,,,,,,,,,,,,,,,,,,,,,,,,
2018,1,1,19,5,19/01/2018,B6,20409,B6,N978JB,190,14679,1467903,33570,SAN,"San Diego, CA",CA,6,California,91,12478,1247805,31703,JFK,"New York, NY",NY,36,New York,22,1330,1323,-7,0,0,-1,1300-1359,15,1338,2128,6,2144,2134,-10,0,0,-1,2100-2159,0,,0,314,311,290,1,2446,10,,,,,,,,,0,,,,,,,,,,,,,,,,,,,,,,,,,,,,,,,,,,,,,,,,,,,,
2018,1,1,19,5,19/01/2018,B6,20409,B6,N651JB,195,10821,1082106,30852,BWI,"Baltimore, MD",MD,24,Maryland,35,11697,1169706,32467,FLL,"Fort Lauderdale, FL",FL,12,Florida,33,700,655,-5,0,0,-1,0700-0759,16,711,926,7,943,933,-10,0,0,-1,0900-0959,0,,0,163,158,135,1,925,4,,,,,,,,,0,,,,,,,,,,,,,,,,,,,,,,,,,,,,,,,,,,,,,,,,,,,,
2018,1,1,19,5,19/01/2018,B6,20409,B6,N519JB,197,10721,1072102,30721,BOS,"Boston, MA",MA,25,Massachusetts,13,14747,1474703,30559,SEA,"Seattle, WA",WA,53,Washington,93,1921,1918,-3,0,0,-1,1900-1959,12,1930,2230,4,2249,2234,-15,0,0,-1,2200-2259,0,,0,388,376,360,1,2496,10,,,,,,,,,0,,,,,,,,,,,,,,,,,,,,,,,,,,,,,,,,,,,,,,,,,,,,
2018,1,1,19,5,19/01/2018,B6,20409,B6,N559JB,198,13204,1320402,31454,MCO,"Orlando, FL",FL,12,Florida,33,12953,1295304,31703,LGA,"New York, NY",NY,36,New York,22,605,736,91,91,1,6,0600-0659,39,815,1021,6,833,1027,114,114,1,7,0800-0859,0,,0,148,171,126,1,950,4,0,91,23,0,0,,,,0,,,,,,,,,,,,,,,,,,,,,,,,,,,,,,,,,,,,,,,,,,,,
2018,1,1,19,5,19/01/2018,B6,20409,B6,N559JB,199,12953,1295304,31703,LGA,"New York, NY",NY,36,New York,22,13204,1320402,31454,MCO,"Orlando, FL",FL,12,Florida,33,930,1124,114,114,1,7,0900-0959,22,1146,1357,10,1245,1407,82,82,1,5,1200-1259,0,,0,195,163,131,1,950,4,12,0,0,0,70,,,,0,,,,,,,,,,,,,,,,,,,,,,,,,,,,,,,,,,,,,,,,,,,,
2018,1,1,19,5,19/01/2018,B6,20409,B6,N954JB,202,11697,1169706,32467,FLL,"Fort Lauderdale, FL",FL,12,Florida,33,12478,1247805,31703,JFK,"New York, NY",NY,36,New York,22,1415,1406,-9,0,0,-1,1400-1459,15,1421,1644,3,1706,1647,-19,0,0,-2,1700-1759,0,,0,171,161,143,1,1069,5,,,,,,,,,0,,,,,,,,,,,,,,,,,,,,,,,,,,,,,,,,,,,,,,,,,,,,
2018,1,1,19,5,19/01/2018,B6,20409,B6,N708JB,205,11618,1161802,31703,EWR,"Newark, NJ",NJ,34,New Jersey,21,11697,1169706,32467,FLL,"Fort Lauderdale, FL",FL,12,Florida,33,1005,1020,15,15,1,1,1000-1059,12,1032,1310,4,1317,1314,-3,0,0,-1,1300-1359,0,,0,192,174,158,1,1065,5,,,,,,,,,0,,,,,,,,,,,,,,,,,,,,,,,,,,,,,,,,,,,,,,,,,,,,
2018,1,1,19,5,19/01/2018,B6,20409,B6,N794JB,211,11618,1161802,31703,EWR,"Newark, NJ",NJ,34,New Jersey,21,14635,1463502,31714,RSW,"Fort Myers, FL",FL,12,Florida,33,929,926,-3,0,0,-1,0900-0959,17,943,1214,5,1256,1219,-37,0,0,-2,1200-1259,0,,0,207,173,151,1,1068,5,,,,,,,,,0,,,,,,,,,,,,,,,,,,,,,,,,,,,,,,,,,,,,,,,,,,,,
2018,1,1,19,5,19/01/2018,B6,20409,B6,N779JB,213,12478,1247805,31703,JFK,"New York, NY",NY,36,New York,22,12954,1295406,32575,LGB,"Long Beach, CA",CA,6,California,91,726,713,-13,0,0,-1,0700-0759,30,743,951,3,1044,954,-50,0,0,-2,1000-1059,0,,0,378,341,308,1,2465,10,,,,,,,,,0,,,,,,,,,,,,,,,,,,,,,,,,,,,,,,,,,,,,,,,,,,,,
2018,1,1,19,5,19/01/2018,B6,20409,B6,N807JB,215,10721,1072102,30721,BOS,"Boston, MA",MA,25,Massachusetts,13,11298,1129806,30194,DFW,"Dallas/Fort Worth, TX",TX,48,Texas,74,731,725,-6,0,0,-1,0700-0759,16,741,957,9,1105,1006,-59,0,0,-2,1100-1159,0,,0,274,221,196,1,1562,7,,,,,,,,,0,,,,,,,,,,,,,,,,,,,,,,,,,,,,,,,,,,,,,,,,,,,,
2018,1,1,19,5,19/01/2018,B6,20409,B6,N238JB,218,11057,1105703,31057,CLT,"Charlotte, NC",NC,37,North Carolina,36,12478,1247805,31703,JFK,"New York, NY",NY,36,New York,22,1038,1028,-10,0,0,-1,1000-1059,15,1043,1204,7,1221,1211,-10,0,0,-1,1200-1259,0,,0,103,103,81,1,541,3,,,,,,,,,0,,,,,,,,,,,,,,,,,,,,,,,,,,,,,,,,,,,,,,,,,,,,
2018,1,1,19,5,19/01/2018,B6,20409,B6,N238JB,219,12478,1247805,31703,JFK,"New York, NY",NY,36,New York,22,11057,1105703,31057,CLT,"Charlotte, NC",NC,37,North Carolina,36,800,800,0,0,0,0,0800-0859,14,814,937,7,1003,944,-19,0,0,-2,1000-1059,0,,0,123,104,83,1,541,3,,,,,,,,,0,,,,,,,,,,,,,,,,,,,,,,,,,,,,,,,,,,,,,,,,,,,,
2018,1,1,19,5,19/01/2018,B6,20409,B6,N527JB,221,10721,1072102,30721,BOS,"Boston, MA",MA,25,Massachusetts,13,14027,1402702,34027,PBI,"West Palm Beach/Palm Beach, FL",FL,12,Florida,33,2030,2032,2,2,0,0,2000-2059,25,2057,2343,9,2353,2352,-1,0,0,-1,2300-2359,0,,0,203,200,166,1,1197,5,,,,,,,,,0,,,,,,,,,,,,,,,,,,,,,,,,,,,,,,,,,,,,,,,,,,,,
2018,1,1,19,5,19/01/2018,B6,20409,B6,N828JB,222,14027,1402702,34027,PBI,"West Palm Beach/Palm Beach, FL",FL,12,Florida,33,10721,1072102,30721,BOS,"Boston, MA",MA,25,Massachusetts,13,1310,1300,-10,0,0,-1,1300-1359,11,1311,1546,4,1615,1550,-25,0,0,-2,1600-1659,0,,0,185,170,155,1,1197,5,,,,,,,,,0,,,,,,,,,,,,,,,,,,,,,,,,,,,,,,,,,,,,,,,,,,,,
2018,1,1,19,5,19/01/2018,B6,20409,B6,N962JB,223,12478,1247805,31703,JFK,"New York, NY",NY,36,New York,22,12892,1289208,32575,LAX,"Los Angeles, CA",CA,6,California,91,829,834,5,5,0,0,0800-0859,31,905,1119,14,1204,1133,-31,0,0,-2,1200-1259,0,,0,395,359,314,1,2475,10,,,,,,,,,0,,,,,,,,,,,,,,,,,,,,,,,,,,,,,,,,,,,,,,,,,,,,
2018,1,1,19,5,19/01/2018,B6,20409,B6,N934JB,224,12892,1289208,32575,LAX,"Los Angeles, CA",CA,6,California,91,12478,1247805,31703,JFK,"New York, NY",NY,36,New York,22,830,830,0,0,0,0,0800-0859,25,855,1638,6,1650,1644,-6,0,0,-1,1600-1659,0,,0,320,314,283,1,2475,10,,,,,,,,,0,,,,,,,,,,,,,,,,,,,,,,,,,,,,,,,,,,,,,,,,,,,,
2018,1,1,19,5,19/01/2018,B6,20409,B6,N624JB,225,12478,1247805,31703,JFK,"New York, NY",NY,36,New York,22,15304,1530402,33195,TPA,"Tampa, FL",FL,12,Florida,33,1842,1834,-8,0,0,-1,1800-1859,13,1847,2100,6,2155,2106,-49,0,0,-2,2100-2159,0,,0,193,152,133,1,1005,5,,,,,,,,,0,,,,,,,,,,,,,,,,,,,,,,,,,,,,,,,,,,,,,,,,,,,,
2018,1,1,19,5,19/01/2018,B6,20409,B6,N663JB,227,11618,1161802,31703,EWR,"Newark, NJ",NJ,34,New Jersey,21,13204,1320402,31454,MCO,"Orlando, FL",FL,12,Florida,33,1716,1857,101,101,1,6,1700-1759,35,1932,2140,14,2013,2154,101,101,1,6,2000-2059,0,,0,177,177,128,1,937,4,22,0,0,0,79,,,,0,,,,,,,,,,,,,,,,,,,,,,,,,,,,,,,,,,,,,,,,,,,,
2018,1,1,19,5,19/01/2018,B6,20409,B6,N645JB,228,13204,1320402,31454,MCO,"Orlando, FL",FL,12,Florida,33,11618,1161802,31703,EWR,"Newark, NJ",NJ,34,New Jersey,21,2108,2105,-3,0,0,-1,2100-2159,13,2118,2325,5,2339,2330,-9,0,0,-1,2300-2359,0,,0,151,145,127,1,937,4,,,,,,,,,0,,,,,,,,,,,,,,,,,,,,,,,,,,,,,,,,,,,,,,,,,,,,
2018,1,1,19,5,19/01/2018,B6,20409,B6,N593JB,231,14869,1486903,34614,SLC,"Salt Lake City, UT",UT,49,Utah,87,12954,1295406,32575,LGB,"Long Beach, CA",CA,6,California,91,1130,1130,0,0,0,0,1100-1159,12,1142,1219,6,1222,1225,3,3,0,0,1200-1259,0,,0,112,115,97,1,588,3,,,,,,,,,0,,,,,,,,,,,,,,,,,,,,,,,,,,,,,,,,,,,,,,,,,,,,
2018,1,1,19,5,19/01/2018,B6,20409,B6,N593JB,232,12954,1295406,32575,LGB,"Long Beach, CA",CA,6,California,91,14869,1486903,34614,SLC,"Salt Lake City, UT",UT,49,Utah,87,807,810,3,3,0,0,0800-0859,11,821,1040,2,1049,1042,-7,0,0,-1,1000-1059,0,,0,102,92,79,1,588,3,,,,,,,,,0,,,,,,,,,,,,,,,,,,,,,,,,,,,,,,,,,,,,,,,,,,,,
2018,1,1,19,5,19/01/2018,B6,20409,B6,N353JB,233,10785,1078502,30785,BTV,"Burlington, VT",VT,50,Vermont,16,12478,1247805,31703,JFK,"New York, NY",NY,36,New York,22,532,535,3,3,0,0,0001-0559,36,611,704,3,700,707,7,7,0,0,0700-0759,0,,0,88,92,53,1,266,2,,,,,,,,,0,,,,,,,,,,,,,,,,,,,,,,,,,,,,,,,,,,,,,,,,,,,,
2018,1,1,19,5,19/01/2018,B6,20409,B6,N229JB,234,12478,1247805,31703,JFK,"New York, NY",NY,36,New York,22,10785,1078502,30785,BTV,"Burlington, VT",VT,50,Vermont,16,2244,2232,-12,0,0,-1,2200-2259,11,2243,2328,3,2359,2331,-28,0,0,-2,2300-2359,0,,0,75,59,45,1,266,2,,,,,,,,,0,,,,,,,,,,,,,,,,,,,,,,,,,,,,,,,,,,,,,,,,,,,,
2018,1,1,19,5,19/01/2018,B6,20409,B6,N535JB,238,13204,1320402,31454,MCO,"Orlando, FL",FL,12,Florida,33,10529,1052906,30529,BDL,"Hartford, CT",CT,9,Connecticut,11,2014,2015,1,1,0,0,2000-2059,19,2034,2255,6,2250,2301,11,11,0,0,2200-2259,0,,0,156,166,141,1,1050,5,,,,,,,,,0,,,,,,,,,,,,,,,,,,,,,,,,,,,,,,,,,,,,,,,,,,,,
2018,1,1,19,5,19/01/2018,B6,20409,B6,N708JB,244,14027,1402702,34027,PBI,"West Palm Beach/Palm Beach, FL",FL,12,Florida,33,11618,1161802,31703,EWR,"Newark, NJ",NJ,34,New Jersey,21,630,620,-10,0,0,-1,0600-0659,9,629,848,37,915,925,10,10,0,0,0900-0959,0,,0,165,185,139,1,1023,5,,,,,,,,,0,,,,,,,,,,,,,,,,,,,,,,,,,,,,,,,,,,,,,,,,,,,,
2018,1,1,19,5,19/01/2018,B6,20409,B6,N593JB,247,13796,1379608,32457,OAK,"Oakland, CA",CA,6,California,91,12954,1295406,32575,LGB,"Long Beach, CA",CA,6,California,91,600,554,-6,0,0,-1,0600-0659,12,606,708,3,722,711,-11,0,0,-1,0700-0759,0,,0,82,77,62,1,353,2,,,,,,,,,0,,,,,,,,,,,,,,,,,,,,,,,,,,,,,,,,,,,,,,,,,,,,
2018,1,1,19,5,19/01/2018,B6,20409,B6,N779JB,248,12954,1295406,32575,LGB,"Long Beach, CA",CA,6,California,91,13796,1379608,32457,OAK,"Oakland, CA",CA,6,California,91,1134,1124,-10,0,0,-1,1100-1159,10,1134,1228,5,1255,1233,-22,0,0,-2,1200-1259,0,,0,81,69,54,1,353,2,,,,,,,,,0,,,,,,,,,,,,,,,,,,,,,,,,,,,,,,,,,,,,,,,,,,,,
2018,1,1,19,5,19/01/2018,B6,20409,B6,N504JB,251,10721,1072102,30721,BOS,"Boston, MA",MA,25,Massachusetts,13,13204,1320402,31454,MCO,"Orlando, FL",FL,12,Florida,33,830,827,-3,0,0,-1,0800-0859,18,845,1123,8,1155,1131,-24,0,0,-2,1100-1159,0,,0,205,184,158,1,1121,5,,,,,,,,,0,,,,,,,,,,,,,,,,,,,,,,,,,,,,,,,,,,,,,,,,,,,,
2018,1,1,19,5,19/01/2018,B6,20409,B6,N955JB,252,13204,1320402,31454,MCO,"Orlando, FL",FL,12,Florida,33,10721,1072102,30721,BOS,"Boston, MA",MA,25,Massachusetts,13,1030,1022,-8,0,0,-1,1000-1059,16,1038,1303,5,1320,1308,-12,0,0,-1,1300-1359,0,,0,170,166,145,1,1121,5,,,,,,,,,0,,,,,,,,,,,,,,,,,,,,,,,,,,,,,,,,,,,,,,,,,,,,
2018,1,1,19,5,19/01/2018,B6,20409,B6,N292JB,254,11278,1127805,30852,DCA,"Washington, DC",VA,51,Virginia,38,10721,1072102,30721,BOS,"Boston, MA",MA,25,Massachusetts,13,600,551,-9,0,0,-1,0600-0659,18,609,708,9,724,717,-7,0,0,-1,0700-0759,0,,0,84,86,59,1,399,2,,,,,,,,,0,,,,,,,,,,,,,,,,,,,,,,,,,,,,,,,,,,,,,,,,,,,,
2018,1,1,19,5,19/01/2018,B6,20409,B6,N306JB,255,10721,1072102,30721,BOS,"Boston, MA",MA,25,Massachusetts,13,11278,1127805,30852,DCA,"Washington, DC",VA,51,Virginia,38,819,935,76,76,1,5,0800-0859,24,959,1107,4,1001,1111,70,70,1,4,1000-1059,0,,0,102,96,68,1,399,2,70,0,0,0,0,810,38,38,0,,,,,,,,,,,,,,,,,,,,,,,,,,,,,,,,,,,,,,,,,,,,
2018,1,1,19,5,19/01/2018,B6,20409,B6,N374JB,260,14100,1410005,34100,PHL,"Philadelphia, PA",PA,42,Pennsylvania,23,10721,1072102,30721,BOS,"Boston, MA",MA,25,Massachusetts,13,1802,1919,77,77,1,5,1800-1859,21,1940,2030,5,1924,2035,71,71,1,4,1900-1959,0,,0,82,76,50,1,280,2,0,0,68,0,3,,,,0,,,,,,,,,,,,,,,,,,,,,,,,,,,,,,,,,,,,,,,,,,,,
2018,1,1,19,5,19/01/2018,B6,20409,B6,N618JB,263,12478,1247805,31703,JFK,"New York, NY",NY,36,New York,22,14747,1474703,30559,SEA,"Seattle, WA",WA,53,Washington,93,1738,1749,11,11,0,0,1700-1759,18,1807,2057,9,2059,2106,7,7,0,0,2000-2059,0,,0,381,377,350,1,2422,10,,,,,,,,,0,,,,,,,,,,,,,,,,,,,,,,,,,,,,,,,,,,,,,,,,,,,,
2018,1,1,19,5,19/01/2018,B6,20409,B6,N618JB,264,14747,1474703,30559,SEA,"Seattle, WA",WA,53,Washington,93,12478,1247805,31703,JFK,"New York, NY",NY,36,New York,22,2150,2206,16,16,1,1,2100-2159,16,2222,559,6,559,605,6,6,0,0,0001-0559,0,,0,309,299,277,1,2422,10,,,,,,,,,0,,,,,,,,,,,,,,,,,,,,,,,,,,,,,,,,,,,,,,,,,,,,
2018,1,1,19,5,19/01/2018,B6,20409,B6,N507JB,265,14893,1489302,33192,SMF,"Sacramento, CA",CA,6,California,91,12954,1295406,32575,LGB,"Long Beach, CA",CA,6,California,91,1015,1030,15,15,1,1,1000-1059,10,1040,1148,3,1137,1151,14,14,0,0,1100-1159,0,,0,82,81,68,1,387,2,,,,,,,,,0,,,,,,,,,,,,,,,,,,,,,,,,,,,,,,,,,,,,,,,,,,,,
2018,1,1,19,5,19/01/2018,B6,20409,B6,N507JB,266,12954,1295406,32575,LGB,"Long Beach, CA",CA,6,California,91,14893,1489302,33192,SMF,"Sacramento, CA",CA,6,California,91,807,833,26,26,1,1,0800-0859,11,844,945,3,935,948,13,13,0,0,0900-0959,0,,0,88,75,61,1,387,2,,,,,,,,,0,,,,,,,,,,,,,,,,,,,,,,,,,,,,,,,,,,,,,,,,,,,,
2018,1,1,19,5,19/01/2018,B6,20409,B6,N519JB,269,10721,1072102,30721,BOS,"Boston, MA",MA,25,Massachusetts,13,11697,1169706,32467,FLL,"Fort Lauderdale, FL",FL,12,Florida,33,935,932,-3,0,0,-1,0900-0959,32,1004,1304,7,1311,1311,0,0,0,0,1300-1359,0,,0,216,219,180,1,1237,5,,,,,,,,,0,,,,,,,,,,,,,,,,,,,,,,,,,,,,,,,,,,,,,,,,,,,,
2018,1,1,19,5,19/01/2018,B6,20409,B6,N598JB,272,11697,1169706,32467,FLL,"Fort Lauderdale, FL",FL,12,Florida,33,12953,1295304,31703,LGA,"New York, NY",NY,36,New York,22,606,557,-9,0,0,-1,0600-0659,15,612,832,1,859,833,-26,0,0,-2,0800-0859,0,,0,173,156,140,1,1076,5,,,,,,,,,0,,,,,,,,,,,,,,,,,,,,,,,,,,,,,,,,,,,,,,,,,,,,
2018,1,1,19,5,19/01/2018,B6,20409,B6,N612JB,275,10529,1052906,30529,BDL,"Hartford, CT",CT,9,Connecticut,11,14843,1484306,34819,SJU,"San Juan, PR",PR,72,Puerto Rico,3,600,559,-1,0,0,-1,0600-0659,24,623,1044,6,1053,1050,-3,0,0,-1,1000-1059,0,,0,233,231,201,1,1666,7,,,,,,,,,0,,,,,,,,,,,,,,,,,,,,,,,,,,,,,,,,,,,,,,,,,,,,
2018,1,1,19,5,19/01/2018,B6,20409,B6,N985JB,277,11697,1169706,32467,FLL,"Fort Lauderdale, FL",FL,12,Florida,33,14771,1477104,32457,SFO,"San Francisco, CA",CA,6,California,91,1731,1726,-5,0,0,-1,1700-1759,22,1748,2027,17,2104,2044,-20,0,0,-2,2100-2159,0,,0,393,378,339,1,2584,11,,,,,,,,,0,,,,,,,,,,,,,,,,,,,,,,,,,,,,,,,,,,,,,,,,,,,,
2018,1,1,19,5,19/01/2018,B6,20409,B6,N985JB,278,14771,1477104,32457,SFO,"San Francisco, CA",CA,6,California,91,11697,1169706,32467,FLL,"Fort Lauderdale, FL",FL,12,Florida,33,2215,2209,-6,0,0,-1,2200-2259,18,2227,623,5,636,628,-8,0,0,-1,0600-0659,0,,0,321,319,296,1,2584,11,,,,,,,,,0,,,,,,,,,,,,,,,,,,,,,,,,,,,,,,,,,,,,,,,,,,,,
2018,1,1,19,5,19/01/2018,B6,20409,B6,N537JB,279,12889,1288903,32211,LAS,"Las Vegas, NV",NV,32,Nevada,85,12954,1295406,32575,LGB,"Long Beach, CA",CA,6,California,91,849,908,19,19,1,1,0800-0859,18,926,1012,5,954,1017,23,23,1,1,0900-0959,0,,0,65,69,46,1,231,1,19,0,4,0,0,,,,0,,,,,,,,,,,,,,,,,,,,,,,,,,,,,,,,,,,,,,,,,,,,
2018,1,1,19,5,19/01/2018,B6,20409,B6,N703JB,280,12954,1295406,32575,LGB,"Long Beach, CA",CA,6,California,91,12889,1288903,32211,LAS,"Las Vegas, NV",NV,32,Nevada,85,1051,1052,1,1,0,0,1000-1059,10,1102,1142,6,1158,1148,-10,0,0,-1,1100-1159,0,,0,67,56,40,1,231,1,,,,,,,,,0,,,,,,,,,,,,,,,,,,,,,,,,,,,,,,,,,,,,,,,,,,,,
2018,1,1,19,5,19/01/2018,B6,20409,B6,N568JB,282,12191,1219102,31453,HOU,"Houston, TX",TX,48,Texas,74,12478,1247805,31703,JFK,"New York, NY",NY,36,New York,22,1120,1113,-7,0,0,-1,1100-1159,9,1122,1522,4,1541,1526,-15,0,0,-1,1500-1559,0,,0,201,193,180,1,1428,6,,,,,,,,,0,,,,,,,,,,,,,,,,,,,,,,,,,,,,,,,,,,,,,,,,,,,,
2018,1,1,19,5,19/01/2018,B6,20409,B6,N959JB,283,12478,1247805,31703,JFK,"New York, NY",NY,36,New York,22,13204,1320402,31454,MCO,"Orlando, FL",FL,12,Florida,33,1736,1728,-8,0,0,-1,1700-1759,19,1747,1956,11,2038,2007,-31,0,0,-2,2000-2059,0,,0,182,159,129,1,944,4,,,,,,,,,0,,,,,,,,,,,,,,,,,,,,,,,,,,,,,,,,,,,,,,,,,,,,
2018,1,1,19,5,19/01/2018,B6,20409,B6,N178JB,286,12478,1247805,31703,JFK,"New York, NY",NY,36,New York,22,14576,1457606,34576,ROC,"Rochester, NY",NY,36,New York,22,734,724,-10,0,0,-1,0700-0759,26,750,847,6,857,853,-4,0,0,-1,0800-0859,0,,0,83,89,57,1,264,2,,,,,,,,,0,,,,,,,,,,,,,,,,,,,,,,,,,,,,,,,,,,,,,,,,,,,,
2018,1,1,19,5,19/01/2018,B6,20409,B6,N982JB,287,10721,1072102,30721,BOS,"Boston, MA",MA,25,Massachusetts,13,12892,1289208,32575,LAX,"Los Angeles, CA",CA,6,California,91,645,635,-10,0,0,-1,0600-0659,22,657,934,11,1030,945,-45,0,0,-2,1000-1059,0,,0,405,370,337,1,2611,11,,,,,,,,,0,,,,,,,,,,,,,,,,,,,,,,,,,,,,,,,,,,,,,,,,,,,,
2018,1,1,19,5,19/01/2018,B6,20409,B6,N964JB,288,12892,1289208,32575,LAX,"Los Angeles, CA",CA,6,California,91,10721,1072102,30721,BOS,"Boston, MA",MA,25,Massachusetts,13,600,551,-9,0,0,-1,0600-0659,15,606,1354,7,1419,1401,-18,0,0,-2,1400-1459,0,,0,319,310,288,1,2611,11,,,,,,,,,0,,,,,,,,,,,,,,,,,,,,,,,,,,,,,,,,,,,,,,,,,,,,
2018,1,1,19,5,19/01/2018,B6,20409,B6,N959JB,289,12478,1247805,31703,JFK,"New York, NY",NY,36,New York,22,13204,1320402,31454,MCO,"Orlando, FL",FL,12,Florida,33,932,930,-2,0,0,-1,0900-0959,17,947,1201,16,1237,1217,-20,0,0,-2,1200-1259,0,,0,185,167,134,1,944,4,,,,,,,,,0,,,,,,,,,,,,,,,,,,,,,,,,,,,,,,,,,,,,,,,,,,,,
2018,1,1,19,5,19/01/2018,B6,20409,B6,N339JB,290,11278,1127805,30852,DCA,"Washington, DC",VA,51,Virginia,38,10721,1072102,30721,BOS,"Boston, MA",MA,25,Massachusetts,13,750,740,-10,0,0,-1,0700-0759,29,809,908,4,916,912,-4,0,0,-1,0900-0959,0,,0,86,92,59,1,399,2,,,,,,,,,0,,,,,,,,,,,,,,,,,,,,,,,,,,,,,,,,,,,,,,,,,,,,
2018,1,1,19,5,19/01/2018,B6,20409,B6,N621JB,294,11697,1169706,32467,FLL,"Fort Lauderdale, FL",FL,12,Florida,33,10821,1082106,30852,BWI,"Baltimore, MD",MD,24,Maryland,35,1355,1346,-9,0,0,-1,1300-1359,12,1358,1601,4,1626,1605,-21,0,0,-2,1600-1659,0,,0,151,139,123,1,925,4,,,,,,,,,0,,,,,,,,,,,,,,,,,,,,,,,,,,,,,,,,,,,,,,,,,,,,
2018,1,1,19,5,19/01/2018,B6,20409,B6,N621JB,295,10821,1082106,30852,BWI,"Baltimore, MD",MD,24,Maryland,35,11697,1169706,32467,FLL,"Fort Lauderdale, FL",FL,12,Florida,33,1706,1657,-9,0,0,-1,1700-1759,14,1711,1928,15,1948,1943,-5,0,0,-1,1900-1959,0,,0,162,166,137,1,925,4,,,,,,,,,0,,,,,,,,,,,,,,,,,,,,,,,,,,,,,,,,,,,,,,,,,,,,
2018,1,1,19,5,19/01/2018,B6,20409,B6,N571JB,299,12953,1295304,31703,LGA,"New York, NY",NY,36,New York,22,13204,1320402,31454,MCO,"Orlando, FL",FL,12,Florida,33,1629,1638,9,9,0,0,1600-1659,17,1655,1906,6,1939,1912,-27,0,0,-2,1900-1959,0,,0,190,154,131,1,950,4,,,,,,,,,0,,,,,,,,,,,,,,,,,,,,,,,,,,,,,,,,,,,,,,,,,,,,
2018,1,1,19,5,19/01/2018,B6,20409,B6,N649JB,302,11697,1169706,32467,FLL,"Fort Lauderdale, FL",FL,12,Florida,33,12478,1247805,31703,JFK,"New York, NY",NY,36,New York,22,1653,1652,-1,0,0,-1,1600-1659,18,1710,1945,12,1953,1957,4,4,0,0,1900-1959,0,,0,180,185,155,1,1069,5,,,,,,,,,0,,,,,,,,,,,,,,,,,,,,,,,,,,,,,,,,,,,,,,,,,,,,
2018,1,1,19,5,19/01/2018,B6,20409,B6,N638JB,305,11618,1161802,31703,EWR,"Newark, NJ",NJ,34,New Jersey,21,11697,1169706,32467,FLL,"Fort Lauderdale, FL",FL,12,Florida,33,1255,1302,7,7,0,0,1200-1259,14,1316,1543,4,1601,1547,-14,0,0,-1,1600-1659,0,,0,186,165,147,1,1065,5,,,,,,,,,0,,,,,,,,,,,,,,,,,,,,,,,,,,,,,,,,,,,,,,,,,,,,
2018,1,1,19,5,19/01/2018,B6,20409,B6,N585JB,306,11697,1169706,32467,FLL,"Fort Lauderdale, FL",FL,12,Florida,33,11618,1161802,31703,EWR,"Newark, NJ",NJ,34,New Jersey,21,900,853,-7,0,0,-1,0900-0959,11,904,1126,6,1152,1132,-20,0,0,-2,1100-1159,0,,0,172,159,142,1,1065,5,,,,,,,,,0,,,,,,,,,,,,,,,,,,,,,,,,,,,,,,,,,,,,,,,,,,,,
2018,1,1,19,5,19/01/2018,B6,20409,B6,N309JB,311,10721,1072102,30721,BOS,"Boston, MA",MA,25,Massachusetts,13,13930,1393006,30977,ORD,"Chicago, IL",IL,17,Illinois,41,1052,1049,-3,0,0,-1,1000-1059,21,1110,1223,8,1255,1231,-24,0,0,-2,1200-1259,0,,0,183,162,133,1,867,4,,,,,,,,,0,,,,,,,,,,,,,,,,,,,,,,,,,,,,,,,,,,,,,,,,,,,,
2018,1,1,19,5,19/01/2018,B6,20409,B6,N309JB,312,13930,1393006,30977,ORD,"Chicago, IL",IL,17,Illinois,41,10721,1072102,30721,BOS,"Boston, MA",MA,25,Massachusetts,13,1330,1316,-14,0,0,-1,1300-1359,12,1328,1617,5,1645,1622,-23,0,0,-2,1600-1659,0,,0,135,126,109,1,867,4,,,,,,,,,0,,,,,,,,,,,,,,,,,,,,,,,,,,,,,,,,,,,,,,,,,,,,
2018,1,1,19,5,19/01/2018,B6,20409,B6,N283JB,315,15096,1509602,35096,SYR,"Syracuse, NY",NY,36,New York,22,12478,1247805,31703,JFK,"New York, NY",NY,36,New York,22,923,1023,60,60,1,4,0900-0959,15,1038,1119,5,1041,1124,43,43,1,2,1000-1059,0,,0,78,61,41,1,209,1,24,0,0,0,19,,,,0,,,,,,,,,,,,,,,,,,,,,,,,,,,,,,,,,,,,,,,,,,,,
2018,1,1,19,5,19/01/2018,B6,20409,B6,N328JB,317,10721,1072102,30721,BOS,"Boston, MA",MA,25,Massachusetts,13,12478,1247805,31703,JFK,"New York, NY",NY,36,New York,22,2006,2005,-1,0,0,-1,2000-2059,17,2022,2108,6,2122,2114,-8,0,0,-1,2100-2159,0,,0,76,69,46,1,187,1,,,,,,,,,0,,,,,,,,,,,,,,,,,,,,,,,,,,,,,,,,,,,,,,,,,,,,
2018,1,1,19,5,19/01/2018,B6,20409,B6,N306JB,318,12478,1247805,31703,JFK,"New York, NY",NY,36,New York,22,10721,1072102,30721,BOS,"Boston, MA",MA,25,Massachusetts,13,634,625,-9,0,0,-1,0600-0659,14,639,718,30,744,748,4,4,0,0,0700-0759,0,,0,70,83,39,1,187,1,,,,,,,,,0,,,,,,,,,,,,,,,,,,,,,,,,,,,,,,,,,,,,,,,,,,,,
2018,1,1,19,5,19/01/2018,B6,20409,B6,N613JB,319,11697,1169706,32467,FLL,"Fort Lauderdale, FL",FL,12,Florida,33,14869,1486903,34614,SLC,"Salt Lake City, UT",UT,49,Utah,87,1940,1935,-5,0,0,-1,1900-1959,19,1954,2226,23,2309,2249,-20,0,0,-2,2300-2359,0,,0,329,314,272,1,2084,9,,,,,,,,,0,,,,,,,,,,,,,,,,,,,,,,,,,,,,,,,,,,,,,,,,,,,,
2018,1,1,19,5,19/01/2018,B6,20409,B6,N613JB,320,14869,1486903,34614,SLC,"Salt Lake City, UT",UT,49,Utah,87,11697,1169706,32467,FLL,"Fort Lauderdale, FL",FL,12,Florida,33,2359,2354,-5,0,0,-1,2300-2359,29,23,621,5,626,626,0,0,0,0,0600-0659,0,,0,267,272,238,1,2084,9,,,,,,,,,0,,,,,,,,,,,,,,,,,,,,,,,,,,,,,,,,,,,,,,,,,,,,
2018,1,1,19,5,19/01/2018,B6,20409,B6,N805JB,321,10721,1072102,30721,BOS,"Boston, MA",MA,25,Massachusetts,13,14027,1402702,34027,PBI,"West Palm Beach/Palm Beach, FL",FL,12,Florida,33,1644,1636,-8,0,0,-1,1600-1659,21,1657,1942,5,2013,1947,-26,0,0,-2,2000-2059,0,,0,209,191,165,1,1197,5,,,,,,,,,0,,,,,,,,,,,,,,,,,,,,,,,,,,,,,,,,,,,,,,,,,,,,
2018,1,1,19,5,19/01/2018,B6,20409,B6,N937JB,323,12478,1247805,31703,JFK,"New York, NY",NY,36,New York,22,12892,1289208,32575,LAX,"Los Angeles, CA",CA,6,California,91,930,924,-6,0,0,-1,0900-0959,16,940,1150,13,1303,1203,-60,0,0,-2,1300-1359,0,,0,393,339,310,1,2475,10,,,,,,,,,0,,,,,,,,,,,,,,,,,,,,,,,,,,,,,,,,,,,,,,,,,,,,
2018,1,1,19,5,19/01/2018,B6,20409,B6,N986JB,324,12892,1289208,32575,LAX,"Los Angeles, CA",CA,6,California,91,12478,1247805,31703,JFK,"New York, NY",NY,36,New York,22,1033,1026,-7,0,0,-1,1000-1059,23,1049,1834,9,1853,1843,-10,0,0,-1,1800-1859,0,,0,320,317,285,1,2475,10,,,,,,,,,0,,,,,,,,,,,,,,,,,,,,,,,,,,,,,,,,,,,,,,,,,,,,
2018,1,1,19,5,19/01/2018,B6,20409,B6,N972JB,325,12478,1247805,31703,JFK,"New York, NY",NY,36,New York,22,15304,1530402,33195,TPA,"Tampa, FL",FL,12,Florida,33,1457,1453,-4,0,0,-1,1400-1459,28,1521,1742,9,1810,1751,-19,0,0,-2,1800-1859,0,,0,193,178,141,1,1005,5,,,,,,,,,0,,,,,,,,,,,,,,,,,,,,,,,,,,,,,,,,,,,,,,,,,,,,
2018,1,1,19,5,19/01/2018,B6,20409,B6,N606JB,326,15304,1530402,33195,TPA,"Tampa, FL",FL,12,Florida,33,12478,1247805,31703,JFK,"New York, NY",NY,36,New York,22,700,652,-8,0,0,-1,0700-0759,16,708,913,6,933,919,-14,0,0,-1,0900-0959,0,,0,153,147,125,1,1005,5,,,,,,,,,0,,,,,,,,,,,,,,,,,,,,,,,,,,,,,,,,,,,,,,,,,,,,
2018,1,1,19,5,19/01/2018,B6,20409,B6,N712JB,329,12478,1247805,31703,JFK,"New York, NY",NY,36,New York,22,14635,1463502,31714,RSW,"Fort Myers, FL",FL,12,Florida,33,1112,1113,1,1,0,0,1100-1159,14,1127,1406,5,1430,1411,-19,0,0,-2,1400-1459,0,,0,198,178,159,1,1074,5,,,,,,,,,0,,,,,,,,,,,,,,,,,,,,,,,,,,,,,,,,,,,,,,,,,,,,
2018,1,1,19,5,19/01/2018,B6,20409,B6,N983JB,333,10721,1072102,30721,BOS,"Boston, MA",MA,25,Massachusetts,13,14771,1477104,32457,SFO,"San Francisco, CA",CA,6,California,91,2137,2127,-10,0,0,-1,2100-2159,18,2145,102,7,131,109,-22,0,0,-2,0001-0559,0,,0,414,402,377,1,2704,11,,,,,,,,,0,,,,,,,,,,,,,,,,,,,,,,,,,,,,,,,,,,,,,,,,,,,,
2018,1,1,19,5,19/01/2018,B6,20409,B6,N983JB,334,14771,1477104,32457,SFO,"San Francisco, CA",CA,6,California,91,10721,1072102,30721,BOS,"Boston, MA",MA,25,Massachusetts,13,1150,1141,-9,0,0,-1,1100-1159,22,1203,1949,8,2027,1957,-30,0,0,-2,2000-2059,0,,0,337,316,286,1,2704,11,,,,,,,,,0,,,,,,,,,,,,,,,,,,,,,,,,,,,,,,,,,,,,,,,,,,,,
2018,1,1,19,5,19/01/2018,B6,20409,B6,N203JB,340,14843,1484306,34819,SJU,"San Juan, PR",PR,72,Puerto Rico,3,15027,1502704,34992,STX,"Christiansted, VI",VI,78,U.S. Virgin Islands,4,1453,1552,59,59,1,3,1400-1459,14,1606,1626,1,1534,1627,53,53,1,3,1500-1559,0,,0,41,35,20,1,94,1,0,0,0,0,53,,,,0,,,,,,,,,,,,,,,,,,,,,,,,,,,,,,,,,,,,,,,,,,,,
2018,1,1,19,5,19/01/2018,B6,20409,B6,N203JB,341,15027,1502704,34992,STX,"Christiansted, VI",VI,78,U.S. Virgin Islands,4,14843,1484306,34819,SJU,"San Juan, PR",PR,72,Puerto Rico,3,1611,1656,45,45,1,3,1600-1659,12,1708,1734,4,1655,1738,43,43,1,2,1600-1659,0,,0,44,42,26,1,94,1,0,0,0,0,43,,,,0,,,,,,,,,,,,,,,,,,,,,,,,,,,,,,,,,,,,,,,,,,,,
2018,1,1,19,5,19/01/2018,B6,20409,B6,N662JB,347,13796,1379608,32457,OAK,"Oakland, CA",CA,6,California,91,12954,1295406,32575,LGB,"Long Beach, CA",CA,6,California,91,1712,1712,0,0,0,0,1700-1759,9,1721,1826,3,1828,1829,1,1,0,0,1800-1859,0,,0,76,77,65,1,353,2,,,,,,,,,0,,,,,,,,,,,,,,,,,,,,,,,,,,,,,,,,,,,,,,,,,,,,
2018,1,1,19,5,19/01/2018,B6,20409,B6,N662JB,348,12954,1295406,32575,LGB,"Long Beach, CA",CA,6,California,91,13796,1379608,32457,OAK,"Oakland, CA",CA,6,California,91,1510,1518,8,8,0,0,1500-1559,13,1531,1626,5,1632,1631,-1,0,0,-1,1600-1659,0,,0,82,73,55,1,353,2,,,,,,,,,0,,,,,,,,,,,,,,,,,,,,,,,,,,,,,,,,,,,,,,,,,,,,
2018,1,1,19,5,19/01/2018,B6,20409,B6,N192JB,350,15304,1530402,33195,TPA,"Tampa, FL",FL,12,Florida,33,11278,1127805,30852,DCA,"Washington, DC",VA,51,Virginia,38,1604,1549,-15,0,0,-1,1600-1659,11,1600,1746,3,1814,1749,-25,0,0,-2,1800-1859,0,,0,130,120,106,1,814,4,,,,,,,,,0,,,,,,,,,,,,,,,,,,,,,,,,,,,,,,,,,,,,,,,,,,,,
2018,1,1,19,5,19/01/2018,B6,20409,B6,N971JB,352,13204,1320402,31454,MCO,"Orlando, FL",FL,12,Florida,33,10721,1072102,30721,BOS,"Boston, MA",MA,25,Massachusetts,13,1531,1530,-1,0,0,-1,1500-1559,12,1542,1811,6,1825,1817,-8,0,0,-1,1800-1859,0,,0,174,167,149,1,1121,5,,,,,,,,,0,,,,,,,,,,,,,,,,,,,,,,,,,,,,,,,,,,,,,,,,,,,,
2018,1,1,19,5,19/01/2018,B6,20409,B6,N354JB,356,12264,1226402,30852,IAD,"Washington, DC",VA,51,Virginia,38,10721,1072102,30721,BOS,"Boston, MA",MA,25,Massachusetts,13,2042,2027,-15,0,0,-1,2000-2059,11,2038,2150,4,2210,2154,-16,0,0,-2,2200-2259,0,,0,88,87,72,1,413,2,,,,,,,,,0,,,,,,,,,,,,,,,,,,,,,,,,,,,,,,,,,,,,,,,,,,,,
2018,1,1,19,5,19/01/2018,B6,20409,B6,N354JB,357,10721,1072102,30721,BOS,"Boston, MA",MA,25,Massachusetts,13,12264,1226402,30852,IAD,"Washington, DC",VA,51,Virginia,38,1822,1824,2,2,0,0,1800-1859,16,1840,1944,3,2007,1947,-20,0,0,-2,2000-2059,0,,0,105,83,64,1,413,2,,,,,,,,,0,,,,,,,,,,,,,,,,,,,,,,,,,,,,,,,,,,,,,,,,,,,,
2018,1,1,19,5,19/01/2018,B6,20409,B6,N503JB,358,10800,1080003,32575,BUR,"Burbank, CA",CA,6,California,91,12478,1247805,31703,JFK,"New York, NY",NY,36,New York,22,2129,2126,-3,0,0,-1,2100-2159,17,2143,538,3,546,541,-5,0,0,-1,0001-0559,0,,0,317,315,295,1,2465,10,,,,,,,,,0,,,,,,,,,,,,,,,,,,,,,,,,,,,,,,,,,,,,,,,,,,,,
2018,1,1,19,5,19/01/2018,B6,20409,B6,N503JB,359,12478,1247805,31703,JFK,"New York, NY",NY,36,New York,22,10800,1080003,32575,BUR,"Burbank, CA",CA,6,California,91,1710,1704,-6,0,0,-1,1700-1759,13,1717,1935,2,2039,1937,-62,0,0,-2,2000-2059,0,,0,389,333,318,1,2465,10,,,,,,,,,0,,,,,,,,,,,,,,,,,,,,,,,,,,,,,,,,,,,,,,,,,,,,
2018,1,1,19,5,19/01/2018,B6,20409,B6,N571JB,362,14027,1402702,34027,PBI,"West Palm Beach/Palm Beach, FL",FL,12,Florida,33,12953,1295304,31703,LGA,"New York, NY",NY,36,New York,22,1259,1306,7,7,0,0,1200-1259,16,1322,1542,3,1549,1545,-4,0,0,-1,1500-1559,0,,0,170,159,140,1,1035,5,,,,,,,,,0,,,,,,,,,,,,,,,,,,,,,,,,,,,,,,,,,,,,,,,,,,,,
2018,1,1,19,5,19/01/2018,B6,20409,B6,N593JB,365,14893,1489302,33192,SMF,"Sacramento, CA",CA,6,California,91,12954,1295406,32575,LGB,"Long Beach, CA",CA,6,California,91,1856,1847,-9,0,0,-1,1800-1859,10,1857,2011,3,2016,2014,-2,0,0,-1,2000-2059,0,,0,80,87,74,1,387,2,,,,,,,,,0,,,,,,,,,,,,,,,,,,,,,,,,,,,,,,,,,,,,,,,,,,,,
2018,1,1,19,5,19/01/2018,B6,20409,B6,N579JB,371,12953,1295304,31703,LGA,"New York, NY",NY,36,New York,22,11697,1169706,32467,FLL,"Fort Lauderdale, FL",FL,12,Florida,33,600,557,-3,0,0,-1,0600-0659,22,619,850,4,910,854,-16,0,0,-2,0900-0959,0,,0,190,177,151,1,1076,5,,,,,,,,,0,,,,,,,,,,,,,,,,,,,,,,,,,,,,,,,,,,,,,,,,,,,,
2018,1,1,19,5,19/01/2018,B6,20409,B6,N599JB,375,14100,1410005,34100,PHL,"Philadelphia, PA",PA,42,Pennsylvania,23,11697,1169706,32467,FLL,"Fort Lauderdale, FL",FL,12,Florida,33,700,658,-2,0,0,-1,0700-0759,19,717,938,6,958,944,-14,0,0,-1,0900-0959,0,,0,178,166,141,1,992,4,,,,,,,,,0,,,,,,,,,,,,,,,,,,,,,,,,,,,,,,,,,,,,,,,,,,,,
2018,1,1,19,5,19/01/2018,B6,20409,B6,N652JB,376,11697,1169706,32467,FLL,"Fort Lauderdale, FL",FL,12,Florida,33,14100,1410005,34100,PHL,"Philadelphia, PA",PA,42,Pennsylvania,23,1127,1123,-4,0,0,-1,1100-1159,14,1137,1346,6,1411,1352,-19,0,0,-2,1400-1459,0,,0,164,149,129,1,992,4,,,,,,,,,0,,,,,,,,,,,,,,,,,,,,,,,,,,,,,,,,,,,,,,,,,,,,
2018,1,1,19,5,19/01/2018,B6,20409,B6,N593JB,380,12954,1295406,32575,LGB,"Long Beach, CA",CA,6,California,91,12889,1288903,32211,LAS,"Las Vegas, NV",NV,32,Nevada,85,1311,1304,-7,0,0,-1,1300-1359,15,1319,1401,6,1419,1407,-12,0,0,-1,1400-1459,0,,0,68,63,42,1,231,1,,,,,,,,,0,,,,,,,,,,,,,,,,,,,,,,,,,,,,,,,,,,,,,,,,,,,,
2018,1,1,19,5,19/01/2018,B6,20409,B6,N281JB,381,10721,1072102,30721,BOS,"Boston, MA",MA,25,Massachusetts,13,14524,1452401,34524,RIC,"Richmond, VA",VA,51,Virginia,38,1751,1755,4,4,0,0,1700-1759,27,1822,1937,3,1942,1940,-2,0,0,-1,1900-1959,0,,0,111,105,75,1,474,2,,,,,,,,,0,,,,,,,,,,,,,,,,,,,,,,,,,,,,,,,,,,,,,,,,,,,,
2018,1,1,19,5,19/01/2018,B6,20409,B6,N192JB,382,14524,1452401,34524,RIC,"Richmond, VA",VA,51,Virginia,38,10721,1072102,30721,BOS,"Boston, MA",MA,25,Massachusetts,13,840,830,-10,0,0,-1,0800-0859,11,841,950,6,1008,956,-12,0,0,-1,1000-1059,0,,0,88,86,69,1,474,2,,,,,,,,,0,,,,,,,,,,,,,,,,,,,,,,,,,,,,,,,,,,,,,,,,,,,,
2018,1,1,19,5,19/01/2018,B6,20409,B6,N355JB,389,10721,1072102,30721,BOS,"Boston, MA",MA,25,Massachusetts,13,11278,1127805,30852,DCA,"Washington, DC",VA,51,Virginia,38,920,915,-5,0,0,-1,0900-0959,18,933,1050,3,1102,1053,-9,0,0,-1,1100-1159,0,,0,102,98,77,1,399,2,,,,,,,,,0,,,,,,,,,,,,,,,,,,,,,,,,,,,,,,,,,,,,,,,,,,,,
2018,1,1,19,5,19/01/2018,B6,20409,B6,N306JB,390,11278,1127805,30852,DCA,"Washington, DC",VA,51,Virginia,38,10721,1072102,30721,BOS,"Boston, MA",MA,25,Massachusetts,13,1038,1141,63,63,1,4,1000-1059,13,1154,1259,13,1206,1312,66,66,1,4,1200-1259,0,,0,88,91,65,1,399,2,59,0,3,0,4,,,,0,,,,,,,,,,,,,,,,,,,,,,,,,,,,,,,,,,,,,,,,,,,,
2018,1,1,19,5,19/01/2018,B6,20409,B6,N587JB,391,10721,1072102,30721,BOS,"Boston, MA",MA,25,Massachusetts,13,15304,1530402,33195,TPA,"Tampa, FL",FL,12,Florida,33,1928,1946,18,18,1,1,1900-1959,21,2007,2249,6,2257,2255,-2,0,0,-1,2200-2259,0,,0,209,189,162,1,1185,5,,,,,,,,,0,,,,,,,,,,,,,,,,,,,,,,,,,,,,,,,,,,,,,,,,,,,,
2018,1,1,19,5,19/01/2018,B6,20409,B6,N715JB,392,15304,1530402,33195,TPA,"Tampa, FL",FL,12,Florida,33,10721,1072102,30721,BOS,"Boston, MA",MA,25,Massachusetts,13,1934,1920,-14,0,0,-1,1900-1959,16,1936,2215,8,2225,2223,-2,0,0,-1,2200-2259,0,,0,171,183,159,1,1185,5,,,,,,,,,0,,,,,,,,,,,,,,,,,,,,,,,,,,,,,,,,,,,,,,,,,,,,
2018,1,1,19,5,19/01/2018,B6,20409,B6,N570JB,393,12478,1247805,31703,JFK,"New York, NY",NY,36,New York,22,11252,1125203,31252,DAB,"Daytona Beach, FL",FL,12,Florida,33,754,747,-7,0,0,-1,0700-0759,16,803,1011,3,1044,1014,-30,0,0,-2,1000-1059,0,,0,170,147,128,1,891,4,,,,,,,,,0,,,,,,,,,,,,,,,,,,,,,,,,,,,,,,,,,,,,,,,,,,,,
2018,1,1,19,5,19/01/2018,B6,20409,B6,N198JB,395,12197,1219702,31703,HPN,"White Plains, NY",NY,36,New York,22,13204,1320402,31454,MCO,"Orlando, FL",FL,12,Florida,33,1011,956,-15,0,0,-1,1000-1059,9,1005,1227,10,1302,1237,-25,0,0,-2,1300-1359,0,,0,171,161,142,1,972,4,,,,,,,,,0,,,,,,,,,,,,,,,,,,,,,,,,,,,,,,,,,,,,,,,,,,,,
2018,1,1,19,5,19/01/2018,B6,20409,B6,N527JB,396,10397,1039707,30397,ATL,"Atlanta, GA",GA,13,Georgia,34,10721,1072102,30721,BOS,"Boston, MA",MA,25,Massachusetts,13,947,933,-14,0,0,-1,0900-0959,11,944,1148,4,1228,1152,-36,0,0,-2,1200-1259,0,,0,161,139,124,1,946,4,,,,,,,,,0,,,,,,,,,,,,,,,,,,,,,,,,,,,,,,,,,,,,,,,,,,,,
2018,1,1,19,5,19/01/2018,B6,20409,B6,N527JB,397,10721,1072102,30721,BOS,"Boston, MA",MA,25,Massachusetts,13,10397,1039707,30397,ATL,"Atlanta, GA",GA,13,Georgia,34,600,551,-9,0,0,-1,0600-0659,20,611,824,5,902,829,-33,0,0,-2,0900-0959,0,,0,182,158,133,1,946,4,,,,,,,,,0,,,,,,,,,,,,,,,,,,,,,,,,,,,,,,,,,,,,,,,,,,,,
2018,1,1,19,5,19/01/2018,B6,20409,B6,N588JB,398,13204,1320402,31454,MCO,"Orlando, FL",FL,12,Florida,33,12953,1295304,31703,LGA,"New York, NY",NY,36,New York,22,1224,1217,-7,0,0,-1,1200-1259,15,1232,1437,2,1459,1439,-20,0,0,-2,1400-1459,0,,0,155,142,125,1,950,4,,,,,,,,,0,,,,,,,,,,,,,,,,,,,,,,,,,,,,,,,,,,,,,,,,,,,,
2018,1,1,19,5,19/01/2018,B6,20409,B6,N556JB,400,13495,1349505,33495,MSY,"New Orleans, LA",LA,22,Louisiana,72,10721,1072102,30721,BOS,"Boston, MA",MA,25,Massachusetts,13,1438,1425,-13,0,0,-1,1400-1459,8,1433,1829,7,1846,1836,-10,0,0,-1,1800-1859,0,,0,188,191,176,1,1368,6,,,,,,,,,0,,,,,,,,,,,,,,,,,,,,,,,,,,,,,,,,,,,,,,,,,,,,
2018,1,1,19,5,19/01/2018,B6,20409,B6,N556JB,401,10721,1072102,30721,BOS,"Boston, MA",MA,25,Massachusetts,13,13495,1349505,33495,MSY,"New Orleans, LA",LA,22,Louisiana,72,1100,1103,3,3,0,0,1100-1159,24,1127,1322,5,1358,1327,-31,0,0,-2,1300-1359,0,,0,238,204,175,1,1368,6,,,,,,,,,0,,,,,,,,,,,,,,,,,,,,,,,,,,,,,,,,,,,,,,,,,,,,
2018,1,1,19,5,19/01/2018,B6,20409,B6,N975JB,403,12478,1247805,31703,JFK,"New York, NY",NY,36,New York,22,14843,1484306,34819,SJU,"San Juan, PR",PR,72,Puerto Rico,3,948,944,-4,0,0,-1,0900-0959,21,1005,1431,3,1442,1434,-8,0,0,-1,1400-1459,0,,0,234,230,206,1,1598,7,,,,,,,,,0,,,,,,,,,,,,,,,,,,,,,,,,,,,,,,,,,,,,,,,,,,,,
2018,1,1,19,5,19/01/2018,B6,20409,B6,N558JB,404,10397,1039707,30397,ATL,"Atlanta, GA",GA,13,Georgia,34,10721,1072102,30721,BOS,"Boston, MA",MA,25,Massachusetts,13,1241,1306,25,25,1,1,1200-1259,18,1324,1531,5,1521,1536,15,15,1,1,1500-1559,0,,0,160,150,127,1,946,4,0,0,0,0,15,,,,0,,,,,,,,,,,,,,,,,,,,,,,,,,,,,,,,,,,,,,,,,,,,
2018,1,1,19,5,19/01/2018,B6,20409,B6,N796JB,405,10721,1072102,30721,BOS,"Boston, MA",MA,25,Massachusetts,13,12954,1295406,32575,LGB,"Long Beach, CA",CA,6,California,91,1753,1758,5,5,0,0,1700-1759,29,1827,2106,4,2135,2110,-25,0,0,-2,2100-2159,0,,0,402,372,339,1,2602,11,,,,,,,,,0,,,,,,,,,,,,,,,,,,,,,,,,,,,,,,,,,,,,,,,,,,,,
2018,1,1,19,5,19/01/2018,B6,20409,B6,N784JB,406,12954,1295406,32575,LGB,"Long Beach, CA",CA,6,California,91,14747,1474703,30559,SEA,"Seattle, WA",WA,53,Washington,93,805,819,14,14,0,0,0800-0859,12,831,1044,6,1049,1050,1,1,0,0,1000-1059,0,,0,164,151,133,1,965,4,,,,,,,,,0,,,,,,,,,,,,,,,,,,,,,,,,,,,,,,,,,,,,,,,,,,,,
2018,1,1,19,5,19/01/2018,B6,20409,B6,N703JB,407,14747,1474703,30559,SEA,"Seattle, WA",WA,53,Washington,93,12954,1295406,32575,LGB,"Long Beach, CA",CA,6,California,91,1756,1746,-10,0,0,-1,1700-1759,19,1805,2023,4,2028,2027,-1,0,0,-1,2000-2059,0,,0,152,161,138,1,965,4,,,,,,,,,0,,,,,,,,,,,,,,,,,,,,,,,,,,,,,,,,,,,,,,,,,,,,
2018,1,1,19,5,19/01/2018,B6,20409,B6,N283JB,408,12478,1247805,31703,JFK,"New York, NY",NY,36,New York,22,14321,1432105,34321,PWM,"Portland, ME",ME,23,Maine,12,1323,1316,-7,0,0,-1,1300-1359,15,1331,1420,3,1438,1423,-15,0,0,-1,1400-1459,0,,0,75,67,49,1,273,2,,,,,,,,,0,,,,,,,,,,,,,,,,,,,,,,,,,,,,,,,,,,,,,,,,,,,,
2018,1,1,19,5,19/01/2018,B6,20409,B6,N976JB,415,12478,1247805,31703,JFK,"New York, NY",NY,36,New York,22,14771,1477104,32457,SFO,"San Francisco, CA",CA,6,California,91,920,914,-6,0,0,-1,0900-0959,15,929,1219,8,1310,1227,-43,0,0,-2,1300-1359,0,,0,410,373,350,1,2586,11,,,,,,,,,0,,,,,,,,,,,,,,,,,,,,,,,,,,,,,,,,,,,,,,,,,,,,
2018,1,1,19,5,19/01/2018,B6,20409,B6,N947JB,416,14771,1477104,32457,SFO,"San Francisco, CA",CA,6,California,91,12478,1247805,31703,JFK,"New York, NY",NY,36,New York,22,1140,1132,-8,0,0,-1,1100-1159,22,1154,1937,8,2011,1945,-26,0,0,-2,2000-2059,0,,0,331,313,283,1,2586,11,,,,,,,,,0,,,,,,,,,,,,,,,,,,,,,,,,,,,,,,,,,,,,,,,,,,,,
2018,1,1,19,5,19/01/2018,B6,20409,B6,N190JB,418,12478,1247805,31703,JFK,"New York, NY",NY,36,New York,22,10721,1072102,30721,BOS,"Boston, MA",MA,25,Massachusetts,13,1630,1652,22,22,1,1,1600-1659,13,1705,1746,6,1751,1752,1,1,0,0,1700-1759,0,,0,81,60,41,1,187,1,,,,,,,,,0,,,,,,,,,,,,,,,,,,,,,,,,,,,,,,,,,,,,,,,,,,,,
2018,1,1,19,5,19/01/2018,B6,20409,B6,N945JB,423,12478,1247805,31703,JFK,"New York, NY",NY,36,New York,22,12892,1289208,32575,LAX,"Los Angeles, CA",CA,6,California,91,1035,1034,-1,0,0,-1,1000-1059,13,1047,1258,3,1403,1301,-62,0,0,-2,1400-1459,0,,0,388,327,311,1,2475,10,,,,,,,,,0,,,,,,,,,,,,,,,,,,,,,,,,,,,,,,,,,,,,,,,,,,,,
2018,1,1,19,5,19/01/2018,B6,20409,B6,N923JB,424,12892,1289208,32575,LAX,"Los Angeles, CA",CA,6,California,91,12478,1247805,31703,JFK,"New York, NY",NY,36,New York,22,1203,1201,-2,0,0,-1,1200-1259,17,1218,2009,8,2025,2017,-8,0,0,-1,2000-2059,0,,0,322,316,291,1,2475,10,,,,,,,,,0,,,,,,,,,,,,,,,,,,,,,,,,,,,,,,,,,,,,,,,,,,,,
2018,1,1,19,5,19/01/2018,B6,20409,B6,N972JB,426,15304,1530402,33195,TPA,"Tampa, FL",FL,12,Florida,33,12478,1247805,31703,JFK,"New York, NY",NY,36,New York,22,1910,1857,-13,0,0,-1,1900-1959,11,1908,2139,9,2148,2148,0,0,0,0,2100-2159,0,,0,158,171,151,1,1005,5,,,,,,,,,0,,,,,,,,,,,,,,,,,,,,,,,,,,,,,,,,,,,,,,,,,,,,
2018,1,1,19,5,19/01/2018,B6,20409,B6,N323JB,427,10721,1072102,30721,BOS,"Boston, MA",MA,25,Massachusetts,13,10821,1082106,30852,BWI,"Baltimore, MD",MD,24,Maryland,35,800,815,15,15,1,1,0800-0859,18,833,936,6,938,942,4,4,0,0,0900-0959,0,,0,98,87,63,1,369,2,,,,,,,,,0,,,,,,,,,,,,,,,,,,,,,,,,,,,,,,,,,,,,,,,,,,,,
2018,1,1,19,5,19/01/2018,B6,20409,B6,N236JB,433,11278,1127805,30852,DCA,"Washington, DC",VA,51,Virginia,38,14027,1402702,34027,PBI,"West Palm Beach/Palm Beach, FL",FL,12,Florida,33,945,946,1,1,0,0,0900-0959,11,957,1214,2,1222,1216,-6,0,0,-1,1200-1259,0,,0,157,150,137,1,857,4,,,,,,,,,0,,,,,,,,,,,,,,,,,,,,,,,,,,,,,,,,,,,,,,,,,,,,
2018,1,1,19,5,19/01/2018,B6,20409,B6,N961JB,434,14771,1477104,32457,SFO,"San Francisco, CA",CA,6,California,91,10721,1072102,30721,BOS,"Boston, MA",MA,25,Massachusetts,13,800,752,-8,0,0,-1,0800-0859,13,805,1554,7,1629,1601,-28,0,0,-2,1600-1659,0,,0,329,309,289,1,2704,11,,,,,,,,,0,,,,,,,,,,,,,,,,,,,,,,,,,,,,,,,,,,,,,,,,,,,,
2018,1,1,19,5,19/01/2018,B6,20409,B6,N706JB,438,13204,1320402,31454,MCO,"Orlando, FL",FL,12,Florida,33,10529,1052906,30529,BDL,"Hartford, CT",CT,9,Connecticut,11,1030,1030,0,0,0,0,1000-1059,18,1048,1306,5,1310,1311,1,1,0,0,1300-1359,0,,0,160,161,138,1,1050,5,,,,,,,,,0,,,,,,,,,,,,,,,,,,,,,,,,,,,,,,,,,,,,,,,,,,,,
2018,1,1,19,5,19/01/2018,B6,20409,B6,N187JB,440,11042,1104205,30647,CLE,"Cleveland, OH",OH,39,Ohio,44,10721,1072102,30721,BOS,"Boston, MA",MA,25,Massachusetts,13,1028,1147,79,79,1,5,1000-1059,9,1156,1314,10,1208,1324,76,76,1,5,1200-1259,0,,0,100,97,78,1,563,3,76,0,0,0,0,1028,17,17,0,,,,,,,,,,,,,,,,,,,,,,,,,,,,,,,,,,,,,,,,,,,,
2018,1,1,19,5,19/01/2018,B6,20409,B6,N187JB,441,10721,1072102,30721,BOS,"Boston, MA",MA,25,Massachusetts,13,11042,1104205,30647,CLE,"Cleveland, OH",OH,39,Ohio,44,744,737,-7,0,0,-1,0700-0759,19,756,926,7,953,933,-20,0,0,-2,0900-0959,0,,0,129,116,90,1,563,3,,,,,,,,,0,,,,,,,,,,,,,,,,,,,,,,,,,,,,,,,,,,,,,,,,,,,,
2018,1,1,19,5,19/01/2018,B6,20409,B6,N294JB,445,15070,1507002,31703,SWF,"Newburgh/Poughkeepsie, NY",NY,36,New York,22,13204,1320402,31454,MCO,"Orlando, FL",FL,12,Florida,33,1744,1723,-21,0,0,-2,1700-1759,12,1735,2000,11,2045,2011,-34,0,0,-2,2000-2059,0,,0,181,168,145,1,989,4,,,,,,,,,0,,,,,,,,,,,,,,,,,,,,,,,,,,,,,,,,,,,,,,,,,,,,
2018,1,1,19,5,19/01/2018,B6,20409,B6,N779JB,447,13796,1379608,32457,OAK,"Oakland, CA",CA,6,California,91,12954,1295406,32575,LGB,"Long Beach, CA",CA,6,California,91,1335,1326,-9,0,0,-1,1300-1359,8,1334,1440,3,1452,1443,-9,0,0,-1,1400-1459,0,,0,77,77,66,1,353,2,,,,,,,,,0,,,,,,,,,,,,,,,,,,,,,,,,,,,,,,,,,,,,,,,,,,,,
2018,1,1,19,5,19/01/2018,B6,20409,B6,N566JB,448,12954,1295406,32575,LGB,"Long Beach, CA",CA,6,California,91,13796,1379608,32457,OAK,"Oakland, CA",CA,6,California,91,2001,2004,3,3,0,0,2000-2059,9,2013,2105,6,2119,2111,-8,0,0,-1,2100-2159,0,,0,78,67,52,1,353,2,,,,,,,,,0,,,,,,,,,,,,,,,,,,,,,,,,,,,,,,,,,,,,,,,,,,,,
2018,1,1,19,5,19/01/2018,B6,20409,B6,N971JB,451,10721,1072102,30721,BOS,"Boston, MA",MA,25,Massachusetts,13,13204,1320402,31454,MCO,"Orlando, FL",FL,12,Florida,33,1105,1058,-7,0,0,-1,1100-1159,20,1118,1359,11,1428,1410,-18,0,0,-2,1400-1459,0,,0,203,192,161,1,1121,5,,,,,,,,,0,,,,,,,,,,,,,,,,,,,,,,,,,,,,,,,,,,,,,,,,,,,,
2018,1,1,19,5,19/01/2018,B6,20409,B6,N606JB,453,12478,1247805,31703,JFK,"New York, NY",NY,36,New York,22,14027,1402702,34027,PBI,"West Palm Beach/Palm Beach, FL",FL,12,Florida,33,1018,1015,-3,0,0,-1,1000-1059,13,1028,1254,2,1320,1256,-24,0,0,-2,1300-1359,0,,0,182,161,146,1,1028,5,,,,,,,,,0,,,,,,,,,,,,,,,,,,,,,,,,,,,,,,,,,,,,,,,,,,,,
2018,1,1,19,5,19/01/2018,B6,20409,B6,N957JB,454,14027,1402702,34027,PBI,"West Palm Beach/Palm Beach, FL",FL,12,Florida,33,12478,1247805,31703,JFK,"New York, NY",NY,36,New York,22,1916,1915,-1,0,0,-1,1900-1959,11,1926,2150,8,2200,2158,-2,0,0,-1,2200-2259,0,,0,164,163,144,1,1028,5,,,,,,,,,0,,,,,,,,,,,,,,,,,,,,,,,,,,,,,,,,,,,,,,,,,,,,
2018,1,1,19,5,19/01/2018,B6,20409,B6,N192JB,455,10721,1072102,30721,BOS,"Boston, MA",MA,25,Massachusetts,13,11278,1127805,30852,DCA,"Washington, DC",VA,51,Virginia,38,1043,1034,-9,0,0,-1,1000-1059,21,1055,1205,3,1223,1208,-15,0,0,-1,1200-1259,0,,0,100,94,70,1,399,2,,,,,,,,,0,,,,,,,,,,,,,,,,,,,,,,,,,,,,,,,,,,,,,,,,,,,,
2018,1,1,19,5,19/01/2018,B6,20409,B6,N184JB,459,10721,1072102,30721,BOS,"Boston, MA",MA,25,Massachusetts,13,14100,1410005,34100,PHL,"Philadelphia, PA",PA,42,Pennsylvania,23,832,855,23,23,1,1,0800-0859,21,916,1018,5,1010,1023,13,13,0,0,1000-1059,0,,0,98,88,62,1,280,2,,,,,,,,,0,,,,,,,,,,,,,,,,,,,,,,,,,,,,,,,,,,,,,,,,,,,,
2018,1,1,19,5,19/01/2018,B6,20409,B6,N621JB,460,11697,1169706,32467,FLL,"Fort Lauderdale, FL",FL,12,Florida,33,10529,1052906,30529,BDL,"Hartford, CT",CT,9,Connecticut,11,2033,2029,-4,0,0,-1,2000-2059,17,2046,2328,7,2328,2335,7,7,0,0,2300-2359,0,,0,175,186,162,1,1173,5,,,,,,,,,0,,,,,,,,,,,,,,,,,,,,,,,,,,,,,,,,,,,,,,,,,,,,
2018,1,1,19,5,19/01/2018,B6,20409,B6,N375JB,461,12953,1295304,31703,LGA,"New York, NY",NY,36,New York,22,14027,1402702,34027,PBI,"West Palm Beach/Palm Beach, FL",FL,12,Florida,33,730,718,-12,0,0,-1,0700-0759,17,735,1001,2,1039,1003,-36,0,0,-2,1000-1059,0,,0,189,165,146,1,1035,5,,,,,,,,,0,,,,,,,,,,,,,,,,,,,,,,,,,,,,,,,,,,,,,,,,,,,,
2018,1,1,19,5,19/01/2018,B6,20409,B6,N805JB,462,14843,1484306,34819,SJU,"San Juan, PR",PR,72,Puerto Rico,3,10721,1072102,30721,BOS,"Boston, MA",MA,25,Massachusetts,13,1247,1244,-3,0,0,-1,1200-1259,13,1257,1534,8,1556,1542,-14,0,0,-1,1500-1559,0,,0,249,238,217,1,1674,7,,,,,,,,,0,,,,,,,,,,,,,,,,,,,,,,,,,,,,,,,,,,,,,,,,,,,,
2018,1,1,19,5,19/01/2018,B6,20409,B6,N629JB,465,10721,1072102,30721,BOS,"Boston, MA",MA,25,Massachusetts,13,14635,1463502,31714,RSW,"Fort Myers, FL",FL,12,Florida,33,603,602,-1,0,0,-1,0600-0659,15,617,921,12,954,933,-21,0,0,-2,0900-0959,0,,0,231,211,184,1,1249,5,,,,,,,,,0,,,,,,,,,,,,,,,,,,,,,,,,,,,,,,,,,,,,,,,,,,,,
2018,1,1,19,5,19/01/2018,B6,20409,B6,N629JB,466,14635,1463502,31714,RSW,"Fort Myers, FL",FL,12,Florida,33,10721,1072102,30721,BOS,"Boston, MA",MA,25,Massachusetts,13,1035,1025,-10,0,0,-1,1000-1059,9,1034,1318,7,1336,1325,-11,0,0,-1,1300-1359,0,,0,181,180,164,1,1249,5,,,,,,,,,0,,,,,,,,,,,,,,,,,,,,,,,,,,,,,,,,,,,,,,,,,,,,
2018,1,1,19,5,19/01/2018,B6,20409,B6,N579JB,470,11697,1169706,32467,FLL,"Fort Lauderdale, FL",FL,12,Florida,33,10721,1072102,30721,BOS,"Boston, MA",MA,25,Massachusetts,13,1037,1031,-6,0,0,-1,1000-1059,18,1049,1328,4,1344,1332,-12,0,0,-1,1300-1359,0,,0,187,181,159,1,1237,5,,,,,,,,,0,,,,,,,,,,,,,,,,,,,,,,,,,,,,,,,,,,,,,,,,,,,,
2018,1,1,19,5,19/01/2018,B6,20409,B6,N807JB,471,10721,1072102,30721,BOS,"Boston, MA",MA,25,Massachusetts,13,14831,1483106,32457,SJC,"San Jose, CA",CA,6,California,91,1702,1713,11,11,0,0,1700-1759,19,1732,2040,2,2049,2042,-7,0,0,-1,2000-2059,0,,0,407,389,368,1,2689,11,,,,,,,,,0,,,,,,,,,,,,,,,,,,,,,,,,,,,,,,,,,,,,,,,,,,,,
2018,1,1,19,5,19/01/2018,B6,20409,B6,N807JB,472,14831,1483106,32457,SJC,"San Jose, CA",CA,6,California,91,10721,1072102,30721,BOS,"Boston, MA",MA,25,Massachusetts,13,2139,2146,7,7,0,0,2100-2159,8,2154,532,6,605,538,-27,0,0,-2,0600-0659,0,,0,326,292,278,1,2689,11,,,,,,,,,0,,,,,,,,,,,,,,,,,,,,,,,,,,,,,,,,,,,,,,,,,,,,
2018,1,1,19,5,19/01/2018,B6,20409,B6,N709JB,475,14307,1430705,30721,PVD,"Providence, RI",RI,44,Rhode Island,15,13204,1320402,31454,MCO,"Orlando, FL",FL,12,Florida,33,600,550,-10,0,0,-1,0600-0659,24,614,846,5,911,851,-20,0,0,-2,0900-0959,0,,0,191,181,152,1,1072,5,,,,,,,,,0,,,,,,,,,,,,,,,,,,,,,,,,,,,,,,,,,,,,,,,,,,,,
2018,1,1,19,5,19/01/2018,B6,20409,B6,N663JB,476,13204,1320402,31454,MCO,"Orlando, FL",FL,12,Florida,33,14307,1430705,30721,PVD,"Providence, RI",RI,44,Rhode Island,15,2058,2246,108,108,1,7,2000-2059,13,2259,121,5,2335,126,111,111,1,7,2300-2359,0,,0,157,160,142,1,1072,5,12,0,3,0,96,,,,0,,,,,,,,,,,,,,,,,,,,,,,,,,,,,,,,,,,,,,,,,,,,
2018,1,1,19,5,19/01/2018,B6,20409,B6,N633JB,477,12478,1247805,31703,JFK,"New York, NY",NY,36,New York,22,12451,1245102,31136,JAX,"Jacksonville, FL",FL,12,Florida,33,1557,1552,-5,0,0,-1,1500-1559,37,1629,1823,4,1844,1827,-17,0,0,-2,1800-1859,0,,0,167,155,114,1,828,4,,,,,,,,,0,,,,,,,,,,,,,,,,,,,,,,,,,,,,,,,,,,,,,,,,,,,,
2018,1,1,19,5,19/01/2018,B6,20409,B6,N633JB,478,12451,1245102,31136,JAX,"Jacksonville, FL",FL,12,Florida,33,12478,1247805,31703,JFK,"New York, NY",NY,36,New York,22,1925,1916,-9,0,0,-1,1900-1959,11,1927,2136,6,2140,2142,2,2,0,0,2100-2159,0,,0,135,146,129,1,828,4,,,,,,,,,0,,,,,,,,,,,,,,,,,,,,,,,,,,,,,,,,,,,,,,,,,,,,
2018,1,1,19,5,19/01/2018,B6,20409,B6,N206JB,481,11278,1127805,30852,DCA,"Washington, DC",VA,51,Virginia,38,14635,1463502,31714,RSW,"Fort Myers, FL",FL,12,Florida,33,1438,1432,-6,0,0,-1,1400-1459,14,1446,1658,5,1721,1703,-18,0,0,-2,1700-1759,0,,0,163,151,132,1,892,4,,,,,,,,,0,,,,,,,,,,,,,,,,,,,,,,,,,,,,,,,,,,,,,,,,,,,,
2018,1,1,19,5,19/01/2018,B6,20409,B6,N206JB,482,14635,1463502,31714,RSW,"Fort Myers, FL",FL,12,Florida,33,11278,1127805,30852,DCA,"Washington, DC",VA,51,Virginia,38,1756,1744,-12,0,0,-1,1700-1759,16,1800,2001,3,2015,2004,-11,0,0,-1,2000-2059,0,,0,139,140,121,1,892,4,,,,,,,,,0,,,,,,,,,,,,,,,,,,,,,,,,,,,,,,,,,,,,,,,,,,,,
2018,1,1,19,5,19/01/2018,B6,20409,B6,N178JB,485,14576,1457606,34576,ROC,"Rochester, NY",NY,36,New York,22,12478,1247805,31703,JFK,"New York, NY",NY,36,New York,22,939,924,-15,0,0,-1,0900-0959,9,933,1023,4,1057,1027,-30,0,0,-2,1000-1059,0,,0,78,63,50,1,264,2,,,,,,,,,0,,,,,,,,,,,,,,,,,,,,,,,,,,,,,,,,,,,,,,,,,,,,
2018,1,1,19,5,19/01/2018,B6,20409,B6,N283JB,486,12478,1247805,31703,JFK,"New York, NY",NY,36,New York,22,14576,1457606,34576,ROC,"Rochester, NY",NY,36,New York,22,2245,2238,-7,0,0,-1,2200-2259,14,2252,2345,6,7,2351,-16,0,0,-2,0001-0559,0,,0,82,73,53,1,264,2,,,,,,,,,0,,,,,,,,,,,,,,,,,,,,,,,,,,,,,,,,,,,,,,,,,,,,
2018,1,1,19,5,19/01/2018,B6,20409,B6,N969JB,487,10721,1072102,30721,BOS,"Boston, MA",MA,25,Massachusetts,13,12892,1289208,32575,LAX,"Los Angeles, CA",CA,6,California,91,1050,1048,-2,0,0,-1,1000-1059,19,1107,1344,4,1435,1348,-47,0,0,-2,1400-1459,0,,0,405,360,337,1,2611,11,,,,,,,,,0,,,,,,,,,,,,,,,,,,,,,,,,,,,,,,,,,,,,,,,,,,,,
2018,1,1,19,5,19/01/2018,B6,20409,B6,N982JB,488,12892,1289208,32575,LAX,"Los Angeles, CA",CA,6,California,91,10721,1072102,30721,BOS,"Boston, MA",MA,25,Massachusetts,13,1140,1135,-5,0,0,-1,1100-1159,17,1152,1945,6,2003,1951,-12,0,0,-1,2000-2059,0,,0,323,316,293,1,2611,11,,,,,,,,,0,,,,,,,,,,,,,,,,,,,,,,,,,,,,,,,,,,,,,,,,,,,,
2018,1,1,19,5,19/01/2018,B6,20409,B6,N273JB,489,10721,1072102,30721,BOS,"Boston, MA",MA,25,Massachusetts,13,11278,1127805,30852,DCA,"Washington, DC",VA,51,Virginia,38,1214,1231,17,17,1,1,1200-1259,18,1249,1355,3,1354,1358,4,4,0,0,1300-1359,0,,0,100,87,66,1,399,2,,,,,,,,,0,,,,,,,,,,,,,,,,,,,,,,,,,,,,,,,,,,,,,,,,,,,,
2018,1,1,19,5,19/01/2018,B6,20409,B6,N517JB,490,13204,1320402,31454,MCO,"Orlando, FL",FL,12,Florida,33,12478,1247805,31703,JFK,"New York, NY",NY,36,New York,22,936,933,-3,0,0,-1,0900-0959,13,946,1147,8,1205,1155,-10,0,0,-1,1200-1259,0,,0,149,142,121,1,944,4,,,,,,,,,0,,,,,,,,,,,,,,,,,,,,,,,,,,,,,,,,,,,,,,,,,,,,
2018,1,1,19,5,19/01/2018,B6,20409,B6,N565JB,491,10792,1079206,30792,BUF,"Buffalo, NY",NY,36,New York,22,12892,1289208,32575,LAX,"Los Angeles, CA",CA,6,California,91,1846,1847,1,1,0,0,1800-1859,11,1858,2052,38,2134,2130,-4,0,0,-1,2100-2159,0,,0,348,343,294,1,2218,9,,,,,,,,,0,,,,,,,,,,,,,,,,,,,,,,,,,,,,,,,,,,,,,,,,,,,,
2018,1,1,19,5,19/01/2018,B6,20409,B6,N565JB,492,12892,1289208,32575,LAX,"Los Angeles, CA",CA,6,California,91,10792,1079206,30792,BUF,"Buffalo, NY",NY,36,New York,22,2224,2213,-11,0,0,-1,2200-2259,14,2227,521,5,608,526,-42,0,0,-2,0600-0659,0,,0,284,253,234,1,2218,9,,,,,,,,,0,,,,,,,,,,,,,,,,,,,,,,,,,,,,,,,,,,,,,,,,,,,,
2018,1,1,19,5,19/01/2018,B6,20409,B6,N834JB,493,10721,1072102,30721,BOS,"Boston, MA",MA,25,Massachusetts,13,11292,1129202,30325,DEN,"Denver, CO",CO,8,Colorado,82,729,733,4,4,0,0,0700-0759,14,747,950,8,1025,958,-27,0,0,-2,1000-1059,0,,0,296,265,243,1,1754,8,,,,,,,,,0,,,,,,,,,,,,,,,,,,,,,,,,,,,,,,,,,,,,,,,,,,,,
2018,1,1,19,5,19/01/2018,B6,20409,B6,N834JB,494,11292,1129202,30325,DEN,"Denver, CO",CO,8,Colorado,82,10721,1072102,30721,BOS,"Boston, MA",MA,25,Massachusetts,13,1115,1113,-2,0,0,-1,1100-1159,17,1130,1650,5,1702,1655,-7,0,0,-1,1700-1759,0,,0,227,222,200,1,1754,8,,,,,,,,,0,,,,,,,,,,,,,,,,,,,,,,,,,,,,,,,,,,,,,,,,,,,,
2018,1,1,19,5,19/01/2018,B6,20409,B6,N318JB,495,12197,1219702,31703,HPN,"White Plains, NY",NY,36,New York,22,13204,1320402,31454,MCO,"Orlando, FL",FL,12,Florida,33,1412,1426,14,14,0,0,1400-1459,16,1442,1658,7,1706,1705,-1,0,0,-1,1700-1759,0,,0,174,159,136,1,972,4,,,,,,,,,0,,,,,,,,,,,,,,,,,,,,,,,,,,,,,,,,,,,,,,,,,,,,
2018,1,1,19,5,19/01/2018,B6,20409,B6,N519JB,498,14747,1474703,30559,SEA,"Seattle, WA",WA,53,Washington,93,10721,1072102,30721,BOS,"Boston, MA",MA,25,Massachusetts,13,2339,2330,-9,0,0,-1,2300-2359,14,2344,702,18,749,720,-29,0,0,-2,0700-0759,0,,0,310,290,258,1,2496,10,,,,,,,,,0,,,,,,,,,,,,,,,,,,,,,,,,,,,,,,,,,,,,,,,,,,,,
2018,1,1,19,5,19/01/2018,B6,20409,B6,N529JB,499,12953,1295304,31703,LGA,"New York, NY",NY,36,New York,22,13204,1320402,31454,MCO,"Orlando, FL",FL,12,Florida,33,2100,2059,-1,0,0,-1,2100-2159,35,2134,2339,3,2350,2342,-8,0,0,-1,2300-2359,0,,0,170,163,125,1,950,4,,,,,,,,,0,,,,,,,,,,,,,,,,,,,,,,,,,,,,,,,,,,,,,,,,,,,,
2018,1,1,19,5,19/01/2018,B6,20409,B6,N570JB,500,11252,1125203,31252,DAB,"Daytona Beach, FL",FL,12,Florida,33,12478,1247805,31703,JFK,"New York, NY",NY,36,New York,22,1125,1143,18,18,1,1,1100-1159,21,1204,1405,6,1344,1411,27,27,1,1,1300-1359,0,,0,139,148,121,1,891,4,18,0,9,0,0,,,,0,,,,,,,,,,,,,,,,,,,,,,,,,,,,,,,,,,,,,,,,,,,,
2018,1,1,19,5,19/01/2018,B6,20409,B6,N956JB,502,11697,1169706,32467,FLL,"Fort Lauderdale, FL",FL,12,Florida,33,12478,1247805,31703,JFK,"New York, NY",NY,36,New York,22,1007,1003,-4,0,0,-1,1000-1059,13,1016,1230,5,1255,1235,-20,0,0,-2,1200-1259,0,,0,168,152,134,1,1069,5,,,,,,,,,0,,,,,,,,,,,,,,,,,,,,,,,,,,,,,,,,,,,,,,,,,,,,
2018,1,1,19,5,19/01/2018,B6,20409,B6,N789JB,504,12954,1295406,32575,LGB,"Long Beach, CA",CA,6,California,91,10721,1072102,30721,BOS,"Boston, MA",MA,25,Massachusetts,13,2115,2111,-4,0,0,-1,2100-2159,17,2128,509,6,529,515,-14,0,0,-1,0001-0559,0,,0,314,304,281,1,2602,11,,,,,,,,,0,,,,,,,,,,,,,,,,,,,,,,,,,,,,,,,,,,,,,,,,,,,,
2018,1,1,19,5,19/01/2018,B6,20409,B6,N283JB,507,14321,1432105,34321,PWM,"Portland, ME",ME,23,Maine,12,12478,1247805,31703,JFK,"New York, NY",NY,36,New York,22,1514,1500,-14,0,0,-1,1500-1559,10,1510,1602,4,1639,1606,-33,0,0,-2,1600-1659,0,,0,85,66,52,1,273,2,,,,,,,,,0,,,,,,,,,,,,,,,,,,,,,,,,,,,,,,,,,,,,,,,,,,,,
2018,1,1,19,5,19/01/2018,B6,20409,B6,N229JB,508,12478,1247805,31703,JFK,"New York, NY",NY,36,New York,22,14321,1432105,34321,PWM,"Portland, ME",ME,23,Maine,12,951,943,-8,0,0,-1,0900-0959,16,959,1050,4,1111,1054,-17,0,0,-2,1100-1159,0,,0,80,71,51,1,273,2,,,,,,,,,0,,,,,,,,,,,,,,,,,,,,,,,,,,,,,,,,,,,,,,,,,,,,
2018,1,1,19,5,19/01/2018,B6,20409,B6,N634JB,511,11697,1169706,32467,FLL,"Fort Lauderdale, FL",FL,12,Florida,33,10423,1042302,30423,AUS,"Austin, TX",TX,48,Texas,74,1556,1547,-9,0,0,-1,1500-1559,11,1558,1739,44,1807,1823,16,16,1,1,1800-1859,0,,0,191,216,161,1,1105,5,0,0,16,0,0,,,,0,,,,,,,,,,,,,,,,,,,,,,,,,,,,,,,,,,,,,,,,,,,,
2018,1,1,19,5,19/01/2018,B6,20409,B6,N634JB,512,10423,1042302,30423,AUS,"Austin, TX",TX,48,Texas,74,11697,1169706,32467,FLL,"Fort Lauderdale, FL",FL,12,Florida,33,1133,1129,-4,0,0,-1,1100-1159,9,1138,1447,4,1505,1451,-14,0,0,-1,1500-1559,0,,0,152,142,129,1,1105,5,,,,,,,,,0,,,,,,,,,,,,,,,,,,,,,,,,,,,,,,,,,,,,,,,,,,,,
2018,1,1,19,5,19/01/2018,B6,20409,B6,N784JB,514,12954,1295406,32575,LGB,"Long Beach, CA",CA,6,California,91,12478,1247805,31703,JFK,"New York, NY",NY,36,New York,22,1457,1505,8,8,0,0,1400-1459,14,1519,2253,4,2309,2257,-12,0,0,-1,2300-2359,0,,0,312,292,274,1,2465,10,,,,,,,,,0,,,,,,,,,,,,,,,,,,,,,,,,,,,,,,,,,,,,,,,,,,,,
2018,1,1,19,5,19/01/2018,B6,20409,B6,N374JB,515,10721,1072102,30721,BOS,"Boston, MA",MA,25,Massachusetts,13,10792,1079206,30792,BUF,"Buffalo, NY",NY,36,New York,22,645,632,-13,0,0,-1,0600-0659,33,705,814,3,824,817,-7,0,0,-1,0800-0859,0,,0,99,105,69,1,395,2,,,,,,,,,0,,,,,,,,,,,,,,,,,,,,,,,,,,,,,,,,,,,,,,,,,,,,
2018,1,1,19,5,19/01/2018,B6,20409,B6,N979JB,516,14771,1477104,32457,SFO,"San Francisco, CA",CA,6,California,91,12478,1247805,31703,JFK,"New York, NY",NY,36,New York,22,1310,1304,-6,0,0,-1,1300-1359,12,1316,2106,11,2139,2117,-22,0,0,-2,2100-2159,0,,0,329,313,290,1,2586,11,,,,,,,,,0,,,,,,,,,,,,,,,,,,,,,,,,,,,,,,,,,,,,,,,,,,,,
2018,1,1,19,5,19/01/2018,B6,20409,B6,N324JB,518,12478,1247805,31703,JFK,"New York, NY",NY,36,New York,22,10721,1072102,30721,BOS,"Boston, MA",MA,25,Massachusetts,13,805,757,-8,0,0,-1,0800-0859,12,809,843,4,915,847,-28,0,0,-2,0900-0959,0,,0,70,50,34,1,187,1,,,,,,,,,0,,,,,,,,,,,,,,,,,,,,,,,,,,,,,,,,,,,,,,,,,,,,
2018,1,1,19,5,19/01/2018,B6,20409,B6,N355JB,521,10721,1072102,30721,BOS,"Boston, MA",MA,25,Massachusetts,13,14027,1402702,34027,PBI,"West Palm Beach/Palm Beach, FL",FL,12,Florida,33,1340,1339,-1,0,0,-1,1300-1359,15,1354,1645,4,1707,1649,-18,0,0,-2,1700-1759,0,,0,207,190,171,1,1197,5,,,,,,,,,0,,,,,,,,,,,,,,,,,,,,,,,,,,,,,,,,,,,,,,,,,,,,
2018,1,1,19,5,19/01/2018,B6,20409,B6,N355JB,522,14027,1402702,34027,PBI,"West Palm Beach/Palm Beach, FL",FL,12,Florida,33,10721,1072102,30721,BOS,"Boston, MA",MA,25,Massachusetts,13,1742,1735,-7,0,0,-1,1700-1759,12,1747,2036,5,2045,2041,-4,0,0,-1,2000-2059,0,,0,183,186,169,1,1197,5,,,,,,,,,0,,,,,,,,,,,,,,,,,,,,,,,,,,,,,,,,,,,,,,,,,,,,
2018,1,1,19,5,19/01/2018,B6,20409,B6,N987JB,523,12478,1247805,31703,JFK,"New York, NY",NY,36,New York,22,12892,1289208,32575,LAX,"Los Angeles, CA",CA,6,California,91,1213,1206,-7,0,0,-1,1200-1259,17,1223,1438,4,1535,1442,-53,0,0,-2,1500-1559,0,,0,382,336,315,1,2475,10,,,,,,,,,0,,,,,,,,,,,,,,,,,,,,,,,,,,,,,,,,,,,,,,,,,,,,
2018,1,1,19,5,19/01/2018,B6,20409,B6,N962JB,524,12892,1289208,32575,LAX,"Los Angeles, CA",CA,6,California,91,12478,1247805,31703,JFK,"New York, NY",NY,36,New York,22,1315,1301,-14,0,0,-1,1300-1359,12,1313,2055,7,2133,2102,-31,0,0,-2,2100-2159,0,,0,318,301,282,1,2475,10,,,,,,,,,0,,,,,,,,,,,,,,,,,,,,,,,,,,,,,,,,,,,,,,,,,,,,
2018,1,1,19,5,19/01/2018,B6,20409,B6,N265JB,525,12478,1247805,31703,JFK,"New York, NY",NY,36,New York,22,15304,1530402,33195,TPA,"Tampa, FL",FL,12,Florida,33,648,643,-5,0,0,-1,0600-0659,17,700,920,4,948,924,-24,0,0,-2,0900-0959,0,,0,180,161,140,1,1005,5,,,,,,,,,0,,,,,,,,,,,,,,,,,,,,,,,,,,,,,,,,,,,,,,,,,,,,
2018,1,1,19,5,19/01/2018,B6,20409,B6,N651JB,529,11697,1169706,32467,FLL,"Fort Lauderdale, FL",FL,12,Florida,33,14679,1467903,33570,SAN,"San Diego, CA",CA,6,California,91,1725,1723,-2,0,0,-1,1700-1759,19,1742,1934,3,2012,1937,-35,0,0,-2,2000-2059,0,,0,347,314,292,1,2269,10,,,,,,,,,0,,,,,,,,,,,,,,,,,,,,,,,,,,,,,,,,,,,,,,,,,,,,
2018,1,1,19,5,19/01/2018,B6,20409,B6,N651JB,530,14679,1467903,33570,SAN,"San Diego, CA",CA,6,California,91,11697,1169706,32467,FLL,"Fort Lauderdale, FL",FL,12,Florida,33,2109,2103,-6,0,0,-1,2100-2159,16,2119,439,4,452,443,-9,0,0,-1,0001-0559,0,,0,283,280,260,1,2269,10,,,,,,,,,0,,,,,,,,,,,,,,,,,,,,,,,,,,,,,,,,,,,,,,,,,,,,
2018,1,1,19,5,19/01/2018,B6,20409,B6,N779JB,531,14869,1486903,34614,SLC,"Salt Lake City, UT",UT,49,Utah,87,12954,1295406,32575,LGB,"Long Beach, CA",CA,6,California,91,1901,1913,12,12,0,0,1900-1959,44,1957,2040,5,1954,2045,51,51,1,3,1900-1959,0,,0,113,152,103,1,588,3,12,0,39,0,0,,,,0,,,,,,,,,,,,,,,,,,,,,,,,,,,,,,,,,,,,,,,,,,,,
2018,1,1,19,5,19/01/2018,B6,20409,B6,N779JB,532,12954,1295406,32575,LGB,"Long Beach, CA",CA,6,California,91,14869,1486903,34614,SLC,"Salt Lake City, UT",UT,49,Utah,87,1537,1530,-7,0,0,-1,1500-1559,9,1539,1754,7,1821,1801,-20,0,0,-2,1800-1859,0,,0,104,91,75,1,588,3,,,,,,,,,0,,,,,,,,,,,,,,,,,,,,,,,,,,,,,,,,,,,,,,,,,,,,
2018,1,1,19,5,19/01/2018,B6,20409,B6,N706JB,533,10529,1052906,30529,BDL,"Hartford, CT",CT,9,Connecticut,11,15304,1530402,33195,TPA,"Tampa, FL",FL,12,Florida,33,1355,1407,12,12,0,0,1300-1359,11,1418,1649,6,1708,1655,-13,0,0,-1,1700-1759,0,,0,193,168,151,1,1111,5,,,,,,,,,0,,,,,,,,,,,,,,,,,,,,,,,,,,,,,,,,,,,,,,,,,,,,
2018,1,1,19,5,19/01/2018,B6,20409,B6,N976JB,534,14771,1477104,32457,SFO,"San Francisco, CA",CA,6,California,91,10721,1072102,30721,BOS,"Boston, MA",MA,25,Massachusetts,13,1420,1421,1,1,0,0,1400-1459,13,1434,2203,7,2250,2210,-40,0,0,-2,2200-2259,0,,0,330,289,269,1,2704,11,,,,,,,,,0,,,,,,,,,,,,,,,,,,,,,,,,,,,,,,,,,,,,,,,,,,,,
2018,1,1,19,5,19/01/2018,B6,20409,B6,N298JB,535,15070,1507002,31703,SWF,"Newburgh/Poughkeepsie, NY",NY,36,New York,22,11697,1169706,32467,FLL,"Fort Lauderdale, FL",FL,12,Florida,33,1920,1939,19,19,1,1,1900-1959,11,1950,2222,5,2236,2227,-9,0,0,-1,2200-2259,0,,0,196,168,152,1,1118,5,,,,,,,,,0,,,,,,,,,,,,,,,,,,,,,,,,,,,,,,,,,,,,,,,,,,,,
2018,1,1,19,5,19/01/2018,B6,20409,B6,N298JB,536,11697,1169706,32467,FLL,"Fort Lauderdale, FL",FL,12,Florida,33,15070,1507002,31703,SWF,"Newburgh/Poughkeepsie, NY",NY,36,New York,22,1543,1538,-5,0,0,-1,1500-1559,14,1552,1823,7,1844,1830,-14,0,0,-1,1800-1859,0,,0,181,172,151,1,1118,5,,,,,,,,,0,,,,,,,,,,,,,,,,,,,,,,,,,,,,,,,,,,,,,,,,,,,,
2018,1,1,19,5,19/01/2018,B6,20409,B6,N645JB,537,10529,1052906,30529,BDL,"Hartford, CT",CT,9,Connecticut,11,13204,1320402,31454,MCO,"Orlando, FL",FL,12,Florida,33,1719,1716,-3,0,0,-1,1700-1759,10,1726,1952,10,2023,2002,-21,0,0,-2,2000-2059,0,,0,184,166,146,1,1050,5,,,,,,,,,0,,,,,,,,,,,,,,,,,,,,,,,,,,,,,,,,,,,,,,,,,,,,
2018,1,1,19,5,19/01/2018,B6,20409,B6,N656JB,543,11618,1161802,31703,EWR,"Newark, NJ",NJ,34,New Jersey,21,14027,1402702,34027,PBI,"West Palm Beach/Palm Beach, FL",FL,12,Florida,33,1816,1928,72,72,1,4,1800-1859,23,1951,2207,3,2115,2210,55,55,1,3,2100-2159,0,,0,179,162,136,1,1023,5,15,0,0,0,40,,,,0,,,,,,,,,,,,,,,,,,,,,,,,,,,,,,,,,,,,,,,,,,,,
2018,1,1,19,5,19/01/2018,B6,20409,B6,N375JB,548,15304,1530402,33195,TPA,"Tampa, FL",FL,12,Florida,33,12197,1219702,31703,HPN,"White Plains, NY",NY,36,New York,22,1819,1811,-8,0,0,-1,1800-1859,17,1828,2052,4,2100,2056,-4,0,0,-1,2100-2159,0,,0,161,165,144,1,1032,5,,,,,,,,,0,,,,,,,,,,,,,,,,,,,,,,,,,,,,,,,,,,,,,,,,,,,,
2018,1,1,19,5,19/01/2018,B6,20409,B6,N192JB,549,11278,1127805,30852,DCA,"Washington, DC",VA,51,Virginia,38,15304,1530402,33195,TPA,"Tampa, FL",FL,12,Florida,33,1259,1248,-11,0,0,-1,1200-1259,13,1301,1455,6,1529,1501,-28,0,0,-2,1500-1559,0,,0,150,133,114,1,814,4,,,,,,,,,0,,,,,,,,,,,,,,,,,,,,,,,,,,,,,,,,,,,,,,,,,,,,
2018,1,1,19,5,19/01/2018,B6,20409,B6,N975JB,553,12478,1247805,31703,JFK,"New York, NY",NY,36,New York,22,14027,1402702,34027,PBI,"West Palm Beach/Palm Beach, FL",FL,12,Florida,33,1949,1945,-4,0,0,-1,1900-1959,14,1959,2215,5,2259,2220,-39,0,0,-2,2200-2259,0,,0,190,155,136,1,1028,5,,,,,,,,,0,,,,,,,,,,,,,,,,,,,,,,,,,,,,,,,,,,,,,,,,,,,,
2018,1,1,19,5,19/01/2018,B6,20409,B6,N615JB,563,13930,1393006,30977,ORD,"Chicago, IL",IL,17,Illinois,41,11697,1169706,32467,FLL,"Fort Lauderdale, FL",FL,12,Florida,33,700,650,-10,0,0,-1,0700-0759,13,703,1034,15,1119,1049,-30,0,0,-2,1100-1159,0,,0,199,179,151,1,1182,5,,,,,,,,,0,,,,,,,,,,,,,,,,,,,,,,,,,,,,,,,,,,,,,,,,,,,,
2018,1,1,19,5,19/01/2018,B6,20409,B6,N615JB,563,11697,1169706,32467,FLL,"Fort Lauderdale, FL",FL,12,Florida,33,14843,1484306,34819,SJU,"San Juan, PR",PR,72,Puerto Rico,3,1215,1220,5,5,0,0,1200-1259,13,1233,1538,5,1546,1543,-3,0,0,-1,1500-1559,0,,0,151,143,125,1,1046,5,,,,,,,,,0,,,,,,,,,,,,,,,,,,,,,,,,,,,,,,,,,,,,,,,,,,,,
2018,1,1,19,5,19/01/2018,B6,20409,B6,N586JB,566,11697,1169706,32467,FLL,"Fort Lauderdale, FL",FL,12,Florida,33,13930,1393006,30977,ORD,"Chicago, IL",IL,17,Illinois,41,2049,2104,15,15,1,1,2000-2059,15,2119,2257,5,2301,2302,1,1,0,0,2300-2359,0,,0,192,178,158,1,1182,5,,,,,,,,,0,,,,,,,,,,,,,,,,,,,,,,,,,,,,,,,,,,,,,,,,,,,,
2018,1,1,19,5,19/01/2018,B6,20409,B6,N591JB,566,14843,1484306,34819,SJU,"San Juan, PR",PR,72,Puerto Rico,3,11697,1169706,32467,FLL,"Fort Lauderdale, FL",FL,12,Florida,33,1814,1813,-1,0,0,-1,1800-1859,9,1822,1955,5,2004,2000,-4,0,0,-1,2000-2059,0,,0,170,167,153,1,1046,5,,,,,,,,,0,,,,,,,,,,,,,,,,,,,,,,,,,,,,,,,,,,,,,,,,,,,,
2018,1,1,19,5,19/01/2018,B6,20409,B6,N729JB,569,10721,1072102,30721,BOS,"Boston, MA",MA,25,Massachusetts,13,11697,1169706,32467,FLL,"Fort Lauderdale, FL",FL,12,Florida,33,620,644,24,24,1,1,0600-0659,17,701,958,5,952,1003,11,11,0,0,0900-0959,0,,0,212,199,177,1,1237,5,,,,,,,,,0,,,,,,,,,,,,,,,,,,,,,,,,,,,,,,,,,,,,,,,,,,,,
2018,1,1,19,5,19/01/2018,B6,20409,B6,N519JB,570,11697,1169706,32467,FLL,"Fort Lauderdale, FL",FL,12,Florida,33,10721,1072102,30721,BOS,"Boston, MA",MA,25,Massachusetts,13,1356,1425,29,29,1,1,1300-1359,16,1441,1725,5,1704,1730,26,26,1,1,1700-1759,0,,0,188,185,164,1,1237,5,26,0,0,0,0,,,,0,,,,,,,,,,,,,,,,,,,,,,,,,,,,,,,,,,,,,,,,,,,,
2018,1,1,19,5,19/01/2018,B6,20409,B6,N580JB,573,11618,1161802,31703,EWR,"Newark, NJ",NJ,34,New Jersey,21,15304,1530402,33195,TPA,"Tampa, FL",FL,12,Florida,33,700,653,-7,0,0,-1,0700-0759,13,706,928,6,956,934,-22,0,0,-2,0900-0959,0,,0,176,161,142,1,997,4,,,,,,,,,0,,,,,,,,,,,,,,,,,,,,,,,,,,,,,,,,,,,,,,,,,,,,
2018,1,1,19,5,19/01/2018,B6,20409,B6,N580JB,574,15304,1530402,33195,TPA,"Tampa, FL",FL,12,Florida,33,11618,1161802,31703,EWR,"Newark, NJ",NJ,34,New Jersey,21,1038,1030,-8,0,0,-1,1000-1059,11,1041,1252,22,1320,1314,-6,0,0,-1,1300-1359,0,,0,162,164,131,1,997,4,,,,,,,,,0,,,,,,,,,,,,,,,,,,,,,,,,,,,,,,,,,,,,,,,,,,,,
2018,1,1,19,5,19/01/2018,B6,20409,B6,N265JB,575,12478,1247805,31703,JFK,"New York, NY",NY,36,New York,22,13495,1349505,33495,MSY,"New Orleans, LA",LA,22,Louisiana,72,1429,1421,-8,0,0,-1,1400-1459,18,1439,2306,7,1704,2313,,,,,1700-1759,0,,1,215,,,1,1182,5,,,,,,,,,1,1,592,369,0,RDU,14492,1449202,1600,17,12,2224,N296JB,,,,,,,,,,,,,,,,,,,,,,,,,,,,,,,,
2018,1,1,19,5,19/01/2018,B6,20409,B6,N296JB,576,13495,1349505,33495,MSY,"New Orleans, LA",LA,22,Louisiana,72,12478,1247805,31703,JFK,"New York, NY",NY,36,New York,22,1746,2349,363,363,1,12,1700-1759,12,1,327,8,2136,335,359,359,1,12,2100-2159,0,,0,170,166,146,1,1182,5,0,0,0,6,353,,,,0,,,,,,,,,,,,,,,,,,,,,,,,,,,,,,,,,,,,,,,,,,,,
2018,1,1,19,5,19/01/2018,B6,20409,B6,N979JB,577,11697,1169706,32467,FLL,"Fort Lauderdale, FL",FL,12,Florida,33,14771,1477104,32457,SFO,"San Francisco, CA",CA,6,California,91,830,836,6,6,0,0,0800-0859,15,851,1131,13,1200,1144,-16,0,0,-2,1200-1259,0,,0,390,368,340,1,2584,11,,,,,,,,,0,,,,,,,,,,,,,,,,,,,,,,,,,,,,,,,,,,,,,,,,,,,,
2018,1,1,19,5,19/01/2018,B6,20409,B6,N985JB,578,14771,1477104,32457,SFO,"San Francisco, CA",CA,6,California,91,11697,1169706,32467,FLL,"Fort Lauderdale, FL",FL,12,Florida,33,802,753,-9,0,0,-1,0800-0859,26,819,1619,9,1621,1628,7,7,0,0,1600-1659,0,,0,319,335,300,1,2584,11,,,,,,,,,0,,,,,,,,,,,,,,,,,,,,,,,,,,,,,,,,,,,,,,,,,,,,
2018,1,1,19,5,19/01/2018,B6,20409,B6,N639JB,581,12478,1247805,31703,JFK,"New York, NY",NY,36,New York,22,12191,1219102,31453,HOU,"Houston, TX",TX,48,Texas,74,1429,1422,-7,0,0,-1,1400-1459,23,1445,1651,9,1747,1700,-47,0,0,-2,1700-1759,0,,0,258,218,186,1,1428,6,,,,,,,,,0,,,,,,,,,,,,,,,,,,,,,,,,,,,,,,,,,,,,,,,,,,,,
2018,1,1,19,5,19/01/2018,B6,20409,B6,N638JB,583,12478,1247805,31703,JFK,"New York, NY",NY,36,New York,22,13204,1320402,31454,MCO,"Orlando, FL",FL,12,Florida,33,600,559,-1,0,0,-1,0600-0659,19,618,837,4,851,841,-10,0,0,-1,0800-0859,0,,0,171,162,139,1,944,4,,,,,,,,,0,,,,,,,,,,,,,,,,,,,,,,,,,,,,,,,,,,,,,,,,,,,,
2018,1,1,19,5,19/01/2018,B6,20409,B6,N959JB,584,13204,1320402,31454,MCO,"Orlando, FL",FL,12,Florida,33,12478,1247805,31703,JFK,"New York, NY",NY,36,New York,22,1355,1352,-3,0,0,-1,1300-1359,15,1407,1608,4,1630,1612,-18,0,0,-2,1600-1659,0,,0,155,140,121,1,944,4,,,,,,,,,0,,,,,,,,,,,,,,,,,,,,,,,,,,,,,,,,,,,,,,,,,,,,
2018,1,1,19,5,19/01/2018,B6,20409,B6,N358JB,585,14576,1457606,34576,ROC,"Rochester, NY",NY,36,New York,22,12478,1247805,31703,JFK,"New York, NY",NY,36,New York,22,1357,1401,4,4,0,0,1300-1359,12,1413,1507,5,1516,1512,-4,0,0,-1,1500-1559,0,,0,79,71,54,1,264,2,,,,,,,,,0,,,,,,,,,,,,,,,,,,,,,,,,,,,,,,,,,,,,,,,,,,,,
2018,1,1,19,5,19/01/2018,B6,20409,B6,N229JB,586,12478,1247805,31703,JFK,"New York, NY",NY,36,New York,22,14576,1457606,34576,ROC,"Rochester, NY",NY,36,New York,22,1429,1443,14,14,0,0,1400-1459,17,1500,1552,6,1556,1558,2,2,0,0,1500-1559,0,,0,87,75,52,1,264,2,,,,,,,,,0,,,,,,,,,,,,,,,,,,,,,,,,,,,,,,,,,,,,,,,,,,,,
2018,1,1,19,5,19/01/2018,B6,20409,B6,N258JB,589,11278,1127805,30852,DCA,"Washington, DC",VA,51,Virginia,38,12451,1245102,31136,JAX,"Jacksonville, FL",FL,12,Florida,33,858,841,-17,0,0,-2,0800-0859,24,905,1044,7,1116,1051,-25,0,0,-2,1100-1159,0,,0,138,130,99,1,634,3,,,,,,,,,0,,,,,,,,,,,,,,,,,,,,,,,,,,,,,,,,,,,,,,,,,,,,
2018,1,1,19,5,19/01/2018,B6,20409,B6,N273JB,590,11278,1127805,30852,DCA,"Washington, DC",VA,51,Virginia,38,10721,1072102,30721,BOS,"Boston, MA",MA,25,Massachusetts,13,1429,1441,12,12,0,0,1400-1459,12,1453,1552,7,1555,1559,4,4,0,0,1500-1559,0,,0,86,78,59,1,399,2,,,,,,,,,0,,,,,,,,,,,,,,,,,,,,,,,,,,,,,,,,,,,,,,,,,,,,
2018,1,1,19,5,19/01/2018,B6,20409,B6,N641JB,597,10721,1072102,30721,BOS,"Boston, MA",MA,25,Massachusetts,13,14747,1474703,30559,SEA,"Seattle, WA",WA,53,Washington,93,859,857,-2,0,0,-1,0800-0859,12,909,1236,6,1226,1242,16,16,1,1,1200-1259,0,,0,387,405,387,1,2496,10,0,0,16,0,0,,,,0,,,,,,,,,,,,,,,,,,,,,,,,,,,,,,,,,,,,,,,,,,,,
2018,1,1,19,5,19/01/2018,B6,20409,B6,N641JB,598,14747,1474703,30559,SEA,"Seattle, WA",WA,53,Washington,93,10721,1072102,30721,BOS,"Boston, MA",MA,25,Massachusetts,13,1316,1356,40,40,1,2,1300-1359,19,1415,2137,12,2126,2149,23,23,1,1,2100-2159,0,,0,310,293,262,1,2496,10,14,0,0,0,9,,,,0,,,,,,,,,,,,,,,,,,,,,,,,,,,,,,,,,,,,,,,,,,,,
2018,1,1,19,5,19/01/2018,B6,20409,B6,N351JB,599,10529,1052906,30529,BDL,"Hartford, CT",CT,9,Connecticut,11,11278,1127805,30852,DCA,"Washington, DC",VA,51,Virginia,38,1915,1945,30,30,1,2,1900-1959,12,1957,2051,3,2044,2054,10,10,0,0,2000-2059,0,,0,89,69,54,1,313,2,,,,,,,,,0,,,,,,,,,,,,,,,,,,,,,,,,,,,,,,,,,,,,,,,,,,,,
2018,1,1,19,5,19/01/2018,B6,20409,B6,N956JB,601,12478,1247805,31703,JFK,"New York, NY",NY,36,New York,22,11697,1169706,32467,FLL,"Fort Lauderdale, FL",FL,12,Florida,33,600,552,-8,0,0,-1,0600-0659,16,608,840,3,907,843,-24,0,0,-2,0900-0959,0,,0,187,171,152,1,1069,5,,,,,,,,,0,,,,,,,,,,,,,,,,,,,,,,,,,,,,,,,,,,,,,,,,,,,,
2018,1,1,19,5,19/01/2018,B6,20409,B6,N804JB,602,14107,1410702,30466,PHX,"Phoenix, AZ",AZ,4,Arizona,81,10721,1072102,30721,BOS,"Boston, MA",MA,25,Massachusetts,13,2359,37,38,38,1,2,2300-2359,14,51,657,8,643,705,22,22,1,1,0600-0659,0,,0,284,268,246,1,2300,10,5,0,0,0,17,,,,0,,,,,,,,,,,,,,,,,,,,,,,,,,,,,,,,,,,,,,,,,,,,
2018,1,1,19,5,19/01/2018,B6,20409,B6,N834JB,603,10721,1072102,30721,BOS,"Boston, MA",MA,25,Massachusetts,13,14107,1410702,30466,PHX,"Phoenix, AZ",AZ,4,Arizona,81,1752,1801,9,9,0,0,1700-1759,17,1818,2128,10,2159,2138,-21,0,0,-2,2100-2159,0,,0,367,337,310,1,2300,10,,,,,,,,,0,,,,,,,,,,,,,,,,,,,,,,,,,,,,,,,,,,,,,,,,,,,,
2018,1,1,19,5,19/01/2018,B6,20409,B6,N954JB,611,12478,1247805,31703,JFK,"New York, NY",NY,36,New York,22,12889,1288903,32211,LAS,"Las Vegas, NV",NV,32,Nevada,85,1916,1910,-6,0,0,-1,1900-1959,19,1929,2126,24,2218,2150,-28,0,0,-2,2200-2259,0,,0,362,340,297,1,2248,9,,,,,,,,,0,,,,,,,,,,,,,,,,,,,,,,,,,,,,,,,,,,,,,,,,,,,,
2018,1,1,19,5,19/01/2018,B6,20409,B6,N656JB,612,14635,1463502,31714,RSW,"Fort Myers, FL",FL,12,Florida,33,11618,1161802,31703,EWR,"Newark, NJ",NJ,34,New Jersey,21,1440,1540,60,60,1,4,1400-1459,15,1555,1822,6,1736,1828,52,52,1,3,1700-1759,0,,0,176,168,147,1,1068,5,0,0,52,0,0,,,,0,,,,,,,,,,,,,,,,,,,,,,,,,,,,,,,,,,,,,,,,,,,,
2018,1,1,19,5,19/01/2018,B6,20409,B6,N935JB,615,12478,1247805,31703,JFK,"New York, NY",NY,36,New York,22,14771,1477104,32457,SFO,"San Francisco, CA",CA,6,California,91,1140,1218,38,38,1,2,1100-1159,16,1234,1524,9,1520,1533,13,13,0,0,1500-1559,0,,0,400,375,350,1,2586,11,,,,,,,,,0,,,,,,,,,,,,,,,,,,,,,,,,,,,,,,,,,,,,,,,,,,,,
2018,1,1,19,5,19/01/2018,B6,20409,B6,N942JB,616,14771,1477104,32457,SFO,"San Francisco, CA",CA,6,California,91,12478,1247805,31703,JFK,"New York, NY",NY,36,New York,22,1550,1550,0,0,0,0,1500-1559,12,1602,2337,4,16,2341,-35,0,0,-2,0001-0559,0,,0,326,291,275,1,2586,11,,,,,,,,,0,,,,,,,,,,,,,,,,,,,,,,,,,,,,,,,,,,,,,,,,,,,,
2018,1,1,19,5,19/01/2018,B6,20409,B6,N988JB,619,10721,1072102,30721,BOS,"Boston, MA",MA,25,Massachusetts,13,14679,1467903,33570,SAN,"San Diego, CA",CA,6,California,91,700,708,8,8,0,0,0700-0759,24,732,1002,4,1039,1006,-33,0,0,-2,1000-1059,0,,0,399,358,330,1,2588,11,,,,,,,,,0,,,,,,,,,,,,,,,,,,,,,,,,,,,,,,,,,,,,,,,,,,,,
2018,1,1,19,5,19/01/2018,B6,20409,B6,N988JB,620,14679,1467903,33570,SAN,"San Diego, CA",CA,6,California,91,10721,1072102,30721,BOS,"Boston, MA",MA,25,Massachusetts,13,1150,1140,-10,0,0,-1,1100-1159,17,1157,1948,7,2013,1955,-18,0,0,-2,2000-2059,0,,0,323,315,291,1,2588,11,,,,,,,,,0,,,,,,,,,,,,,,,,,,,,,,,,,,,,,,,,,,,,,,,,,,,,
2018,1,1,19,5,19/01/2018,B6,20409,B6,N937JB,624,12892,1289208,32575,LAX,"Los Angeles, CA",CA,6,California,91,12478,1247805,31703,JFK,"New York, NY",NY,36,New York,22,1415,1402,-13,0,0,-1,1400-1459,21,1423,2222,5,2229,2227,-2,0,0,-1,2200-2259,0,,0,314,325,299,1,2475,10,,,,,,,,,0,,,,,,,,,,,,,,,,,,,,,,,,,,,,,,,,,,,,,,,,,,,,
2018,1,1,19,5,19/01/2018,B6,20409,B6,N323JB,626,10821,1082106,30852,BWI,"Baltimore, MD",MD,24,Maryland,35,10721,1072102,30721,BOS,"Boston, MA",MA,25,Massachusetts,13,1013,1025,12,12,0,0,1000-1059,11,1036,1136,4,1132,1140,8,8,0,0,1100-1159,0,,0,79,75,60,1,369,2,,,,,,,,,0,,,,,,,,,,,,,,,,,,,,,,,,,,,,,,,,,,,,,,,,,,,,
2018,1,1,19,5,19/01/2018,B6,20409,B6,N959JB,629,13204,1320402,31454,MCO,"Orlando, FL",FL,12,Florida,33,10732,1073203,30732,BQN,"Aguadilla, PR",PR,72,Puerto Rico,3,2138,2137,-1,0,0,-1,2100-2159,11,2148,59,6,118,105,-13,0,0,-1,0001-0559,0,,0,160,148,131,1,1129,5,,,,,,,,,0,,,,,,,,,,,,,,,,,,,,,,,,,,,,,,,,,,,,,,,,,,,,
2018,1,1,19,5,19/01/2018,B6,20409,B6,N907JB,630,10732,1073203,30732,BQN,"Aguadilla, PR",PR,72,Puerto Rico,3,13204,1320402,31454,MCO,"Orlando, FL",FL,12,Florida,33,238,228,-10,0,0,-1,0001-0559,11,239,411,2,433,413,-20,0,0,-2,0001-0559,0,,0,175,165,152,1,1129,5,,,,,,,,,0,,,,,,,,,,,,,,,,,,,,,,,,,,,,,,,,,,,,,,,,,,,,
2018,1,1,19,5,19/01/2018,B6,20409,B6,N348JB,631,10721,1072102,30721,BOS,"Boston, MA",MA,25,Massachusetts,13,12953,1295304,31703,LGA,"New York, NY",NY,36,New York,22,645,637,-8,0,0,-1,0600-0659,19,656,738,4,808,742,-26,0,0,-2,0800-0859,0,,0,83,65,42,1,184,1,,,,,,,,,0,,,,,,,,,,,,,,,,,,,,,,,,,,,,,,,,,,,,,,,,,,,,
2018,1,1,19,5,19/01/2018,B6,20409,B6,N348JB,632,12953,1295304,31703,LGA,"New York, NY",NY,36,New York,22,10721,1072102,30721,BOS,"Boston, MA",MA,25,Massachusetts,13,900,933,33,33,1,2,0900-0959,34,1007,1041,4,1025,1045,20,20,1,1,1000-1059,0,,0,85,72,34,1,184,1,20,0,0,0,0,847,27,27,0,,,,,,,,,,,,,,,,,,,,,,,,,,,,,,,,,,,,,,,,,,,,
2018,1,1,19,5,19/01/2018,B6,20409,B6,N348JB,640,11042,1104205,30647,CLE,"Cleveland, OH",OH,39,Ohio,44,10721,1072102,30721,BOS,"Boston, MA",MA,25,Massachusetts,13,1856,1854,-2,0,0,-1,1800-1859,14,1908,2024,5,2037,2029,-8,0,0,-1,2000-2059,0,,0,101,95,76,1,563,3,,,,,,,,,0,,,,,,,,,,,,,,,,,,,,,,,,,,,,,,,,,,,,,,,,,,,,
2018,1,1,19,5,19/01/2018,B6,20409,B6,N348JB,641,10721,1072102,30721,BOS,"Boston, MA",MA,25,Massachusetts,13,11042,1104205,30647,CLE,"Cleveland, OH",OH,39,Ohio,44,1615,1624,9,9,0,0,1600-1659,13,1637,1807,10,1821,1817,-4,0,0,-1,1800-1859,0,,0,126,113,90,1,563,3,,,,,,,,,0,,,,,,,,,,,,,,,,,,,,,,,,,,,,,,,,,,,,,,,,,,,,
2018,1,1,19,5,19/01/2018,B6,20409,B6,N608JB,644,14027,1402702,34027,PBI,"West Palm Beach/Palm Beach, FL",FL,12,Florida,33,11618,1161802,31703,EWR,"Newark, NJ",NJ,34,New Jersey,21,930,921,-9,0,0,-1,0900-0959,13,934,1155,4,1218,1159,-19,0,0,-2,1200-1259,0,,0,168,158,141,1,1023,5,,,,,,,,,0,,,,,,,,,,,,,,,,,,,,,,,,,,,,,,,,,,,,,,,,,,,,
2018,1,1,19,5,19/01/2018,B6,20409,B6,N274JB,645,14524,1452401,34524,RIC,"Richmond, VA",VA,51,Virginia,38,11697,1169706,32467,FLL,"Fort Lauderdale, FL",FL,12,Florida,33,1634,1634,0,0,0,0,1600-1659,11,1645,1852,6,1858,1858,0,0,0,0,1800-1859,0,,0,144,144,127,1,805,4,,,,,,,,,0,,,,,,,,,,,,,,,,,,,,,,,,,,,,,,,,,,,,,,,,,,,,
2018,1,1,19,5,19/01/2018,B6,20409,B6,N274JB,646,11697,1169706,32467,FLL,"Fort Lauderdale, FL",FL,12,Florida,33,14524,1452401,34524,RIC,"Richmond, VA",VA,51,Virginia,38,1342,1343,1,1,0,0,1300-1359,15,1358,1542,2,1559,1544,-15,0,0,-1,1500-1559,0,,0,137,121,104,1,805,4,,,,,,,,,0,,,,,,,,,,,,,,,,,,,,,,,,,,,,,,,,,,,,,,,,,,,,
2018,1,1,19,5,19/01/2018,B6,20409,B6,N506JB,647,10721,1072102,30721,BOS,"Boston, MA",MA,25,Massachusetts,13,14869,1486903,34614,SLC,"Salt Lake City, UT",UT,49,Utah,87,1900,1914,14,14,0,0,1900-1959,18,1932,2237,6,2237,2243,6,6,0,0,2200-2259,0,,0,337,329,305,1,2105,9,,,,,,,,,0,,,,,,,,,,,,,,,,,,,,,,,,,,,,,,,,,,,,,,,,,,,,
2018,1,1,19,5,19/01/2018,B6,20409,B6,N506JB,648,14869,1486903,34614,SLC,"Salt Lake City, UT",UT,49,Utah,87,10721,1072102,30721,BOS,"Boston, MA",MA,25,Massachusetts,13,2327,2339,12,12,0,0,2300-2359,42,21,552,4,555,556,1,1,0,0,0001-0559,0,,0,268,257,211,1,2105,9,,,,,,,,,0,,,,,,,,,,,,,,,,,,,,,,,,,,,,,,,,,,,,,,,,,,,,
2018,1,1,19,5,19/01/2018,B6,20409,B6,N355JB,654,11278,1127805,30852,DCA,"Washington, DC",VA,51,Virginia,38,10721,1072102,30721,BOS,"Boston, MA",MA,25,Massachusetts,13,1140,1132,-8,0,0,-1,1100-1159,15,1147,1246,4,1305,1250,-15,0,0,-1,1300-1359,0,,0,85,78,59,1,399,2,,,,,,,,,0,,,,,,,,,,,,,,,,,,,,,,,,,,,,,,,,,,,,,,,,,,,,
2018,1,1,19,5,19/01/2018,B6,20409,B6,N640JB,655,15096,1509602,35096,SYR,"Syracuse, NY",NY,36,New York,22,13204,1320402,31454,MCO,"Orlando, FL",FL,12,Florida,33,720,733,13,13,0,0,0700-0759,25,758,1020,19,1036,1039,3,3,0,0,1000-1059,0,,0,196,186,142,1,1053,5,,,,,,,,,0,,,,,,,,,,,,,,,,,,,,,,,,,,,,,,,,,,,,,,,,,,,,
2018,1,1,19,5,19/01/2018,B6,20409,B6,N559JB,656,13204,1320402,31454,MCO,"Orlando, FL",FL,12,Florida,33,15096,1509602,35096,SYR,"Syracuse, NY",NY,36,New York,22,2025,2129,64,64,1,4,2000-2059,13,2142,2355,4,2304,2359,55,55,1,3,2300-2359,0,,0,159,150,133,1,1053,5,3,0,0,0,52,,,,0,,,,,,,,,,,,,,,,,,,,,,,,,,,,,,,,,,,,,,,,,,,,
2018,1,1,19,5,19/01/2018,B6,20409,B6,N613JB,657,11042,1104205,30647,CLE,"Cleveland, OH",OH,39,Ohio,44,11697,1169706,32467,FLL,"Fort Lauderdale, FL",FL,12,Florida,33,700,655,-5,0,0,-1,0700-0759,18,713,938,9,955,947,-8,0,0,-1,0900-0959,0,,0,175,172,145,1,1062,5,,,,,,,,,0,,,,,,,,,,,,,,,,,,,,,,,,,,,,,,,,,,,,,,,,,,,,
2018,1,1,19,5,19/01/2018,B6,20409,B6,N623JB,658,11697,1169706,32467,FLL,"Fort Lauderdale, FL",FL,12,Florida,33,11042,1104205,30647,CLE,"Cleveland, OH",OH,39,Ohio,44,1940,1933,-7,0,0,-1,1900-1959,13,1946,2204,8,2238,2212,-26,0,0,-2,2200-2259,0,,0,178,159,138,1,1062,5,,,,,,,,,0,,,,,,,,,,,,,,,,,,,,,,,,,,,,,,,,,,,,,,,,,,,,
2018,1,1,19,5,19/01/2018,B6,20409,B6,N267JB,660,14100,1410005,34100,PHL,"Philadelphia, PA",PA,42,Pennsylvania,23,10721,1072102,30721,BOS,"Boston, MA",MA,25,Massachusetts,13,1559,1613,14,14,0,0,1500-1559,16,1629,1717,11,1718,1728,10,10,0,0,1700-1759,0,,0,79,75,48,1,280,2,,,,,,,,,0,,,,,,,,,,,,,,,,,,,,,,,,,,,,,,,,,,,,,,,,,,,,
2018,1,1,19,5,19/01/2018,B6,20409,B6,N505JB,665,10721,1072102,30721,BOS,"Boston, MA",MA,25,Massachusetts,13,14635,1463502,31714,RSW,"Fort Myers, FL",FL,12,Florida,33,830,824,-6,0,0,-1,0800-0859,20,844,1140,4,1212,1144,-28,0,0,-2,1200-1259,0,,0,222,200,176,1,1249,5,,,,,,,,,0,,,,,,,,,,,,,,,,,,,,,,,,,,,,,,,,,,,,,,,,,,,,
2018,1,1,19,5,19/01/2018,B6,20409,B6,N509JB,667,13204,1320402,31454,MCO,"Orlando, FL",FL,12,Florida,33,14254,1425404,34254,PSE,"Ponce, PR",PR,72,Puerto Rico,3,2145,2145,0,0,0,0,2100-2159,25,2210,136,6,138,142,4,4,0,0,0001-0559,0,,0,173,177,146,1,1179,5,,,,,,,,,0,,,,,,,,,,,,,,,,,,,,,,,,,,,,,,,,,,,,,,,,,,,,
2018,1,1,19,5,19/01/2018,B6,20409,B6,N571JB,668,14254,1425404,34254,PSE,"Ponce, PR",PR,72,Puerto Rico,3,13204,1320402,31454,MCO,"Orlando, FL",FL,12,Florida,33,250,241,-9,0,0,-1,0001-0559,9,250,430,4,455,434,-21,0,0,-2,0001-0559,0,,0,185,173,160,1,1179,5,,,,,,,,,0,,,,,,,,,,,,,,,,,,,,,,,,,,,,,,,,,,,,,,,,,,,,
2018,1,1,19,5,19/01/2018,B6,20409,B6,N763JB,669,12478,1247805,31703,JFK,"New York, NY",NY,36,New York,22,14831,1483106,32457,SJC,"San Jose, CA",CA,6,California,91,1811,1807,-4,0,0,-1,1800-1859,15,1822,2109,3,2153,2112,-41,0,0,-2,2100-2159,0,,0,402,365,347,1,2569,11,,,,,,,,,0,,,,,,,,,,,,,,,,,,,,,,,,,,,,,,,,,,,,,,,,,,,,
2018,1,1,19,5,19/01/2018,B6,20409,B6,N779JB,670,14831,1483106,32457,SJC,"San Jose, CA",CA,6,California,91,12478,1247805,31703,JFK,"New York, NY",NY,36,New York,22,2245,2333,48,48,1,3,2200-2259,9,2342,719,6,711,725,14,14,0,0,0700-0759,0,,0,326,292,277,1,2569,11,,,,,,,,,0,,,,,,,,,,,,,,,,,,,,,,,,,,,,,,,,,,,,,,,,,,,,
2018,1,1,19,5,19/01/2018,B6,20409,B6,N552JB,672,11697,1169706,32467,FLL,"Fort Lauderdale, FL",FL,12,Florida,33,12953,1295304,31703,LGA,"New York, NY",NY,36,New York,22,1801,1756,-5,0,0,-1,1800-1859,15,1811,2049,2,2058,2051,-7,0,0,-1,2000-2059,0,,0,177,175,158,1,1076,5,,,,,,,,,0,,,,,,,,,,,,,,,,,,,,,,,,,,,,,,,,,,,,,,,,,,,,
2018,1,1,19,5,19/01/2018,B6,20409,B6,N284JB,675,12478,1247805,31703,JFK,"New York, NY",NY,36,New York,22,13495,1349505,33495,MSY,"New Orleans, LA",LA,22,Louisiana,72,847,847,0,0,0,0,0800-0859,28,915,1057,6,1123,1103,-20,0,0,-2,1100-1159,0,,0,216,196,162,1,1182,5,,,,,,,,,0,,,,,,,,,,,,,,,,,,,,,,,,,,,,,,,,,,,,,,,,,,,,
2018,1,1,19,5,19/01/2018,B6,20409,B6,N503JB,677,12478,1247805,31703,JFK,"New York, NY",NY,36,New York,22,12451,1245102,31136,JAX,"Jacksonville, FL",FL,12,Florida,33,807,800,-7,0,0,-1,0800-0859,11,811,1009,3,1047,1012,-35,0,0,-2,1000-1059,0,,0,160,132,118,1,828,4,,,,,,,,,0,,,,,,,,,,,,,,,,,,,,,,,,,,,,,,,,,,,,,,,,,,,,
2018,1,1,19,5,19/01/2018,B6,20409,B6,N503JB,678,12451,1245102,31136,JAX,"Jacksonville, FL",FL,12,Florida,33,12478,1247805,31703,JFK,"New York, NY",NY,36,New York,22,1127,1121,-6,0,0,-1,1100-1159,10,1131,1316,5,1337,1321,-16,0,0,-2,1300-1359,0,,0,130,120,105,1,828,4,,,,,,,,,0,,,,,,,,,,,,,,,,,,,,,,,,,,,,,,,,,,,,,,,,,,,,
2018,1,1,19,5,19/01/2018,B6,20409,B6,N537JB,679,12889,1288903,32211,LAS,"Las Vegas, NV",NV,32,Nevada,85,12954,1295406,32575,LGB,"Long Beach, CA",CA,6,California,91,2031,2118,47,47,1,3,2000-2059,14,2132,2223,4,2135,2227,52,52,1,3,2100-2159,0,,0,64,69,51,1,231,1,24,0,5,0,23,,,,0,,,,,,,,,,,,,,,,,,,,,,,,,,,,,,,,,,,,,,,,,,,,
2018,1,1,19,5,19/01/2018,B6,20409,B6,N590JB,680,12954,1295406,32575,LGB,"Long Beach, CA",CA,6,California,91,12889,1288903,32211,LAS,"Las Vegas, NV",NV,32,Nevada,85,1657,1654,-3,0,0,-1,1600-1659,9,1703,1745,10,1805,1755,-10,0,0,-1,1800-1859,0,,0,68,61,42,1,231,1,,,,,,,,,0,,,,,,,,,,,,,,,,,,,,,,,,,,,,,,,,,,,,,,,,,,,,
2018,1,1,19,5,19/01/2018,B6,20409,B6,N281JB,682,14524,1452401,34524,RIC,"Richmond, VA",VA,51,Virginia,38,10721,1072102,30721,BOS,"Boston, MA",MA,25,Massachusetts,13,2017,2006,-11,0,0,-1,2000-2059,8,2014,2133,4,2143,2137,-6,0,0,-1,2100-2159,0,,0,86,91,79,1,474,2,,,,,,,,,0,,,,,,,,,,,,,,,,,,,,,,,,,,,,,,,,,,,,,,,,,,,,
2018,1,1,19,5,19/01/2018,B6,20409,B6,N229JB,685,14576,1457606,34576,ROC,"Rochester, NY",NY,36,New York,22,12478,1247805,31703,JFK,"New York, NY",NY,36,New York,22,1631,1635,4,4,0,0,1600-1659,11,1646,1741,8,1753,1749,-4,0,0,-1,1700-1759,0,,0,82,74,55,1,264,2,,,,,,,,,0,,,,,,,,,,,,,,,,,,,,,,,,,,,,,,,,,,,,,,,,,,,,
2018,1,1,19,5,19/01/2018,B6,20409,B6,N358JB,686,12478,1247805,31703,JFK,"New York, NY",NY,36,New York,22,14576,1457606,34576,ROC,"Rochester, NY",NY,36,New York,22,1203,1201,-2,0,0,-1,1200-1259,19,1220,1318,7,1322,1325,3,3,0,0,1300-1359,0,,0,79,84,58,1,264,2,,,,,,,,,0,,,,,,,,,,,,,,,,,,,,,,,,,,,,,,,,,,,,,,,,,,,,
2018,1,1,19,5,19/01/2018,B6,20409,B6,N968JB,687,10721,1072102,30721,BOS,"Boston, MA",MA,25,Massachusetts,13,12892,1289208,32575,LAX,"Los Angeles, CA",CA,6,California,91,1740,1736,-4,0,0,-1,1700-1759,24,1800,2043,8,2128,2051,-37,0,0,-2,2100-2159,0,,0,408,375,343,1,2611,11,,,,,,,,,0,,,,,,,,,,,,,,,,,,,,,,,,,,,,,,,,,,,,,,,,,,,,
2018,1,1,19,5,19/01/2018,B6,20409,B6,N969JB,688,12892,1289208,32575,LAX,"Los Angeles, CA",CA,6,California,91,10721,1072102,30721,BOS,"Boston, MA",MA,25,Massachusetts,13,1545,1553,8,8,0,0,1500-1559,21,1614,2347,4,6,2351,-15,0,0,-1,0001-0559,0,,0,321,298,273,1,2611,11,,,,,,,,,0,,,,,,,,,,,,,,,,,,,,,,,,,,,,,,,,,,,,,,,,,,,,
2018,1,1,19,5,19/01/2018,B6,20409,B6,N966JB,690,13204,1320402,31454,MCO,"Orlando, FL",FL,12,Florida,33,12478,1247805,31703,JFK,"New York, NY",NY,36,New York,22,1507,1501,-6,0,0,-1,1500-1559,20,1521,1733,9,1743,1742,-1,0,0,-1,1700-1759,0,,0,156,161,132,1,944,4,,,,,,,,,0,,,,,,,,,,,,,,,,,,,,,,,,,,,,,,,,,,,,,,,,,,,,
2018,1,1,19,5,19/01/2018,B6,20409,B6,N653JB,694,11697,1169706,32467,FLL,"Fort Lauderdale, FL",FL,12,Florida,33,10821,1082106,30852,BWI,"Baltimore, MD",MD,24,Maryland,35,2059,2048,-11,0,0,-1,2000-2059,12,2100,2301,5,2325,2306,-19,0,0,-2,2300-2359,0,,0,146,138,121,1,925,4,,,,,,,,,0,,,,,,,,,,,,,,,,,,,,,,,,,,,,,,,,,,,,,,,,,,,,
2018,1,1,19,5,19/01/2018,B6,20409,B6,N527JB,696,10397,1039707,30397,ATL,"Atlanta, GA",GA,13,Georgia,34,10721,1072102,30721,BOS,"Boston, MA",MA,25,Massachusetts,13,1702,1653,-9,0,0,-1,1700-1759,14,1707,1932,4,1945,1936,-9,0,0,-1,1900-1959,0,,0,163,163,145,1,946,4,,,,,,,,,0,,,,,,,,,,,,,,,,,,,,,,,,,,,,,,,,,,,,,,,,,,,,
2018,1,1,19,5,19/01/2018,B6,20409,B6,N527JB,697,10721,1072102,30721,BOS,"Boston, MA",MA,25,Massachusetts,13,10397,1039707,30397,ATL,"Atlanta, GA",GA,13,Georgia,34,1325,1322,-3,0,0,-1,1300-1359,14,1336,1540,11,1622,1551,-31,0,0,-2,1600-1659,0,,0,177,149,124,1,946,4,,,,,,,,,0,,,,,,,,,,,,,,,,,,,,,,,,,,,,,,,,,,,,,,,,,,,,
2018,1,1,19,5,19/01/2018,B6,20409,B6,N607JB,698,13204,1320402,31454,MCO,"Orlando, FL",FL,12,Florida,33,12953,1295304,31703,LGA,"New York, NY",NY,36,New York,22,1920,1953,33,33,1,2,1900-1959,21,2014,2221,2,2158,2223,25,25,1,1,2100-2159,0,,0,158,150,127,1,950,4,9,0,0,0,16,,,,0,,,,,,,,,,,,,,,,,,,,,,,,,,,,,,,,,,,,,,,,,,,,
2018,1,1,19,5,19/01/2018,B6,20409,B6,N351JB,699,10529,1052906,30529,BDL,"Hartford, CT",CT,9,Connecticut,11,11278,1127805,30852,DCA,"Washington, DC",VA,51,Virginia,38,926,924,-2,0,0,-1,0900-0959,10,934,1037,2,1058,1039,-19,0,0,-2,1000-1059,0,,0,92,75,63,1,313,2,,,,,,,,,0,,,,,,,,,,,,,,,,,,,,,,,,,,,,,,,,,,,,,,,,,,,,
2018,1,1,19,5,19/01/2018,B6,20409,B6,N980JB,700,12892,1289208,32575,LAX,"Los Angeles, CA",CA,6,California,91,11697,1169706,32467,FLL,"Fort Lauderdale, FL",FL,12,Florida,33,800,751,-9,0,0,-1,0800-0859,17,808,1546,6,1548,1552,4,4,0,0,1500-1559,0,,0,288,301,278,1,2343,10,,,,,,,,,0,,,,,,,,,,,,,,,,,,,,,,,,,,,,,,,,,,,,,,,,,,,,
2018,1,1,19,5,19/01/2018,B6,20409,B6,N984JB,701,11697,1169706,32467,FLL,"Fort Lauderdale, FL",FL,12,Florida,33,12892,1289208,32575,LAX,"Los Angeles, CA",CA,6,California,91,924,923,-1,0,0,-1,0900-0959,22,945,1147,7,1223,1154,-29,0,0,-2,1200-1259,0,,0,359,331,302,1,2343,10,,,,,,,,,0,,,,,,,,,,,,,,,,,,,,,,,,,,,,,,,,,,,,,,,,,,,,
2018,1,1,19,5,19/01/2018,B6,20409,B6,N178JB,702,12478,1247805,31703,JFK,"New York, NY",NY,36,New York,22,10792,1079206,30792,BUF,"Buffalo, NY",NY,36,New York,22,1134,1126,-8,0,0,-1,1100-1159,15,1141,1241,2,1258,1243,-15,0,0,-1,1200-1259,0,,0,84,77,60,1,301,2,,,,,,,,,0,,,,,,,,,,,,,,,,,,,,,,,,,,,,,,,,,,,,,,,,,,,,
2018,1,1,19,5,19/01/2018,B6,20409,B6,N653JB,705,11618,1161802,31703,EWR,"Newark, NJ",NJ,34,New Jersey,21,11697,1169706,32467,FLL,"Fort Lauderdale, FL",FL,12,Florida,33,1700,1656,-4,0,0,-1,1700-1759,16,1712,1942,9,2011,1951,-20,0,0,-2,2000-2059,0,,0,191,175,150,1,1065,5,,,,,,,,,0,,,,,,,,,,,,,,,,,,,,,,,,,,,,,,,,,,,,,,,,,,,,
2018,1,1,19,5,19/01/2018,B6,20409,B6,N729JB,706,11697,1169706,32467,FLL,"Fort Lauderdale, FL",FL,12,Florida,33,11618,1161802,31703,EWR,"Newark, NJ",NJ,34,New Jersey,21,1900,1930,30,30,1,2,1900-1959,25,1955,2235,7,2158,2242,44,44,1,2,2100-2159,0,,0,178,192,160,1,1065,5,0,0,19,0,25,,,,0,,,,,,,,,,,,,,,,,,,,,,,,,,,,,,,,,,,,,,,,,,,,
2018,1,1,19,5,19/01/2018,B6,20409,B6,N944JB,711,12478,1247805,31703,JFK,"New York, NY",NY,36,New York,22,12889,1288903,32211,LAS,"Las Vegas, NV",NV,32,Nevada,85,2045,2040,-5,0,0,-1,2000-2059,17,2057,2253,7,2344,2300,-44,0,0,-2,2300-2359,0,,0,359,320,296,1,2248,9,,,,,,,,,0,,,,,,,,,,,,,,,,,,,,,,,,,,,,,,,,,,,,,,,,,,,,
2018,1,1,19,5,19/01/2018,B6,20409,B6,N579JB,714,11298,1129806,30194,DFW,"Dallas/Fort Worth, TX",TX,48,Texas,74,10721,1072102,30721,BOS,"Boston, MA",MA,25,Massachusetts,13,1840,1837,-3,0,0,-1,1800-1859,18,1855,2310,8,2310,2318,8,8,0,0,2300-2359,0,,0,210,221,195,1,1562,7,,,,,,,,,0,,,,,,,,,,,,,,,,,,,,,,,,,,,,,,,,,,,,,,,,,,,,
2018,1,1,19,5,19/01/2018,B6,20409,B6,N247JB,716,12451,1245102,31136,JAX,"Jacksonville, FL",FL,12,Florida,33,11278,1127805,30852,DCA,"Washington, DC",VA,51,Virginia,38,1640,1637,-3,0,0,-1,1600-1659,13,1650,1820,3,1823,1823,0,0,0,0,1800-1859,0,,0,103,106,90,1,634,3,,,,,,,,,0,,,,,,,,,,,,,,,,,,,,,,,,,,,,,,,,,,,,,,,,,,,,
2018,1,1,19,5,19/01/2018,B6,20409,B6,N267JB,717,10721,1072102,30721,BOS,"Boston, MA",MA,25,Massachusetts,13,12478,1247805,31703,JFK,"New York, NY",NY,36,New York,22,1016,1010,-6,0,0,-1,1000-1059,19,1029,1111,5,1128,1116,-12,0,0,-1,1100-1159,0,,0,72,66,42,1,187,1,,,,,,,,,0,,,,,,,,,,,,,,,,,,,,,,,,,,,,,,,,,,,,,,,,,,,,
2018,1,1,19,5,19/01/2018,B6,20409,B6,N353JB,718,12478,1247805,31703,JFK,"New York, NY",NY,36,New York,22,10721,1072102,30721,BOS,"Boston, MA",MA,25,Massachusetts,13,2250,2246,-4,0,0,-1,2200-2259,16,2302,2343,4,2358,2347,-11,0,0,-1,2300-2359,0,,0,68,61,41,1,187,1,,,,,,,,,0,,,,,,,,,,,,,,,,,,,,,,,,,,,,,,,,,,,,,,,,,,,,
2018,1,1,19,5,19/01/2018,B6,20409,B6,N547JB,721,10721,1072102,30721,BOS,"Boston, MA",MA,25,Massachusetts,13,14027,1402702,34027,PBI,"West Palm Beach/Palm Beach, FL",FL,12,Florida,33,650,646,-4,0,0,-1,0600-0659,14,700,950,1,1015,951,-24,0,0,-2,1000-1059,0,,0,205,185,170,1,1197,5,,,,,,,,,0,,,,,,,,,,,,,,,,,,,,,,,,,,,,,,,,,,,,,,,,,,,,
2018,1,1,19,5,19/01/2018,B6,20409,B6,N547JB,722,14027,1402702,34027,PBI,"West Palm Beach/Palm Beach, FL",FL,12,Florida,33,10721,1072102,30721,BOS,"Boston, MA",MA,25,Massachusetts,13,1100,1051,-9,0,0,-1,1100-1159,10,1101,1337,5,1404,1342,-22,0,0,-2,1400-1459,0,,0,184,171,156,1,1197,5,,,,,,,,,0,,,,,,,,,,,,,,,,,,,,,,,,,,,,,,,,,,,,,,,,,,,,
2018,1,1,19,5,19/01/2018,B6,20409,B6,N351JB,724,13204,1320402,31454,MCO,"Orlando, FL",FL,12,Florida,33,11278,1127805,30852,DCA,"Washington, DC",VA,51,Virginia,38,1436,1510,34,34,1,2,1400-1459,17,1527,1709,4,1645,1713,28,28,1,1,1600-1659,0,,0,129,123,102,1,759,4,28,0,0,0,0,,,,0,,,,,,,,,,,,,,,,,,,,,,,,,,,,,,,,,,,,,,,,,,,,
2018,1,1,19,5,19/01/2018,B6,20409,B6,N779JB,726,12954,1295406,32575,LGB,"Long Beach, CA",CA,6,California,91,14831,1483106,32457,SJC,"San Jose, CA",CA,6,California,91,2040,2123,43,43,1,2,2000-2059,10,2133,2225,3,2159,2228,29,29,1,1,2100-2159,0,,0,79,65,52,1,324,2,0,0,0,0,29,,,,0,,,,,,,,,,,,,,,,,,,,,,,,,,,,,,,,,,,,,,,,,,,,
2018,1,1,19,5,19/01/2018,B6,20409,B6,N267JB,727,10721,1072102,30721,BOS,"Boston, MA",MA,25,Massachusetts,13,10821,1082106,30852,BWI,"Baltimore, MD",MD,24,Maryland,35,600,555,-5,0,0,-1,0600-0659,21,616,723,6,743,729,-14,0,0,-1,0700-0759,0,,0,103,94,67,1,369,2,,,,,,,,,0,,,,,,,,,,,,,,,,,,,,,,,,,,,,,,,,,,,,,,,,,,,,
2018,1,1,19,5,19/01/2018,B6,20409,B6,N571JB,728,13204,1320402,31454,MCO,"Orlando, FL",FL,12,Florida,33,11618,1161802,31703,EWR,"Newark, NJ",NJ,34,New Jersey,21,600,553,-7,0,0,-1,0600-0659,26,619,822,8,831,830,-1,0,0,-1,0800-0859,0,,0,151,157,123,1,937,4,,,,,,,,,0,,,,,,,,,,,,,,,,,,,,,,,,,,,,,,,,,,,,,,,,,,,,
2018,1,1,19,5,19/01/2018,B6,20409,B6,N266JB,731,10721,1072102,30721,BOS,"Boston, MA",MA,25,Massachusetts,13,12953,1295304,31703,LGA,"New York, NY",NY,36,New York,22,840,828,-12,0,0,-1,0800-0859,23,851,929,10,1000,939,-21,0,0,-2,1000-1059,0,,0,80,71,38,1,184,1,,,,,,,,,0,,,,,,,,,,,,,,,,,,,,,,,,,,,,,,,,,,,,,,,,,,,,
2018,1,1,19,5,19/01/2018,B6,20409,B6,N266JB,732,12953,1295304,31703,LGA,"New York, NY",NY,36,New York,22,10721,1072102,30721,BOS,"Boston, MA",MA,25,Massachusetts,13,1045,1029,-16,0,0,-2,1000-1059,24,1053,1128,4,1206,1132,-34,0,0,-2,1200-1259,0,,0,81,63,35,1,184,1,,,,,,,,,0,,,,,,,,,,,,,,,,,,,,,,,,,,,,,,,,,,,,,,,,,,,,
2018,1,1,19,5,19/01/2018,B6,20409,B6,N591JB,733,13204,1320402,31454,MCO,"Orlando, FL",FL,12,Florida,33,14843,1484306,34819,SJU,"San Juan, PR",PR,72,Puerto Rico,3,1340,1344,4,4,0,0,1300-1359,11,1355,1715,4,1725,1719,-6,0,0,-1,1700-1759,0,,0,165,155,140,1,1189,5,,,,,,,,,0,,,,,,,,,,,,,,,,,,,,,,,,,,,,,,,,,,,,,,,,,,,,
2018,1,1,19,5,19/01/2018,B6,20409,B6,N597JB,735,14771,1477104,32457,SFO,"San Francisco, CA",CA,6,California,91,12954,1295406,32575,LGB,"Long Beach, CA",CA,6,California,91,600,548,-12,0,0,-1,0600-0659,22,610,714,5,722,719,-3,0,0,-1,0700-0759,0,,0,82,91,64,1,354,2,,,,,,,,,0,,,,,,,,,,,,,,,,,,,,,,,,,,,,,,,,,,,,,,,,,,,,
2018,1,1,19,5,19/01/2018,B6,20409,B6,N537JB,736,12954,1295406,32575,LGB,"Long Beach, CA",CA,6,California,91,14771,1477104,32457,SFO,"San Francisco, CA",CA,6,California,91,1039,1116,37,37,1,2,1000-1059,13,1129,1223,6,1210,1229,19,19,1,1,1200-1259,0,,0,91,73,54,1,354,2,10,0,0,0,9,,,,0,,,,,,,,,,,,,,,,,,,,,,,,,,,,,,,,,,,,,,,,,,,,
2018,1,1,19,5,19/01/2018,B6,20409,B6,N607JB,737,10529,1052906,30529,BDL,"Hartford, CT",CT,9,Connecticut,11,13204,1320402,31454,MCO,"Orlando, FL",FL,12,Florida,33,803,750,-13,0,0,-1,0800-0859,45,835,1100,14,1115,1114,-1,0,0,-1,1100-1159,0,,0,192,204,145,1,1050,5,,,,,,,,,0,,,,,,,,,,,,,,,,,,,,,,,,,,,,,,,,,,,,,,,,,,,,
2018,1,1,19,5,19/01/2018,B6,20409,B6,N531JB,741,10721,1072102,30721,BOS,"Boston, MA",MA,25,Massachusetts,13,14986,1498603,34986,SRQ,"Sarasota/Bradenton, FL",FL,12,Florida,33,1025,1024,-1,0,0,-1,1000-1059,26,1050,1338,4,1400,1342,-18,0,0,-2,1400-1459,0,,0,215,198,168,1,1220,5,,,,,,,,,0,,,,,,,,,,,,,,,,,,,,,,,,,,,,,,,,,,,,,,,,,,,,
2018,1,1,19,5,19/01/2018,B6,20409,B6,N526JB,745,12478,1247805,31703,JFK,"New York, NY",NY,36,New York,22,14254,1425404,34254,PSE,"Ponce, PR",PR,72,Puerto Rico,3,2359,2359,0,0,0,0,2300-2359,18,17,437,5,450,442,-8,0,0,-1,0001-0559,0,,0,231,223,200,1,1617,7,,,,,,,,,0,,,,,,,,,,,,,,,,,,,,,,,,,,,,,,,,,,,,,,,,,,,,
2018,1,1,19,5,19/01/2018,B6,20409,B6,N712JB,746,14254,1425404,34254,PSE,"Ponce, PR",PR,72,Puerto Rico,3,12478,1247805,31703,JFK,"New York, NY",NY,36,New York,22,600,543,-17,0,0,-2,0600-0659,9,552,831,7,907,838,-29,0,0,-2,0900-0959,0,,0,247,235,219,1,1617,7,,,,,,,,,0,,,,,,,,,,,,,,,,,,,,,,,,,,,,,,,,,,,,,,,,,,,,
2018,1,1,19,5,19/01/2018,B6,20409,B6,N944JB,748,12889,1288903,32211,LAS,"Las Vegas, NV",NV,32,Nevada,85,12478,1247805,31703,JFK,"New York, NY",NY,36,New York,22,1140,1125,-15,0,0,-1,1100-1159,21,1146,1903,6,1934,1909,-25,0,0,-2,1900-1959,0,,0,294,284,257,1,2248,9,,,,,,,,,0,,,,,,,,,,,,,,,,,,,,,,,,,,,,,,,,,,,,,,,,,,,,
2018,1,1,19,5,19/01/2018,B6,20409,B6,N606JB,754,14027,1402702,34027,PBI,"West Palm Beach/Palm Beach, FL",FL,12,Florida,33,12478,1247805,31703,JFK,"New York, NY",NY,36,New York,22,1400,1350,-10,0,0,-1,1400-1459,15,1405,1617,3,1645,1620,-25,0,0,-2,1600-1659,0,,0,165,150,132,1,1028,5,,,,,,,,,0,,,,,,,,,,,,,,,,,,,,,,,,,,,,,,,,,,,,,,,,,,,,
2018,1,1,19,5,19/01/2018,B6,20409,B6,N339JB,755,10721,1072102,30721,BOS,"Boston, MA",MA,25,Massachusetts,13,11278,1127805,30852,DCA,"Washington, DC",VA,51,Virginia,38,1610,1604,-6,0,0,-1,1600-1659,18,1622,1732,4,1753,1736,-17,0,0,-2,1700-1759,0,,0,103,92,70,1,399,2,,,,,,,,,0,,,,,,,,,,,,,,,,,,,,,,,,,,,,,,,,,,,,,,,,,,,,
2018,1,1,19,5,19/01/2018,B6,20409,B6,N374JB,759,10721,1072102,30721,BOS,"Boston, MA",MA,25,Massachusetts,13,14100,1410005,34100,PHL,"Philadelphia, PA",PA,42,Pennsylvania,23,1545,1540,-5,0,0,-1,1500-1559,36,1616,1725,10,1727,1735,8,8,0,0,1700-1759,0,,0,102,115,69,1,280,2,,,,,,,,,0,,,,,,,,,,,,,,,,,,,,,,,,,,,,,,,,,,,,,,,,,,,,
2018,1,1,19,5,19/01/2018,B6,20409,B6,N249JB,760,14100,1410005,34100,PHL,"Philadelphia, PA",PA,42,Pennsylvania,23,10721,1072102,30721,BOS,"Boston, MA",MA,25,Massachusetts,13,2000,2015,15,15,1,1,2000-2059,16,2031,2128,3,2117,2131,14,14,0,0,2100-2159,0,,0,77,76,57,1,280,2,,,,,,,,,0,,,,,,,,,,,,,,,,,,,,,,,,,,,,,,,,,,,,,,,,,,,,
2018,1,1,19,5,19/01/2018,B6,20409,B6,N588JB,761,12953,1295304,31703,LGA,"New York, NY",NY,36,New York,22,14027,1402702,34027,PBI,"West Palm Beach/Palm Beach, FL",FL,12,Florida,33,1600,1551,-9,0,0,-1,1600-1659,32,1623,1855,3,1916,1858,-18,0,0,-2,1900-1959,0,,0,196,187,152,1,1035,5,,,,,,,,,0,,,,,,,,,,,,,,,,,,,,,,,,,,,,,,,,,,,,,,,,,,,,
2018,1,1,19,5,19/01/2018,B6,20409,B6,N228JB,783,10721,1072102,30721,BOS,"Boston, MA",MA,25,Massachusetts,13,14492,1449202,34492,RDU,"Raleigh/Durham, NC",NC,37,North Carolina,36,1529,1527,-2,0,0,-1,1500-1559,14,1541,1708,18,1739,1726,-13,0,0,-1,1700-1759,0,,0,130,119,87,1,612,3,,,,,,,,,0,,,,,,,,,,,,,,,,,,,,,,,,,,,,,,,,,,,,,,,,,,,,
2018,1,1,19,5,19/01/2018,B6,20409,B6,N966JB,789,12478,1247805,31703,JFK,"New York, NY",NY,36,New York,22,13204,1320402,31454,MCO,"Orlando, FL",FL,12,Florida,33,1108,1102,-6,0,0,-1,1100-1159,17,1119,1335,11,1407,1346,-21,0,0,-2,1400-1459,0,,0,179,164,136,1,944,4,,,,,,,,,0,,,,,,,,,,,,,,,,,,,,,,,,,,,,,,,,,,,,,,,,,,,,
2018,1,1,19,5,19/01/2018,B6,20409,B6,N328JB,790,11278,1127805,30852,DCA,"Washington, DC",VA,51,Virginia,38,10721,1072102,30721,BOS,"Boston, MA",MA,25,Massachusetts,13,1725,1733,8,8,0,0,1700-1759,12,1745,1857,11,1856,1908,12,12,0,0,1800-1859,0,,0,91,95,72,1,399,2,,,,,,,,,0,,,,,,,,,,,,,,,,,,,,,,,,,,,,,,,,,,,,,,,,,,,,
2018,1,1,19,5,19/01/2018,B6,20409,B6,N524JB,794,10423,1042302,30423,AUS,"Austin, TX",TX,48,Texas,74,12478,1247805,31703,JFK,"New York, NY",NY,36,New York,22,600,550,-10,0,0,-1,0600-0659,10,600,1012,4,1027,1016,-11,0,0,-1,1000-1059,0,,0,207,206,192,1,1521,7,,,,,,,,,0,,,,,,,,,,,,,,,,,,,,,,,,,,,,,,,,,,,,,,,,,,,,
2018,1,1,19,5,19/01/2018,B6,20409,B6,N804JB,795,12478,1247805,31703,JFK,"New York, NY",NY,36,New York,22,10423,1042302,30423,AUS,"Austin, TX",TX,48,Texas,74,945,958,13,13,0,0,0900-0959,19,1017,1226,20,1309,1246,-23,0,0,-2,1300-1359,0,,0,264,228,189,1,1521,7,,,,,,,,,0,,,,,,,,,,,,,,,,,,,,,,,,,,,,,,,,,,,,,,,,,,,,
2018,1,1,19,5,19/01/2018,B6,20409,B6,N547JB,796,10397,1039707,30397,ATL,"Atlanta, GA",GA,13,Georgia,34,10721,1072102,30721,BOS,"Boston, MA",MA,25,Massachusetts,13,1947,1939,-8,0,0,-1,1900-1959,14,1953,2204,5,2229,2209,-20,0,0,-2,2200-2259,0,,0,162,150,131,1,946,4,,,,,,,,,0,,,,,,,,,,,,,,,,,,,,,,,,,,,,,,,,,,,,,,,,,,,,
2018,1,1,19,5,19/01/2018,B6,20409,B6,N547JB,797,10721,1072102,30721,BOS,"Boston, MA",MA,25,Massachusetts,13,10397,1039707,30397,ATL,"Atlanta, GA",GA,13,Georgia,34,1607,1608,1,1,0,0,1600-1659,25,1633,1833,7,1907,1840,-27,0,0,-2,1900-1959,0,,0,180,152,120,1,946,4,,,,,,,,,0,,,,,,,,,,,,,,,,,,,,,,,,,,,,,,,,,,,,,,,,,,,,
2018,1,1,19,5,19/01/2018,B6,20409,B6,N351JB,798,11278,1127805,30852,DCA,"Washington, DC",VA,51,Virginia,38,10529,1052906,30529,BDL,"Hartford, CT",CT,9,Connecticut,11,725,721,-4,0,0,-1,0700-0759,16,737,827,5,841,832,-9,0,0,-1,0800-0859,0,,0,76,71,50,1,313,2,,,,,,,,,0,,,,,,,,,,,,,,,,,,,,,,,,,,,,,,,,,,,,,,,,,,,,
2018,1,1,19,5,19/01/2018,B6,20409,B6,N709JB,801,13204,1320402,31454,MCO,"Orlando, FL",FL,12,Florida,33,14869,1486903,34614,SLC,"Salt Lake City, UT",UT,49,Utah,87,1904,1904,0,0,0,0,1900-1959,16,1920,2145,4,2202,2149,-13,0,0,-1,2200-2259,0,,0,298,285,265,1,1931,8,,,,,,,,,0,,,,,,,,,,,,,,,,,,,,,,,,,,,,,,,,,,,,,,,,,,,,
2018,1,1,19,5,19/01/2018,B6,20409,B6,N662JB,802,14869,1486903,34614,SLC,"Salt Lake City, UT",UT,49,Utah,87,13204,1320402,31454,MCO,"Orlando, FL",FL,12,Florida,33,2248,2240,-8,0,0,-1,2200-2259,42,2322,511,3,501,514,13,13,0,0,0001-0559,0,,0,253,274,229,1,1931,8,,,,,,,,,0,,,,,,,,,,,,,,,,,,,,,,,,,,,,,,,,,,,,,,,,,,,,
2018,1,1,19,5,19/01/2018,B6,20409,B6,N630JB,803,12478,1247805,31703,JFK,"New York, NY",NY,36,New York,22,14843,1484306,34819,SJU,"San Juan, PR",PR,72,Puerto Rico,3,1315,1334,19,19,1,1,1300-1359,22,1356,1816,5,1805,1821,16,16,1,1,1800-1859,0,,0,230,227,200,1,1598,7,16,0,0,0,0,,,,0,,,,,,,,,,,,,,,,,,,,,,,,,,,,,,,,,,,,,,,,,,,,
2018,1,1,19,5,19/01/2018,B6,20409,B6,N605JB,811,11618,1161802,31703,EWR,"Newark, NJ",NJ,34,New Jersey,21,14635,1463502,31714,RSW,"Fort Myers, FL",FL,12,Florida,33,610,603,-7,0,0,-1,0600-0659,20,623,901,5,920,906,-14,0,0,-1,0900-0959,0,,0,190,183,158,1,1068,5,,,,,,,,,0,,,,,,,,,,,,,,,,,,,,,,,,,,,,,,,,,,,,,,,,,,,,
2018,1,1,19,5,19/01/2018,B6,20409,B6,N605JB,812,14635,1463502,31714,RSW,"Fort Myers, FL",FL,12,Florida,33,11618,1161802,31703,EWR,"Newark, NJ",NJ,34,New Jersey,21,1003,954,-9,0,0,-1,1000-1059,12,1006,1226,15,1252,1241,-11,0,0,-1,1200-1259,0,,0,169,167,140,1,1068,5,,,,,,,,,0,,,,,,,,,,,,,,,,,,,,,,,,,,,,,,,,,,,,,,,,,,,,
2018,1,1,19,5,19/01/2018,B6,20409,B6,N659JB,813,12197,1219702,31703,HPN,"White Plains, NY",NY,36,New York,22,11697,1169706,32467,FLL,"Fort Lauderdale, FL",FL,12,Florida,33,1840,1912,32,32,1,2,1800-1859,10,1922,2156,5,2145,2201,16,16,1,1,2100-2159,0,,0,185,169,154,1,1097,5,5,0,0,0,11,,,,0,,,,,,,,,,,,,,,,,,,,,,,,,,,,,,,,,,,,,,,,,,,,
2018,1,1,19,5,19/01/2018,B6,20409,B6,N197JB,814,11697,1169706,32467,FLL,"Fort Lauderdale, FL",FL,12,Florida,33,12197,1219702,31703,HPN,"White Plains, NY",NY,36,New York,22,1933,1948,15,15,1,1,1900-1959,21,2009,2245,3,2226,2248,22,22,1,1,2200-2259,0,,0,173,180,156,1,1097,5,15,0,7,0,0,,,,0,,,,,,,,,,,,,,,,,,,,,,,,,,,,,,,,,,,,,,,,,,,,
2018,1,1,19,5,19/01/2018,B6,20409,B6,N273JB,815,10721,1072102,30721,BOS,"Boston, MA",MA,25,Massachusetts,13,10792,1079206,30792,BUF,"Buffalo, NY",NY,36,New York,22,1630,1636,6,6,0,0,1600-1659,17,1653,1802,6,1807,1808,1,1,0,0,1800-1859,0,,0,97,92,69,1,395,2,,,,,,,,,0,,,,,,,,,,,,,,,,,,,,,,,,,,,,,,,,,,,,,,,,,,,,
2018,1,1,19,5,19/01/2018,B6,20409,B6,N374JB,816,10792,1079206,30792,BUF,"Buffalo, NY",NY,36,New York,22,10721,1072102,30721,BOS,"Boston, MA",MA,25,Massachusetts,13,859,852,-7,0,0,-1,0800-0859,8,900,1001,2,1021,1003,-18,0,0,-2,1000-1059,0,,0,82,71,61,1,395,2,,,,,,,,,0,,,,,,,,,,,,,,,,,,,,,,,,,,,,,,,,,,,,,,,,,,,,
2018,1,1,19,5,19/01/2018,B6,20409,B6,N351JB,823,11278,1127805,30852,DCA,"Washington, DC",VA,51,Virginia,38,13204,1320402,31454,MCO,"Orlando, FL",FL,12,Florida,33,1137,1126,-11,0,0,-1,1100-1159,20,1146,1342,12,1401,1354,-7,0,0,-1,1400-1459,0,,0,144,148,116,1,759,4,,,,,,,,,0,,,,,,,,,,,,,,,,,,,,,,,,,,,,,,,,,,,,,,,,,,,,
2018,1,1,19,5,19/01/2018,B6,20409,B6,N307JB,824,13204,1320402,31454,MCO,"Orlando, FL",FL,12,Florida,33,11278,1127805,30852,DCA,"Washington, DC",VA,51,Virginia,38,1853,1911,18,18,1,1,1800-1859,19,1930,2117,5,2059,2122,23,23,1,1,2000-2059,0,,0,126,131,107,1,759,4,18,0,5,0,0,,,,0,,,,,,,,,,,,,,,,,,,,,,,,,,,,,,,,,,,,,,,,,,,,
2018,1,1,19,5,19/01/2018,B6,20409,B6,N566JB,825,14831,1483106,32457,SJC,"San Jose, CA",CA,6,California,91,12954,1295406,32575,LGB,"Long Beach, CA",CA,6,California,91,843,835,-8,0,0,-1,0800-0859,12,847,945,3,959,948,-11,0,0,-1,0900-0959,0,,0,76,73,58,1,324,2,,,,,,,,,0,,,,,,,,,,,,,,,,,,,,,,,,,,,,,,,,,,,,,,,,,,,,
2018,1,1,19,5,19/01/2018,B6,20409,B6,N566JB,826,12954,1295406,32575,LGB,"Long Beach, CA",CA,6,California,91,14831,1483106,32457,SJC,"San Jose, CA",CA,6,California,91,645,641,-4,0,0,-1,0600-0659,20,701,754,4,803,758,-5,0,0,-1,0800-0859,0,,0,78,77,53,1,324,2,,,,,,,,,0,,,,,,,,,,,,,,,,,,,,,,,,,,,,,,,,,,,,,,,,,,,,
2018,1,1,19,5,19/01/2018,B6,20409,B6,N655JB,828,13204,1320402,31454,MCO,"Orlando, FL",FL,12,Florida,33,11618,1161802,31703,EWR,"Newark, NJ",NJ,34,New Jersey,21,1422,1523,61,61,1,4,1400-1459,23,1546,1758,9,1706,1807,61,61,1,4,1700-1759,0,,0,164,164,132,1,937,4,0,0,61,0,0,,,,0,,,,,,,,,,,,,,,,,,,,,,,,,,,,,,,,,,,,,,,,,,,,
2018,1,1,19,5,19/01/2018,B6,20409,B6,N348JB,831,10721,1072102,30721,BOS,"Boston, MA",MA,25,Massachusetts,13,12953,1295304,31703,LGA,"New York, NY",NY,36,New York,22,1130,1120,-10,0,0,-1,1100-1159,18,1138,1215,2,1249,1217,-32,0,0,-2,1200-1259,0,,0,79,57,37,1,184,1,,,,,,,,,0,,,,,,,,,,,,,,,,,,,,,,,,,,,,,,,,,,,,,,,,,,,,
2018,1,1,19,5,19/01/2018,B6,20409,B6,N348JB,832,12953,1295304,31703,LGA,"New York, NY",NY,36,New York,22,10721,1072102,30721,BOS,"Boston, MA",MA,25,Massachusetts,13,1359,1348,-11,0,0,-1,1300-1359,17,1405,1443,4,1512,1447,-25,0,0,-2,1500-1559,0,,0,73,59,38,1,184,1,,,,,,,,,0,,,,,,,,,,,,,,,,,,,,,,,,,,,,,,,,,,,,,,,,,,,,
2018,1,1,19,5,19/01/2018,B6,20409,B6,N967JB,833,10721,1072102,30721,BOS,"Boston, MA",MA,25,Massachusetts,13,14771,1477104,32457,SFO,"San Francisco, CA",CA,6,California,91,1840,1838,-2,0,0,-1,1800-1859,19,1857,2207,13,2238,2220,-18,0,0,-2,2200-2259,0,,0,418,402,370,1,2704,11,,,,,,,,,0,,,,,,,,,,,,,,,,,,,,,,,,,,,,,,,,,,,,,,,,,,,,
2018,1,1,19,5,19/01/2018,B6,20409,B6,N935JB,834,14771,1477104,32457,SFO,"San Francisco, CA",CA,6,California,91,10721,1072102,30721,BOS,"Boston, MA",MA,25,Massachusetts,13,2040,2039,-1,0,0,-1,2000-2059,17,2056,426,5,508,431,-37,0,0,-2,0001-0559,0,,0,328,292,270,1,2704,11,,,,,,,,,0,,,,,,,,,,,,,,,,,,,,,,,,,,,,,,,,,,,,,,,,,,,,
2018,1,1,19,5,19/01/2018,B6,20409,B6,N954JB,838,10732,1073203,30732,BQN,"Aguadilla, PR",PR,72,Puerto Rico,3,12478,1247805,31703,JFK,"New York, NY",NY,36,New York,22,604,556,-8,0,0,-1,0600-0659,9,605,843,9,859,852,-7,0,0,-1,0800-0859,0,,0,235,236,218,1,1576,7,,,,,,,,,0,,,,,,,,,,,,,,,,,,,,,,,,,,,,,,,,,,,,,,,,,,,,
2018,1,1,19,5,19/01/2018,B6,20409,B6,N958JB,839,12478,1247805,31703,JFK,"New York, NY",NY,36,New York,22,10732,1073203,30732,BQN,"Aguadilla, PR",PR,72,Puerto Rico,3,2358,14,16,16,1,1,2300-2359,17,31,441,8,444,449,5,5,0,0,0001-0559,0,,0,226,215,190,1,1576,7,,,,,,,,,0,,,,,,,,,,,,,,,,,,,,,,,,,,,,,,,,,,,,,,,,,,,,
2018,1,1,19,5,19/01/2018,B6,20409,B6,N354JB,840,15096,1509602,35096,SYR,"Syracuse, NY",NY,36,New York,22,10721,1072102,30721,BOS,"Boston, MA",MA,25,Massachusetts,13,540,528,-12,0,0,-1,0001-0559,10,538,622,3,700,625,-35,0,0,-2,0700-0759,0,,0,80,57,44,1,265,2,,,,,,,,,0,,,,,,,,,,,,,,,,,,,,,,,,,,,,,,,,,,,,,,,,,,,,
2018,1,1,19,5,19/01/2018,B6,20409,B6,N630JB,841,12478,1247805,31703,JFK,"New York, NY",NY,36,New York,22,14685,1468502,34685,SAV,"Savannah, GA",GA,13,Georgia,34,711,706,-5,0,0,-1,0700-0759,19,725,907,4,938,911,-27,0,0,-2,0900-0959,0,,0,147,125,102,1,718,3,,,,,,,,,0,,,,,,,,,,,,,,,,,,,,,,,,,,,,,,,,,,,,,,,,,,,,
2018,1,1,19,5,19/01/2018,B6,20409,B6,N630JB,842,14685,1468502,34685,SAV,"Savannah, GA",GA,13,Georgia,34,12478,1247805,31703,JFK,"New York, NY",NY,36,New York,22,1018,1015,-3,0,0,-1,1000-1059,10,1025,1200,4,1215,1204,-11,0,0,-1,1200-1259,0,,0,117,109,95,1,718,3,,,,,,,,,0,,,,,,,,,,,,,,,,,,,,,,,,,,,,,,,,,,,,,,,,,,,,
2018,1,1,19,5,19/01/2018,B6,20409,B6,N328JB,843,11278,1127805,30852,DCA,"Washington, DC",VA,51,Virginia,38,10994,1099402,30994,CHS,"Charleston, SC",SC,45,South Carolina,37,1259,1316,17,17,1,1,1200-1259,13,1329,1435,5,1446,1440,-6,0,0,-1,1400-1459,0,,0,107,84,66,1,444,2,,,,,,,,,0,,,,,,,,,,,,,,,,,,,,,,,,,,,,,,,,,,,,,,,,,,,,
2018,1,1,19,5,19/01/2018,B6,20409,B6,N328JB,844,10994,1099402,30994,CHS,"Charleston, SC",SC,45,South Carolina,37,11278,1127805,30852,DCA,"Washington, DC",VA,51,Virginia,38,1521,1523,2,2,0,0,1500-1559,14,1537,1648,5,1649,1653,4,4,0,0,1600-1659,0,,0,88,90,71,1,444,2,,,,,,,,,0,,,,,,,,,,,,,,,,,,,,,,,,,,,,,,,,,,,,,,,,,,,,
2018,1,1,19,5,19/01/2018,B6,20409,B6,N249JB,845,10721,1072102,30721,BOS,"Boston, MA",MA,25,Massachusetts,13,15096,1509602,35096,SYR,"Syracuse, NY",NY,36,New York,22,2210,2204,-6,0,0,-1,2200-2259,11,2215,2311,3,2335,2314,-21,0,0,-2,2300-2359,0,,0,85,70,56,1,265,2,,,,,,,,,0,,,,,,,,,,,,,,,,,,,,,,,,,,,,,,,,,,,,,,,,,,,,
2018,1,1,19,5,19/01/2018,B6,20409,B6,N294JB,846,13204,1320402,31454,MCO,"Orlando, FL",FL,12,Florida,33,15070,1507002,31703,SWF,"Newburgh/Poughkeepsie, NY",NY,36,New York,22,1352,1339,-13,0,0,-1,1300-1359,14,1353,1610,8,1636,1618,-18,0,0,-2,1600-1659,0,,0,164,159,137,1,989,4,,,,,,,,,0,,,,,,,,,,,,,,,,,,,,,,,,,,,,,,,,,,,,,,,,,,,,
2018,1,1,19,5,19/01/2018,B6,20409,B6,N339JB,854,11278,1127805,30852,DCA,"Washington, DC",VA,51,Virginia,38,10721,1072102,30721,BOS,"Boston, MA",MA,25,Massachusetts,13,1850,1838,-12,0,0,-1,1800-1859,9,1847,1953,11,2019,2004,-15,0,0,-1,2000-2059,0,,0,89,86,66,1,399,2,,,,,,,,,0,,,,,,,,,,,,,,,,,,,,,,,,,,,,,,,,,,,,,,,,,,,,
2018,1,1,19,5,19/01/2018,B6,20409,B6,N229JB,860,14100,1410005,34100,PHL,"Philadelphia, PA",PA,42,Pennsylvania,23,10721,1072102,30721,BOS,"Boston, MA",MA,25,Massachusetts,13,600,548,-12,0,0,-1,0600-0659,34,622,710,4,722,714,-8,0,0,-1,0700-0759,0,,0,82,86,48,1,280,2,,,,,,,,,0,,,,,,,,,,,,,,,,,,,,,,,,,,,,,,,,,,,,,,,,,,,,
2018,1,1,19,5,19/01/2018,B6,20409,B6,N805JB,861,10721,1072102,30721,BOS,"Boston, MA",MA,25,Massachusetts,13,14843,1484306,34819,SJU,"San Juan, PR",PR,72,Puerto Rico,3,700,707,7,7,0,0,0700-0759,18,725,1155,4,1202,1159,-3,0,0,-1,1200-1259,0,,0,242,232,210,1,1674,7,,,,,,,,,0,,,,,,,,,,,,,,,,,,,,,,,,,,,,,,,,,,,,,,,,,,,,
2018,1,1,19,5,19/01/2018,B6,20409,B6,N594JB,862,14843,1484306,34819,SJU,"San Juan, PR",PR,72,Puerto Rico,3,10721,1072102,30721,BOS,"Boston, MA",MA,25,Massachusetts,13,501,451,-10,0,0,-1,0001-0559,11,502,735,7,809,742,-27,0,0,-2,0800-0859,0,,0,248,231,213,1,1674,7,,,,,,,,,0,,,,,,,,,,,,,,,,,,,,,,,,,,,,,,,,,,,,,,,,,,,,
2018,1,1,19,5,19/01/2018,B6,20409,B6,N907JB,865,10721,1072102,30721,BOS,"Boston, MA",MA,25,Massachusetts,13,14635,1463502,31714,RSW,"Fort Myers, FL",FL,12,Florida,33,1116,1112,-4,0,0,-1,1100-1159,14,1126,1421,4,1500,1425,-35,0,0,-2,1500-1559,0,,0,224,193,175,1,1249,5,,,,,,,,,0,,,,,,,,,,,,,,,,,,,,,,,,,,,,,,,,,,,,,,,,,,,,
2018,1,1,19,5,19/01/2018,B6,20409,B6,N971JB,866,14635,1463502,31714,RSW,"Fort Myers, FL",FL,12,Florida,33,10721,1072102,30721,BOS,"Boston, MA",MA,25,Massachusetts,13,700,651,-9,0,0,-1,0700-0759,9,700,933,3,1000,936,-24,0,0,-2,1000-1059,0,,0,180,165,153,1,1249,5,,,,,,,,,0,,,,,,,,,,,,,,,,,,,,,,,,,,,,,,,,,,,,,,,,,,,,
2018,1,1,19,5,19/01/2018,B6,20409,B6,N629JB,877,10721,1072102,30721,BOS,"Boston, MA",MA,25,Massachusetts,13,12889,1288903,32211,LAS,"Las Vegas, NV",NV,32,Nevada,85,1754,1804,10,10,0,0,1700-1759,20,1824,2041,7,2108,2048,-20,0,0,-2,2100-2159,0,,0,374,344,317,1,2381,10,,,,,,,,,0,,,,,,,,,,,,,,,,,,,,,,,,,,,,,,,,,,,,,,,,,,,,
2018,1,1,19,5,19/01/2018,B6,20409,B6,N629JB,878,12889,1288903,32211,LAS,"Las Vegas, NV",NV,32,Nevada,85,10721,1072102,30721,BOS,"Boston, MA",MA,25,Massachusetts,13,2158,2143,-15,0,0,-1,2100-2159,11,2154,501,5,555,506,-49,0,0,-2,0001-0559,0,,0,297,263,247,1,2381,10,,,,,,,,,0,,,,,,,,,,,,,,,,,,,,,,,,,,,,,,,,,,,,,,,,,,,,
2018,1,1,19,5,19/01/2018,B6,20409,B6,N593JB,879,12889,1288903,32211,LAS,"Las Vegas, NV",NV,32,Nevada,85,12954,1295406,32575,LGB,"Long Beach, CA",CA,6,California,91,1459,1455,-4,0,0,-1,1400-1459,15,1510,1556,4,1604,1600,-4,0,0,-1,1600-1659,0,,0,65,65,46,1,231,1,,,,,,,,,0,,,,,,,,,,,,,,,,,,,,,,,,,,,,,,,,,,,,,,,,,,,,
2018,1,1,19,5,19/01/2018,B6,20409,B6,N537JB,880,12954,1295406,32575,LGB,"Long Beach, CA",CA,6,California,91,12889,1288903,32211,LAS,"Las Vegas, NV",NV,32,Nevada,85,700,657,-3,0,0,-1,0700-0759,13,710,755,5,809,800,-9,0,0,-1,0800-0859,0,,0,69,63,45,1,231,1,,,,,,,,,0,,,,,,,,,,,,,,,,,,,,,,,,,,,,,,,,,,,,,,,,,,,,
2018,1,1,19,5,19/01/2018,B6,20409,B6,N958JB,883,12478,1247805,31703,JFK,"New York, NY",NY,36,New York,22,13204,1320402,31454,MCO,"Orlando, FL",FL,12,Florida,33,1546,1539,-7,0,0,-1,1500-1559,31,1610,1823,13,1855,1836,-19,0,0,-2,1800-1859,0,,0,189,177,133,1,944,4,,,,,,,,,0,,,,,,,,,,,,,,,,,,,,,,,,,,,,,,,,,,,,,,,,,,,,
2018,1,1,19,5,19/01/2018,B6,20409,B6,N358JB,885,12478,1247805,31703,JFK,"New York, NY",NY,36,New York,22,14492,1449202,34492,RDU,"Raleigh/Durham, NC",NC,37,North Carolina,36,736,730,-6,0,0,-1,0700-0759,25,755,901,5,920,906,-14,0,0,-1,0900-0959,0,,0,104,96,66,1,427,2,,,,,,,,,0,,,,,,,,,,,,,,,,,,,,,,,,,,,,,,,,,,,,,,,,,,,,
2018,1,1,19,5,19/01/2018,B6,20409,B6,N358JB,886,14492,1449202,34492,RDU,"Raleigh/Durham, NC",NC,37,North Carolina,36,12478,1247805,31703,JFK,"New York, NY",NY,36,New York,22,955,953,-2,0,0,-1,0900-0959,14,1007,1112,6,1123,1118,-5,0,0,-1,1100-1159,0,,0,88,85,65,1,427,2,,,,,,,,,0,,,,,,,,,,,,,,,,,,,,,,,,,,,,,,,,,,,,,,,,,,,,
2018,1,1,19,5,19/01/2018,B6,20409,B6,N247JB,889,11278,1127805,30852,DCA,"Washington, DC",VA,51,Virginia,38,10994,1099402,30994,CHS,"Charleston, SC",SC,45,South Carolina,37,1859,1854,-5,0,0,-1,1800-1859,16,1910,2012,2,2041,2014,-27,0,0,-2,2000-2059,0,,0,102,80,62,1,444,2,,,,,,,,,0,,,,,,,,,,,,,,,,,,,,,,,,,,,,,,,,,,,,,,,,,,,,
2018,1,1,19,5,19/01/2018,B6,20409,B6,N715JB,891,10721,1072102,30721,BOS,"Boston, MA",MA,25,Massachusetts,13,15304,1530402,33195,TPA,"Tampa, FL",FL,12,Florida,33,726,732,6,6,0,0,0700-0759,18,750,1040,4,1057,1044,-13,0,0,-1,1000-1059,0,,0,211,192,170,1,1185,5,,,,,,,,,0,,,,,,,,,,,,,,,,,,,,,,,,,,,,,,,,,,,,,,,,,,,,
2018,1,1,19,5,19/01/2018,B6,20409,B6,N715JB,892,15304,1530402,33195,TPA,"Tampa, FL",FL,12,Florida,33,10721,1072102,30721,BOS,"Boston, MA",MA,25,Massachusetts,13,1142,1154,12,12,0,0,1100-1159,16,1210,1441,7,1435,1448,13,13,0,0,1400-1459,0,,0,173,174,151,1,1185,5,,,,,,,,,0,,,,,,,,,,,,,,,,,,,,,,,,,,,,,,,,,,,,,,,,,,,,
2018,1,1,19,5,19/01/2018,B6,20409,B6,N656JB,903,10529,1052906,30529,BDL,"Hartford, CT",CT,9,Connecticut,11,14635,1463502,31714,RSW,"Fort Myers, FL",FL,12,Florida,33,1033,1030,-3,0,0,-1,1000-1059,10,1040,1329,8,1400,1337,-23,0,0,-2,1400-1459,0,,0,207,187,169,1,1180,5,,,,,,,,,0,,,,,,,,,,,,,,,,,,,,,,,,,,,,,,,,,,,,,,,,,,,,
2018,1,1,19,5,19/01/2018,B6,20409,B6,N794JB,904,14635,1463502,31714,RSW,"Fort Myers, FL",FL,12,Florida,33,10529,1052906,30529,BDL,"Hartford, CT",CT,9,Connecticut,11,1336,1322,-14,0,0,-1,1300-1359,16,1338,1605,5,1630,1610,-20,0,0,-2,1600-1659,0,,0,174,168,147,1,1180,5,,,,,,,,,0,,,,,,,,,,,,,,,,,,,,,,,,,,,,,,,,,,,,,,,,,,,,
2018,1,1,19,5,19/01/2018,B6,20409,B6,N508JB,905,11618,1161802,31703,EWR,"Newark, NJ",NJ,34,New Jersey,21,11697,1169706,32467,FLL,"Fort Lauderdale, FL",FL,12,Florida,33,2100,2137,37,37,1,2,2100-2159,16,2153,18,4,1,22,21,21,1,1,0001-0559,0,,0,181,165,145,1,1065,5,3,0,0,0,18,,,,0,,,,,,,,,,,,,,,,,,,,,,,,,,,,,,,,,,,,,,,,,,,,
2018,1,1,19,5,19/01/2018,B6,20409,B6,N353JB,906,13930,1393006,30977,ORD,"Chicago, IL",IL,17,Illinois,41,12478,1247805,31703,JFK,"New York, NY",NY,36,New York,22,1048,1034,-14,0,0,-1,1000-1059,25,1059,1342,4,1359,1346,-13,0,0,-1,1300-1359,0,,0,131,132,103,1,740,3,,,,,,,,,0,,,,,,,,,,,,,,,,,,,,,,,,,,,,,,,,,,,,,,,,,,,,
2018,1,1,19,5,19/01/2018,B6,20409,B6,N334JB,913,12197,1219702,31703,HPN,"White Plains, NY",NY,36,New York,22,11697,1169706,32467,FLL,"Fort Lauderdale, FL",FL,12,Florida,33,830,821,-9,0,0,-1,0800-0859,15,836,1124,4,1142,1128,-14,0,0,-1,1100-1159,0,,0,192,187,168,1,1097,5,,,,,,,,,0,,,,,,,,,,,,,,,,,,,,,,,,,,,,,,,,,,,,,,,,,,,,
2018,1,1,19,5,19/01/2018,B6,20409,B6,N659JB,914,11697,1169706,32467,FLL,"Fort Lauderdale, FL",FL,12,Florida,33,12197,1219702,31703,HPN,"White Plains, NY",NY,36,New York,22,757,817,20,20,1,1,0700-0759,14,831,1056,6,1050,1102,12,12,0,0,1000-1059,0,,0,173,165,145,1,1097,5,,,,,,,,,0,,,,,,,,,,,,,,,,,,,,,,,,,,,,,,,,,,,,,,,,,,,,
2018,1,1,19,5,19/01/2018,B6,20409,B6,N943JB,915,12478,1247805,31703,JFK,"New York, NY",NY,36,New York,22,14771,1477104,32457,SFO,"San Francisco, CA",CA,6,California,91,1600,1554,-6,0,0,-1,1600-1659,41,1635,1926,7,1953,1933,-20,0,0,-2,1900-1959,0,,0,413,399,351,1,2586,11,,,,,,,,,0,,,,,,,,,,,,,,,,,,,,,,,,,,,,,,,,,,,,,,,,,,,,
2018,1,1,19,5,19/01/2018,B6,20409,B6,N943JB,916,14771,1477104,32457,SFO,"San Francisco, CA",CA,6,California,91,12478,1247805,31703,JFK,"New York, NY",NY,36,New York,22,2105,2058,-7,0,0,-1,2100-2159,10,2108,437,11,527,448,-39,0,0,-2,0001-0559,0,,0,322,290,269,1,2586,11,,,,,,,,,0,,,,,,,,,,,,,,,,,,,,,,,,,,,,,,,,,,,,,,,,,,,,
2018,1,1,19,5,19/01/2018,B6,20409,B6,N283JB,917,10721,1072102,30721,BOS,"Boston, MA",MA,25,Massachusetts,13,12478,1247805,31703,JFK,"New York, NY",NY,36,New York,22,515,507,-8,0,0,-1,0001-0559,14,521,604,10,629,614,-15,0,0,-1,0600-0659,0,,0,74,67,43,1,187,1,,,,,,,,,0,,,,,,,,,,,,,,,,,,,,,,,,,,,,,,,,,,,,,,,,,,,,
2018,1,1,19,5,19/01/2018,B6,20409,B6,N238JB,918,12478,1247805,31703,JFK,"New York, NY",NY,36,New York,22,10721,1072102,30721,BOS,"Boston, MA",MA,25,Massachusetts,13,1855,1913,18,18,1,1,1800-1859,16,1929,2007,7,2013,2014,1,1,0,0,2000-2059,0,,0,78,61,38,1,187,1,,,,,,,,,0,,,,,,,,,,,,,,,,,,,,,,,,,,,,,,,,,,,,,,,,,,,,
2018,1,1,19,5,19/01/2018,B6,20409,B6,N509JB,927,11618,1161802,31703,EWR,"Newark, NJ",NJ,34,New Jersey,21,13204,1320402,31454,MCO,"Orlando, FL",FL,12,Florida,33,1045,1047,2,2,0,0,1000-1059,16,1103,1316,14,1338,1330,-8,0,0,-1,1300-1359,0,,0,173,163,133,1,937,4,,,,,,,,,0,,,,,,,,,,,,,,,,,,,,,,,,,,,,,,,,,,,,,,,,,,,,
2018,1,1,19,5,19/01/2018,B6,20409,B6,N775JB,929,12478,1247805,31703,JFK,"New York, NY",NY,36,New York,22,14635,1463502,31714,RSW,"Fort Myers, FL",FL,12,Florida,33,712,706,-6,0,0,-1,0700-0759,27,733,1013,8,1035,1021,-14,0,0,-1,1000-1059,0,,0,203,195,160,1,1074,5,,,,,,,,,0,,,,,,,,,,,,,,,,,,,,,,,,,,,,,,,,,,,,,,,,,,,,
2018,1,1,19,5,19/01/2018,B6,20409,B6,N775JB,930,14635,1463502,31714,RSW,"Fort Myers, FL",FL,12,Florida,33,12478,1247805,31703,JFK,"New York, NY",NY,36,New York,22,1115,1112,-3,0,0,-1,1100-1159,20,1132,1358,7,1401,1405,4,4,0,0,1400-1459,0,,0,166,173,146,1,1074,5,,,,,,,,,0,,,,,,,,,,,,,,,,,,,,,,,,,,,,,,,,,,,,,,,,,,,,
2018,1,1,19,5,19/01/2018,B6,20409,B6,N639JB,932,12191,1219102,31453,HOU,"Houston, TX",TX,48,Texas,74,10721,1072102,30721,BOS,"Boston, MA",MA,25,Massachusetts,13,1829,1817,-12,0,0,-1,1800-1859,13,1830,2302,7,2300,2309,9,9,0,0,2300-2359,0,,0,211,232,212,1,1609,7,,,,,,,,,0,,,,,,,,,,,,,,,,,,,,,,,,,,,,,,,,,,,,,,,,,,,,
2018,1,1,19,5,19/01/2018,B6,20409,B6,N294JB,933,13204,1320402,31454,MCO,"Orlando, FL",FL,12,Florida,33,14843,1484306,34819,SJU,"San Juan, PR",PR,72,Puerto Rico,3,2127,2125,-2,0,0,-1,2100-2159,9,2134,55,3,111,58,-13,0,0,-1,0001-0559,0,,0,164,153,141,1,1189,5,,,,,,,,,0,,,,,,,,,,,,,,,,,,,,,,,,,,,,,,,,,,,,,,,,,,,,
2018,1,1,19,5,19/01/2018,B6,20409,B6,N337JB,934,14843,1484306,34819,SJU,"San Juan, PR",PR,72,Puerto Rico,3,13204,1320402,31454,MCO,"Orlando, FL",FL,12,Florida,33,520,506,-14,0,0,-1,0001-0559,13,519,700,12,725,712,-13,0,0,-1,0700-0759,0,,0,185,186,161,1,1189,5,,,,,,,,,0,,,,,,,,,,,,,,,,,,,,,,,,,,,,,,,,,,,,,,,,,,,,
2018,1,1,19,5,19/01/2018,B6,20409,B6,N531JB,940,14986,1498603,34986,SRQ,"Sarasota/Bradenton, FL",FL,12,Florida,33,10721,1072102,30721,BOS,"Boston, MA",MA,25,Massachusetts,13,1445,1432,-13,0,0,-1,1400-1459,14,1446,1723,7,1747,1730,-17,0,0,-2,1700-1759,0,,0,182,178,157,1,1220,5,,,,,,,,,0,,,,,,,,,,,,,,,,,,,,,,,,,,,,,,,,,,,,,,,,,,,,
2018,1,1,19,5,19/01/2018,B6,20409,B6,N632JB,943,11697,1169706,32467,FLL,"Fort Lauderdale, FL",FL,12,Florida,33,12954,1295406,32575,LGB,"Long Beach, CA",CA,6,California,91,1837,1939,62,62,1,4,1800-1859,22,2001,2159,3,2132,2202,30,30,1,2,2100-2159,0,,0,355,323,298,1,2327,10,21,0,0,0,9,,,,0,,,,,,,,,,,,,,,,,,,,,,,,,,,,,,,,,,,,,,,,,,,,
2018,1,1,19,5,19/01/2018,B6,20409,B6,N703JB,944,12954,1295406,32575,LGB,"Long Beach, CA",CA,6,California,91,11697,1169706,32467,FLL,"Fort Lauderdale, FL",FL,12,Florida,33,2118,2114,-4,0,0,-1,2100-2159,10,2124,458,7,501,505,4,4,0,0,0001-0559,0,,0,283,291,274,1,2327,10,,,,,,,,,0,,,,,,,,,,,,,,,,,,,,,,,,,,,,,,,,,,,,,,,,,,,,
2018,1,1,19,5,19/01/2018,B6,20409,B6,N943JB,948,12889,1288903,32211,LAS,"Las Vegas, NV",NV,32,Nevada,85,12478,1247805,31703,JFK,"New York, NY",NY,36,New York,22,700,647,-13,0,0,-1,0700-0759,11,658,1430,4,1449,1434,-15,0,0,-1,1400-1459,0,,0,289,287,272,1,2248,9,,,,,,,,,0,,,,,,,,,,,,,,,,,,,,,,,,,,,,,,,,,,,,,,,,,,,,
2018,1,1,19,5,19/01/2018,B6,20409,B6,N955JB,951,10721,1072102,30721,BOS,"Boston, MA",MA,25,Massachusetts,13,13204,1320402,31454,MCO,"Orlando, FL",FL,12,Florida,33,1435,1428,-7,0,0,-1,1400-1459,21,1449,1721,8,1759,1729,-30,0,0,-2,1700-1759,0,,0,204,181,152,1,1121,5,,,,,,,,,0,,,,,,,,,,,,,,,,,,,,,,,,,,,,,,,,,,,,,,,,,,,,
2018,1,1,19,5,19/01/2018,B6,20409,B6,N504JB,952,13204,1320402,31454,MCO,"Orlando, FL",FL,12,Florida,33,10721,1072102,30721,BOS,"Boston, MA",MA,25,Massachusetts,13,1240,1234,-6,0,0,-1,1200-1259,11,1245,1514,6,1531,1520,-11,0,0,-1,1500-1559,0,,0,171,166,149,1,1121,5,,,,,,,,,0,,,,,,,,,,,,,,,,,,,,,,,,,,,,,,,,,,,,,,,,,,,,
2018,1,1,19,5,19/01/2018,B6,20409,B6,N316JB,953,11697,1169706,32467,FLL,"Fort Lauderdale, FL",FL,12,Florida,33,14843,1484306,34819,SJU,"San Juan, PR",PR,72,Puerto Rico,3,2000,2010,10,10,0,0,2000-2059,13,2023,2327,4,2329,2331,2,2,0,0,2300-2359,0,,0,149,141,124,1,1046,5,,,,,,,,,0,,,,,,,,,,,,,,,,,,,,,,,,,,,,,,,,,,,,,,,,,,,,
2018,1,1,19,5,19/01/2018,B6,20409,B6,N179JB,954,14843,1484306,34819,SJU,"San Juan, PR",PR,72,Puerto Rico,3,11697,1169706,32467,FLL,"Fort Lauderdale, FL",FL,12,Florida,33,857,847,-10,0,0,-1,0800-0859,11,858,1025,21,1046,1046,0,0,0,0,1000-1059,0,,0,169,179,147,1,1046,5,,,,,,,,,0,,,,,,,,,,,,,,,,,,,,,,,,,,,,,,,,,,,,,,,,,,,,
2018,1,1,19,5,19/01/2018,B6,20409,B6,N552JB,959,10529,1052906,30529,BDL,"Hartford, CT",CT,9,Connecticut,11,11697,1169706,32467,FLL,"Fort Lauderdale, FL",FL,12,Florida,33,701,654,-7,0,0,-1,0700-0759,15,709,948,53,1025,1041,16,16,1,1,1000-1059,0,,0,204,227,159,1,1173,5,0,0,16,0,0,,,,0,,,,,,,,,,,,,,,,,,,,,,,,,,,,,,,,,,,,,,,,,,,,
2018,1,1,19,5,19/01/2018,B6,20409,B6,N504JB,966,14635,1463502,31714,RSW,"Fort Myers, FL",FL,12,Florida,33,10721,1072102,30721,BOS,"Boston, MA",MA,25,Massachusetts,13,2127,2103,-24,0,0,-2,2100-2159,8,2111,2356,5,21,1,-20,0,0,-2,0001-0559,0,,0,174,178,165,1,1249,5,,,,,,,,,0,,,,,,,,,,,,,,,,,,,,,,,,,,,,,,,,,,,,,,,,,,,,
2018,1,1,19,5,19/01/2018,B6,20409,B6,N337JB,969,14524,1452401,34524,RIC,"Richmond, VA",VA,51,Virginia,38,13204,1320402,31454,MCO,"Orlando, FL",FL,12,Florida,33,1135,1123,-12,0,0,-1,1100-1159,10,1133,1315,13,1344,1328,-16,0,0,-2,1300-1359,0,,0,129,125,102,1,667,3,,,,,,,,,0,,,,,,,,,,,,,,,,,,,,,,,,,,,,,,,,,,,,,,,,,,,,
2018,1,1,19,5,19/01/2018,B6,20409,B6,N337JB,970,13204,1320402,31454,MCO,"Orlando, FL",FL,12,Florida,33,14524,1452401,34524,RIC,"Richmond, VA",VA,51,Virginia,38,905,855,-10,0,0,-1,0900-0959,11,906,1033,4,1059,1037,-22,0,0,-2,1000-1059,0,,0,114,102,87,1,667,3,,,,,,,,,0,,,,,,,,,,,,,,,,,,,,,,,,,,,,,,,,,,,,,,,,,,,,
2018,1,1,19,5,19/01/2018,B6,20409,B6,N598JB,971,12953,1295304,31703,LGA,"New York, NY",NY,36,New York,22,11697,1169706,32467,FLL,"Fort Lauderdale, FL",FL,12,Florida,33,945,931,-14,0,0,-1,0900-0959,29,1000,1232,4,1309,1236,-33,0,0,-2,1300-1359,0,,0,204,185,152,1,1076,5,,,,,,,,,0,,,,,,,,,,,,,,,,,,,,,,,,,,,,,,,,,,,,,,,,,,,,
2018,1,1,19,5,19/01/2018,B6,20409,B6,N652JB,975,14100,1410005,34100,PHL,"Philadelphia, PA",PA,42,Pennsylvania,23,11697,1169706,32467,FLL,"Fort Lauderdale, FL",FL,12,Florida,33,1454,1456,2,2,0,0,1400-1459,16,1512,1741,4,1747,1745,-2,0,0,-1,1700-1759,0,,0,173,169,149,1,992,4,,,,,,,,,0,,,,,,,,,,,,,,,,,,,,,,,,,,,,,,,,,,,,,,,,,,,,
2018,1,1,19,5,19/01/2018,B6,20409,B6,N760JB,976,11697,1169706,32467,FLL,"Fort Lauderdale, FL",FL,12,Florida,33,14100,1410005,34100,PHL,"Philadelphia, PA",PA,42,Pennsylvania,23,2112,2102,-10,0,0,-1,2100-2159,18,2120,2330,4,2350,2334,-16,0,0,-2,2300-2359,0,,0,158,152,130,1,992,4,,,,,,,,,0,,,,,,,,,,,,,,,,,,,,,,,,,,,,,,,,,,,,,,,,,,,,
2018,1,1,19,5,19/01/2018,B6,20409,B6,N354JB,984,14492,1449202,34492,RDU,"Raleigh/Durham, NC",NC,37,North Carolina,36,10721,1072102,30721,BOS,"Boston, MA",MA,25,Massachusetts,13,1551,1540,-11,0,0,-1,1500-1559,12,1552,1724,7,1742,1731,-11,0,0,-1,1700-1759,0,,0,111,111,92,1,612,3,,,,,,,,,0,,,,,,,,,,,,,,,,,,,,,,,,,,,,,,,,,,,,,,,,,,,,
2018,1,1,19,5,19/01/2018,B6,20409,B6,N982JB,987,10721,1072102,30721,BOS,"Boston, MA",MA,25,Massachusetts,13,12892,1289208,32575,LAX,"Los Angeles, CA",CA,6,California,91,2120,2121,1,1,0,0,2100-2159,11,2132,29,6,59,35,-24,0,0,-2,0001-0559,0,,0,399,374,357,1,2611,11,,,,,,,,,0,,,,,,,,,,,,,,,,,,,,,,,,,,,,,,,,,,,,,,,,,,,,
2018,1,1,19,5,19/01/2018,B6,20409,B6,N968JB,988,12892,1289208,32575,LAX,"Los Angeles, CA",CA,6,California,91,10721,1072102,30721,BOS,"Boston, MA",MA,25,Massachusetts,13,2240,2233,-7,0,0,-1,2200-2259,12,2245,616,6,701,622,-39,0,0,-2,0700-0759,0,,0,321,289,271,1,2611,11,,,,,,,,,0,,,,,,,,,,,,,,,,,,,,,,,,,,,,,,,,,,,,,,,,,,,,
2018,1,1,19,5,19/01/2018,B6,20409,B6,N334JB,989,10721,1072102,30721,BOS,"Boston, MA",MA,25,Massachusetts,13,11278,1127805,30852,DCA,"Washington, DC",VA,51,Virginia,38,1740,1731,-9,0,0,-1,1700-1759,17,1748,1859,5,1928,1904,-24,0,0,-2,1900-1959,0,,0,108,93,71,1,399,2,,,,,,,,,0,,,,,,,,,,,,,,,,,,,,,,,,,,,,,,,,,,,,,,,,,,,,
2018,1,1,19,5,19/01/2018,B6,20409,B6,N965JB,990,13204,1320402,31454,MCO,"Orlando, FL",FL,12,Florida,33,12478,1247805,31703,JFK,"New York, NY",NY,36,New York,22,602,735,93,93,1,6,0600-0659,16,751,955,5,832,1000,88,88,1,5,0800-0859,0,,0,150,145,124,1,944,4,0,88,0,0,0,,,,0,,,,,,,,,,,,,,,,,,,,,,,,,,,,,,,,,,,,,,,,,,,,
2018,1,1,19,5,19/01/2018,B6,20409,B6,N796JB,992,15304,1530402,33195,TPA,"Tampa, FL",FL,12,Florida,33,10721,1072102,30721,BOS,"Boston, MA",MA,25,Massachusetts,13,1408,1407,-1,0,0,-1,1400-1459,16,1423,1655,8,1703,1703,0,0,0,0,1700-1759,0,,0,175,176,152,1,1185,5,,,,,,,,,0,,,,,,,,,,,,,,,,,,,,,,,,,,,,,,,,,,,,,,,,,,,,
2018,1,1,19,5,19/01/2018,B6,20409,B6,N556JB,993,10721,1072102,30721,BOS,"Boston, MA",MA,25,Massachusetts,13,11292,1129202,30325,DEN,"Denver, CO",CO,8,Colorado,82,1937,1952,15,15,1,1,1900-1959,19,2011,2210,7,2227,2217,-10,0,0,-1,2200-2259,0,,0,290,265,239,1,1754,8,,,,,,,,,0,,,,,,,,,,,,,,,,,,,,,,,,,,,,,,,,,,,,,,,,,,,,
2018,1,1,19,5,19/01/2018,B6,20409,B6,N556JB,994,11292,1129202,30325,DEN,"Denver, CO",CO,8,Colorado,82,10721,1072102,30721,BOS,"Boston, MA",MA,25,Massachusetts,13,2317,2305,-12,0,0,-1,2300-2359,11,2316,418,7,500,425,-35,0,0,-2,0001-0559,0,,0,223,200,182,1,1754,8,,,,,,,,,0,,,,,,,,,,,,,,,,,,,,,,,,,,,,,,,,,,,,,,,,,,,,
2018,1,1,19,5,19/01/2018,B6,20409,B6,N627JB,996,10397,1039707,30397,ATL,"Atlanta, GA",GA,13,Georgia,34,10721,1072102,30721,BOS,"Boston, MA",MA,25,Massachusetts,13,700,649,-11,0,0,-1,0700-0759,10,659,901,3,942,904,-38,0,0,-2,0900-0959,0,,0,162,135,122,1,946,4,,,,,,,,,0,,,,,,,,,,,,,,,,,,,,,,,,,,,,,,,,,,,,,,,,,,,,
2018,1,1,19,5,19/01/2018,B6,20409,B6,N531JB,997,10721,1072102,30721,BOS,"Boston, MA",MA,25,Massachusetts,13,10397,1039707,30397,ATL,"Atlanta, GA",GA,13,Georgia,34,1855,1849,-6,0,0,-1,1800-1859,18,1907,2112,9,2155,2121,-34,0,0,-2,2100-2159,0,,0,180,152,125,1,946,4,,,,,,,,,0,,,,,,,,,,,,,,,,,,,,,,,,,,,,,,,,,,,,,,,,,,,,
2018,1,1,19,5,19/01/2018,B6,20409,B6,N229JB,1001,10792,1079206,30792,BUF,"Buffalo, NY",NY,36,New York,22,12478,1247805,31703,JFK,"New York, NY",NY,36,New York,22,2043,2033,-10,0,0,-1,2000-2059,11,2044,2149,4,2209,2153,-16,0,0,-2,2200-2259,0,,0,86,80,65,1,301,2,,,,,,,,,0,,,,,,,,,,,,,,,,,,,,,,,,,,,,,,,,,,,,,,,,,,,,
2018,1,1,19,5,19/01/2018,B6,20409,B6,N703JB,1006,12954,1295406,32575,LGB,"Long Beach, CA",CA,6,California,91,14747,1474703,30559,SEA,"Seattle, WA",WA,53,Washington,93,1431,1430,-1,0,0,-1,1400-1459,14,1444,1652,4,1716,1656,-20,0,0,-2,1700-1759,0,,0,165,146,128,1,965,4,,,,,,,,,0,,,,,,,,,,,,,,,,,,,,,,,,,,,,,,,,,,,,,,,,,,,,
2018,1,1,19,5,19/01/2018,B6,20409,B6,N784JB,1007,14747,1474703,30559,SEA,"Seattle, WA",WA,53,Washington,93,12954,1295406,32575,LGB,"Long Beach, CA",CA,6,California,91,1131,1135,4,4,0,0,1100-1159,20,1155,1418,3,1407,1421,14,14,0,0,1400-1459,0,,0,156,166,143,1,965,4,,,,,,,,,0,,,,,,,,,,,,,,,,,,,,,,,,,,,,,,,,,,,,,,,,,,,,
2018,1,1,19,5,19/01/2018,B6,20409,B6,N292JB,1011,10721,1072102,30721,BOS,"Boston, MA",MA,25,Massachusetts,13,13930,1393006,30977,ORD,"Chicago, IL",IL,17,Illinois,41,1703,1713,10,10,0,0,1700-1759,22,1735,1847,16,1907,1903,-4,0,0,-1,1900-1959,0,,0,184,170,132,1,867,4,,,,,,,,,0,,,,,,,,,,,,,,,,,,,,,,,,,,,,,,,,,,,,,,,,,,,,
2018,1,1,19,5,19/01/2018,B6,20409,B6,N281JB,1012,13930,1393006,30977,ORD,"Chicago, IL",IL,17,Illinois,41,10721,1072102,30721,BOS,"Boston, MA",MA,25,Massachusetts,13,940,933,-7,0,0,-1,0900-0959,14,947,1240,2,1251,1242,-9,0,0,-1,1200-1259,0,,0,131,129,113,1,867,4,,,,,,,,,0,,,,,,,,,,,,,,,,,,,,,,,,,,,,,,,,,,,,,,,,,,,,
2018,1,1,19,5,19/01/2018,B6,20409,B6,N606JB,1013,12478,1247805,31703,JFK,"New York, NY",NY,36,New York,22,12954,1295406,32575,LGB,"Long Beach, CA",CA,6,California,91,1735,1726,-9,0,0,-1,1700-1759,19,1745,2007,3,2056,2010,-46,0,0,-2,2000-2059,0,,0,381,344,322,1,2465,10,,,,,,,,,0,,,,,,,,,,,,,,,,,,,,,,,,,,,,,,,,,,,,,,,,,,,,
2018,1,1,19,5,19/01/2018,B6,20409,B6,N231JB,1017,12451,1245102,31136,JAX,"Jacksonville, FL",FL,12,Florida,33,11697,1169706,32467,FLL,"Fort Lauderdale, FL",FL,12,Florida,33,700,656,-4,0,0,-1,0700-0759,21,717,814,6,818,820,2,2,0,0,0800-0859,0,,0,78,84,57,1,319,2,,,,,,,,,0,,,,,,,,,,,,,,,,,,,,,,,,,,,,,,,,,,,,,,,,,,,,
2018,1,1,19,5,19/01/2018,B6,20409,B6,N231JB,1018,11697,1169706,32467,FLL,"Fort Lauderdale, FL",FL,12,Florida,33,12451,1245102,31136,JAX,"Jacksonville, FL",FL,12,Florida,33,853,852,-1,0,0,-1,0800-0859,9,901,957,4,1009,1001,-8,0,0,-1,1000-1059,0,,0,76,69,56,1,319,2,,,,,,,,,0,,,,,,,,,,,,,,,,,,,,,,,,,,,,,,,,,,,,,,,,,,,,
2018,1,1,19,5,19/01/2018,B6,20409,B6,N536JB,1022,14027,1402702,34027,PBI,"West Palm Beach/Palm Beach, FL",FL,12,Florida,33,10721,1072102,30721,BOS,"Boston, MA",MA,25,Massachusetts,13,600,555,-5,0,0,-1,0600-0659,11,606,837,3,857,840,-17,0,0,-2,0800-0859,0,,0,177,165,151,1,1197,5,,,,,,,,,0,,,,,,,,,,,,,,,,,,,,,,,,,,,,,,,,,,,,,,,,,,,,
2018,1,1,19,5,19/01/2018,B6,20409,B6,N192JB,1023,11278,1127805,30852,DCA,"Washington, DC",VA,51,Virginia,38,13204,1320402,31454,MCO,"Orlando, FL",FL,12,Florida,33,1859,1851,-8,0,0,-1,1800-1859,13,1904,2048,7,2123,2055,-28,0,0,-2,2100-2159,0,,0,144,124,104,1,759,4,,,,,,,,,0,,,,,,,,,,,,,,,,,,,,,,,,,,,,,,,,,,,,,,,,,,,,
2018,1,1,19,5,19/01/2018,B6,20409,B6,N309JB,1027,10721,1072102,30721,BOS,"Boston, MA",MA,25,Massachusetts,13,10821,1082106,30852,BWI,"Baltimore, MD",MD,24,Maryland,35,1720,1712,-8,0,0,-1,1700-1759,19,1731,1836,6,1901,1842,-19,0,0,-2,1900-1959,0,,0,101,90,65,1,369,2,,,,,,,,,0,,,,,,,,,,,,,,,,,,,,,,,,,,,,,,,,,,,,,,,,,,,,
2018,1,1,19,5,19/01/2018,B6,20409,B6,N568JB,1031,10721,1072102,30721,BOS,"Boston, MA",MA,25,Massachusetts,13,12191,1219102,31453,HOU,"Houston, TX",TX,48,Texas,74,702,700,-2,0,0,-1,0700-0759,17,717,949,3,1040,952,-48,0,0,-2,1000-1059,0,,0,278,232,212,1,1609,7,,,,,,,,,0,,,,,,,,,,,,,,,,,,,,,,,,,,,,,,,,,,,,,,,,,,,,
2018,1,1,19,5,19/01/2018,B6,20409,B6,N591JB,1034,14843,1484306,34819,SJU,"San Juan, PR",PR,72,Puerto Rico,3,13204,1320402,31454,MCO,"Orlando, FL",FL,12,Florida,33,1044,1034,-10,0,0,-1,1000-1059,10,1044,1224,5,1255,1229,-26,0,0,-2,1200-1259,0,,0,191,175,160,1,1189,5,,,,,,,,,0,,,,,,,,,,,,,,,,,,,,,,,,,,,,,,,,,,,,,,,,,,,,
2018,1,1,19,5,19/01/2018,B6,20409,B6,N203JB,1035,15024,1502403,34945,STT,"Charlotte Amalie, VI",VI,78,U.S. Virgin Islands,4,14843,1484306,34819,SJU,"San Juan, PR",PR,72,Puerto Rico,3,940,1107,87,87,1,5,0900-0959,14,1121,1144,4,1020,1148,88,88,1,5,1000-1059,0,,0,40,41,23,1,68,1,2,0,1,0,85,,,,0,,,,,,,,,,,,,,,,,,,,,,,,,,,,,,,,,,,,,,,,,,,,
2018,1,1,19,5,19/01/2018,B6,20409,B6,N634JB,1038,10423,1042302,30423,AUS,"Austin, TX",TX,48,Texas,74,10721,1072102,30721,BOS,"Boston, MA",MA,25,Massachusetts,13,1847,1921,34,34,1,2,1800-1859,11,1932,12,4,2331,16,45,45,1,3,2300-2359,0,,0,224,235,220,1,1698,7,18,0,11,0,16,,,,0,,,,,,,,,,,,,,,,,,,,,,,,,,,,,,,,,,,,,,,,,,,,
2018,1,1,19,5,19/01/2018,B6,20409,B6,N634JB,1039,10721,1072102,30721,BOS,"Boston, MA",MA,25,Massachusetts,13,10423,1042302,30423,AUS,"Austin, TX",TX,48,Texas,74,700,721,21,21,1,1,0700-0759,16,737,1005,3,1053,1008,-45,0,0,-2,1000-1059,0,,0,293,227,208,1,1698,7,,,,,,,,,0,,,,,,,,,,,,,,,,,,,,,,,,,,,,,,,,,,,,,,,,,,,,
2018,1,1,19,5,19/01/2018,B6,20409,B6,N570JB,1041,12478,1247805,31703,JFK,"New York, NY",NY,36,New York,22,14685,1468502,34685,SAV,"Savannah, GA",GA,13,Georgia,34,1429,1456,27,27,1,1,1400-1459,31,1527,1703,3,1658,1706,8,8,0,0,1600-1659,0,,0,149,130,96,1,718,3,,,,,,,,,0,,,,,,,,,,,,,,,,,,,,,,,,,,,,,,,,,,,,,,,,,,,,
2018,1,1,19,5,19/01/2018,B6,20409,B6,N570JB,1042,14685,1468502,34685,SAV,"Savannah, GA",GA,13,Georgia,34,12478,1247805,31703,JFK,"New York, NY",NY,36,New York,22,1745,1746,1,1,0,0,1700-1759,26,1812,2004,10,1950,2014,24,24,1,1,1900-1959,0,,0,125,148,112,1,718,3,1,0,23,0,0,,,,0,,,,,,,,,,,,,,,,,,,,,,,,,,,,,,,,,,,,,,,,,,,,
2018,1,1,19,5,19/01/2018,B6,20409,B6,N571JB,1043,11618,1161802,31703,EWR,"Newark, NJ",NJ,34,New Jersey,21,14027,1402702,34027,PBI,"West Palm Beach/Palm Beach, FL",FL,12,Florida,33,911,920,9,9,0,0,0900-0959,29,949,1220,5,1219,1225,6,6,0,0,1200-1259,0,,0,188,185,151,1,1023,5,,,,,,,,,0,,,,,,,,,,,,,,,,,,,,,,,,,,,,,,,,,,,,,,,,,,,,
2018,1,1,19,5,19/01/2018,B6,20409,B6,N612JB,1052,14843,1484306,34819,SJU,"San Juan, PR",PR,72,Puerto Rico,3,15304,1530402,33195,TPA,"Tampa, FL",FL,12,Florida,33,1149,1139,-10,0,0,-1,1100-1159,12,1151,1336,6,1359,1342,-17,0,0,-2,1300-1359,0,,0,190,183,165,1,1237,5,,,,,,,,,0,,,,,,,,,,,,,,,,,,,,,,,,,,,,,,,,,,,,,,,,,,,,
2018,1,1,19,5,19/01/2018,B6,20409,B6,N591JB,1053,11697,1169706,32467,FLL,"Fort Lauderdale, FL",FL,12,Florida,33,14843,1484306,34819,SJU,"San Juan, PR",PR,72,Puerto Rico,3,600,555,-5,0,0,-1,0600-0659,12,607,913,3,926,916,-10,0,0,-1,0900-0959,0,,0,146,141,126,1,1046,5,,,,,,,,,0,,,,,,,,,,,,,,,,,,,,,,,,,,,,,,,,,,,,,,,,,,,,
2018,1,1,19,5,19/01/2018,B6,20409,B6,N267JB,1059,10721,1072102,30721,BOS,"Boston, MA",MA,25,Massachusetts,13,14100,1410005,34100,PHL,"Philadelphia, PA",PA,42,Pennsylvania,23,1345,1405,20,20,1,1,1300-1359,17,1422,1518,4,1524,1522,-2,0,0,-1,1500-1559,0,,0,99,77,56,1,280,2,,,,,,,,,0,,,,,,,,,,,,,,,,,,,,,,,,,,,,,,,,,,,,,,,,,,,,
2018,1,1,19,5,19/01/2018,B6,20409,B6,N504JB,1065,10721,1072102,30721,BOS,"Boston, MA",MA,25,Massachusetts,13,14635,1463502,31714,RSW,"Fort Myers, FL",FL,12,Florida,33,1702,1654,-8,0,0,-1,1700-1759,17,1711,2004,5,2046,2009,-37,0,0,-2,2000-2059,0,,0,224,195,173,1,1249,5,,,,,,,,,0,,,,,,,,,,,,,,,,,,,,,,,,,,,,,,,,,,,,,,,,,,,,
2018,1,1,19,5,19/01/2018,B6,20409,B6,N907JB,1066,14635,1463502,31714,RSW,"Fort Myers, FL",FL,12,Florida,33,10721,1072102,30721,BOS,"Boston, MA",MA,25,Massachusetts,13,1600,1550,-10,0,0,-1,1600-1659,8,1558,1844,7,1907,1851,-16,0,0,-2,1900-1959,0,,0,187,181,166,1,1249,5,,,,,,,,,0,,,,,,,,,,,,,,,,,,,,,,,,,,,,,,,,,,,,,,,,,,,,
2018,1,1,19,5,19/01/2018,B6,20409,B6,N198JB,1068,14027,1402702,34027,PBI,"West Palm Beach/Palm Beach, FL",FL,12,Florida,33,12197,1219702,31703,HPN,"White Plains, NY",NY,36,New York,22,652,642,-10,0,0,-1,0600-0659,11,653,914,4,936,918,-18,0,0,-2,0900-0959,0,,0,164,156,141,1,1056,5,,,,,,,,,0,,,,,,,,,,,,,,,,,,,,,,,,,,,,,,,,,,,,,,,,,,,,
2018,1,1,19,5,19/01/2018,B6,20409,B6,N794JB,1070,11697,1169706,32467,FLL,"Fort Lauderdale, FL",FL,12,Florida,33,10721,1072102,30721,BOS,"Boston, MA",MA,25,Massachusetts,13,2123,2120,-3,0,0,-1,2100-2159,10,2130,11,6,23,17,-6,0,0,-1,0001-0559,0,,0,180,177,161,1,1237,5,,,,,,,,,0,,,,,,,,,,,,,,,,,,,,,,,,,,,,,,,,,,,,,,,,,,,,
2018,1,1,19,5,19/01/2018,B6,20409,B6,N509JB,1075,14307,1430705,30721,PVD,"Providence, RI",RI,44,Rhode Island,15,13204,1320402,31454,MCO,"Orlando, FL",FL,12,Florida,33,1745,1731,-14,0,0,-1,1700-1759,7,1738,2004,11,2053,2015,-38,0,0,-2,2000-2059,0,,0,188,164,146,1,1072,5,,,,,,,,,0,,,,,,,,,,,,,,,,,,,,,,,,,,,,,,,,,,,,,,,,,,,,
2018,1,1,19,5,19/01/2018,B6,20409,B6,N509JB,1076,13204,1320402,31454,MCO,"Orlando, FL",FL,12,Florida,33,14307,1430705,30721,PVD,"Providence, RI",RI,44,Rhode Island,15,1423,1416,-7,0,0,-1,1400-1459,10,1426,1640,3,1705,1643,-22,0,0,-2,1700-1759,0,,0,162,147,134,1,1072,5,,,,,,,,,0,,,,,,,,,,,,,,,,,,,,,,,,,,,,,,,,,,,,,,,,,,,,
2018,1,1,19,5,19/01/2018,B6,20409,B6,N981JB,1077,10721,1072102,30721,BOS,"Boston, MA",MA,25,Massachusetts,13,12889,1288903,32211,LAS,"Las Vegas, NV",NV,32,Nevada,85,710,712,2,2,0,0,0700-0759,22,734,946,6,1023,952,-31,0,0,-2,1000-1059,0,,0,373,340,312,1,2381,10,,,,,,,,,0,,,,,,,,,,,,,,,,,,,,,,,,,,,,,,,,,,,,,,,,,,,,
2018,1,1,19,5,19/01/2018,B6,20409,B6,N967JB,1078,12889,1288903,32211,LAS,"Las Vegas, NV",NV,32,Nevada,85,10721,1072102,30721,BOS,"Boston, MA",MA,25,Massachusetts,13,745,735,-10,0,0,-1,0700-0759,11,746,1510,6,1541,1516,-25,0,0,-2,1500-1559,0,,0,296,281,264,1,2381,10,,,,,,,,,0,,,,,,,,,,,,,,,,,,,,,,,,,,,,,,,,,,,,,,,,,,,,
2018,1,1,19,5,19/01/2018,B6,20409,B6,N193JB,1081,10721,1072102,30721,BOS,"Boston, MA",MA,25,Massachusetts,13,14524,1452401,34524,RIC,"Richmond, VA",VA,51,Virginia,38,1035,1029,-6,0,0,-1,1000-1059,18,1047,1201,4,1226,1205,-21,0,0,-2,1200-1259,0,,0,111,96,74,1,474,2,,,,,,,,,0,,,,,,,,,,,,,,,,,,,,,,,,,,,,,,,,,,,,,,,,,,,,
2018,1,1,19,5,19/01/2018,B6,20409,B6,N536JB,1091,11697,1169706,32467,FLL,"Fort Lauderdale, FL",FL,12,Florida,33,10732,1073203,30732,BQN,"Aguadilla, PR",PR,72,Puerto Rico,3,2338,2332,-6,0,0,-1,2300-2359,13,2345,241,6,303,247,-16,0,0,-2,0001-0559,0,,0,145,135,116,1,982,4,,,,,,,,,0,,,,,,,,,,,,,,,,,,,,,,,,,,,,,,,,,,,,,,,,,,,,
2018,1,1,19,5,19/01/2018,B6,20409,B6,N635JB,1092,10732,1073203,30732,BQN,"Aguadilla, PR",PR,72,Puerto Rico,3,11697,1169706,32467,FLL,"Fort Lauderdale, FL",FL,12,Florida,33,413,403,-10,0,0,-1,0001-0559,10,413,529,5,553,534,-19,0,0,-2,0001-0559,0,,0,160,151,136,1,982,4,,,,,,,,,0,,,,,,,,,,,,,,,,,,,,,,,,,,,,,,,,,,,,,,,,,,,,
2018,1,1,19,5,19/01/2018,B6,20409,B6,N804JB,1094,10423,1042302,30423,AUS,"Austin, TX",TX,48,Texas,74,12478,1247805,31703,JFK,"New York, NY",NY,36,New York,22,1350,1345,-5,0,0,-1,1300-1359,13,1358,1823,13,1829,1836,7,7,0,0,1800-1859,0,,0,219,231,205,1,1521,7,,,,,,,,,0,,,,,,,,,,,,,,,,,,,,,,,,,,,,,,,,,,,,,,,,,,,,
2018,1,1,19,5,19/01/2018,B6,20409,B6,N558JB,1097,10721,1072102,30721,BOS,"Boston, MA",MA,25,Massachusetts,13,10397,1039707,30397,ATL,"Atlanta, GA",GA,13,Georgia,34,901,947,46,46,1,3,0900-0959,25,1012,1218,11,1159,1229,30,30,1,2,1100-1159,0,,0,178,162,126,1,946,4,0,0,30,0,0,,,,0,,,,,,,,,,,,,,,,,,,,,,,,,,,,,,,,,,,,,,,,,,,,
2018,1,1,19,5,19/01/2018,B6,20409,B6,N351JB,1098,11278,1127805,30852,DCA,"Washington, DC",VA,51,Virginia,38,10529,1052906,30529,BDL,"Hartford, CT",CT,9,Connecticut,11,1722,1756,34,34,1,2,1700-1759,17,1813,1906,5,1840,1911,31,31,1,2,1800-1859,0,,0,78,75,53,1,313,2,12,0,0,0,19,,,,0,,,,,,,,,,,,,,,,,,,,,,,,,,,,,,,,,,,,,,,,,,,,
2018,1,1,19,5,19/01/2018,B6,20409,B6,N595JB,1099,12953,1295304,31703,LGA,"New York, NY",NY,36,New York,22,13204,1320402,31454,MCO,"Orlando, FL",FL,12,Florida,33,700,650,-10,0,0,-1,0700-0759,19,709,925,22,958,947,-11,0,0,-1,0900-0959,0,,0,178,177,136,1,950,4,,,,,,,,,0,,,,,,,,,,,,,,,,,,,,,,,,,,,,,,,,,,,,,,,,,,,,
2018,1,1,19,5,19/01/2018,B6,20409,B6,N353JB,1105,12478,1247805,31703,JFK,"New York, NY",NY,36,New York,22,13930,1393006,30977,ORD,"Chicago, IL",IL,17,Illinois,41,823,817,-6,0,0,-1,0800-0859,9,826,921,20,1010,941,-29,0,0,-2,1000-1059,0,,0,167,144,115,1,740,3,,,,,,,,,0,,,,,,,,,,,,,,,,,,,,,,,,,,,,,,,,,,,,,,,,,,,,
2018,1,1,19,5,19/01/2018,B6,20409,B6,N178JB,1106,13930,1393006,30977,ORD,"Chicago, IL",IL,17,Illinois,41,12478,1247805,31703,JFK,"New York, NY",NY,36,New York,22,1830,1821,-9,0,0,-1,1800-1859,14,1835,2126,7,2143,2133,-10,0,0,-1,2100-2159,0,,0,133,132,111,1,740,3,,,,,,,,,0,,,,,,,,,,,,,,,,,,,,,,,,,,,,,,,,,,,,,,,,,,,,
2018,1,1,19,5,19/01/2018,B6,20409,B6,N317JB,1109,10721,1072102,30721,BOS,"Boston, MA",MA,25,Massachusetts,13,12451,1245102,31136,JAX,"Jacksonville, FL",FL,12,Florida,33,842,840,-2,0,0,-1,0800-0859,18,858,1119,9,1147,1128,-19,0,0,-2,1100-1159,0,,0,185,168,141,1,1010,5,,,,,,,,,0,,,,,,,,,,,,,,,,,,,,,,,,,,,,,,,,,,,,,,,,,,,,
2018,1,1,19,5,19/01/2018,B6,20409,B6,N579JB,1115,10721,1072102,30721,BOS,"Boston, MA",MA,25,Massachusetts,13,11298,1129806,30194,DFW,"Dallas/Fort Worth, TX",TX,48,Texas,74,1431,1422,-9,0,0,-1,1400-1459,20,1442,1654,12,1759,1706,-53,0,0,-2,1700-1759,0,,0,268,224,192,1,1562,7,,,,,,,,,0,,,,,,,,,,,,,,,,,,,,,,,,,,,,,,,,,,,,,,,,,,,,
2018,1,1,19,5,19/01/2018,B6,20409,B6,N283JB,1118,11057,1105703,31057,CLT,"Charlotte, NC",NC,37,North Carolina,36,12478,1247805,31703,JFK,"New York, NY",NY,36,New York,22,1959,1950,-9,0,0,-1,1900-1959,35,2025,2155,5,2155,2200,5,5,0,0,2100-2159,0,,0,116,130,90,1,541,3,,,,,,,,,0,,,,,,,,,,,,,,,,,,,,,,,,,,,,,,,,,,,,,,,,,,,,
2018,1,1,19,5,19/01/2018,B6,20409,B6,N283JB,1119,12478,1247805,31703,JFK,"New York, NY",NY,36,New York,22,11057,1105703,31057,CLT,"Charlotte, NC",NC,37,North Carolina,36,1716,1709,-7,0,0,-1,1700-1759,16,1725,1842,6,1921,1848,-33,0,0,-2,1900-1959,0,,0,125,99,77,1,541,3,,,,,,,,,0,,,,,,,,,,,,,,,,,,,,,,,,,,,,,,,,,,,,,,,,,,,,
2018,1,1,19,5,19/01/2018,B6,20409,B6,N590JB,1121,14057,1405702,34057,PDX,"Portland, OR",OR,41,Oregon,92,12954,1295406,32575,LGB,"Long Beach, CA",CA,6,California,91,718,718,0,0,0,0,0700-0759,15,733,941,4,939,945,6,6,0,0,0900-0959,0,,0,141,147,128,1,846,4,,,,,,,,,0,,,,,,,,,,,,,,,,,,,,,,,,,,,,,,,,,,,,,,,,,,,,
2018,1,1,19,5,19/01/2018,B6,20409,B6,N945JB,1124,12892,1289208,32575,LAX,"Los Angeles, CA",CA,6,California,91,12478,1247805,31703,JFK,"New York, NY",NY,36,New York,22,1515,1509,-6,0,0,-1,1500-1559,14,1523,2256,6,2327,2302,-25,0,0,-2,2300-2359,0,,0,312,293,273,1,2475,10,,,,,,,,,0,,,,,,,,,,,,,,,,,,,,,,,,,,,,,,,,,,,,,,,,,,,,
2018,1,1,19,5,19/01/2018,B6,20409,B6,N183JB,1125,14492,1449202,34492,RDU,"Raleigh/Durham, NC",NC,37,North Carolina,36,11697,1169706,32467,FLL,"Fort Lauderdale, FL",FL,12,Florida,33,705,703,-2,0,0,-1,0700-0759,44,747,935,6,912,941,29,29,1,1,0900-0959,0,,0,127,158,108,1,680,3,0,0,29,0,0,,,,0,,,,,,,,,,,,,,,,,,,,,,,,,,,,,,,,,,,,,,,,,,,,
2018,1,1,19,5,19/01/2018,B6,20409,B6,N274JB,1126,11697,1169706,32467,FLL,"Fort Lauderdale, FL",FL,12,Florida,33,14492,1449202,34492,RDU,"Raleigh/Durham, NC",NC,37,North Carolina,36,2005,2004,-1,0,0,-1,2000-2059,11,2015,2157,25,2209,2222,13,13,0,0,2200-2259,0,,0,124,138,102,1,680,3,,,,,,,,,0,,,,,,,,,,,,,,,,,,,,,,,,,,,,,,,,,,,,,,,,,,,,
2018,1,1,19,5,19/01/2018,B6,20409,B6,N183JB,1130,11697,1169706,32467,FLL,"Fort Lauderdale, FL",FL,12,Florida,33,10994,1099402,30994,CHS,"Charleston, SC",SC,45,South Carolina,37,2147,2144,-3,0,0,-1,2100-2159,12,2156,2305,6,2323,2311,-12,0,0,-1,2300-2359,0,,0,96,87,69,1,470,2,,,,,,,,,0,,,,,,,,,,,,,,,,,,,,,,,,,,,,,,,,,,,,,,,,,,,,
2018,1,1,19,5,19/01/2018,B6,20409,B6,N298JB,1131,10994,1099402,30994,CHS,"Charleston, SC",SC,45,South Carolina,37,11697,1169706,32467,FLL,"Fort Lauderdale, FL",FL,12,Florida,33,720,713,-7,0,0,-1,0700-0759,8,721,836,11,901,847,-14,0,0,-1,0900-0959,0,,0,101,94,75,1,470,2,,,,,,,,,0,,,,,,,,,,,,,,,,,,,,,,,,,,,,,,,,,,,,,,,,,,,,
2018,1,1,19,5,19/01/2018,B6,20409,B6,N615JB,1134,14843,1484306,34819,SJU,"San Juan, PR",PR,72,Puerto Rico,3,13204,1320402,31454,MCO,"Orlando, FL",FL,12,Florida,33,1700,1644,-16,0,0,-2,1700-1759,16,1700,1844,7,1912,1851,-21,0,0,-2,1900-1959,0,,0,192,187,164,1,1189,5,,,,,,,,,0,,,,,,,,,,,,,,,,,,,,,,,,,,,,,,,,,,,,,,,,,,,,
2018,1,1,19,5,19/01/2018,B6,20409,B6,N662JB,1136,12954,1295406,32575,LGB,"Long Beach, CA",CA,6,California,91,14771,1477104,32457,SFO,"San Francisco, CA",CA,6,California,91,651,650,-1,0,0,-1,0600-0659,14,704,801,10,820,811,-9,0,0,-1,0800-0859,0,,0,89,81,57,1,354,2,,,,,,,,,0,,,,,,,,,,,,,,,,,,,,,,,,,,,,,,,,,,,,,,,,,,,,
2018,1,1,19,5,19/01/2018,B6,20409,B6,N354JB,1137,10721,1072102,30721,BOS,"Boston, MA",MA,25,Massachusetts,13,11433,1143302,31295,DTW,"Detroit, MI",MI,26,Michigan,43,750,736,-14,0,0,-1,0700-0759,21,757,931,9,1012,940,-32,0,0,-2,1000-1059,0,,0,142,124,94,1,632,3,,,,,,,,,0,,,,,,,,,,,,,,,,,,,,,,,,,,,,,,,,,,,,,,,,,,,,
2018,1,1,19,5,19/01/2018,B6,20409,B6,N648JB,1141,10529,1052906,30529,BDL,"Hartford, CT",CT,9,Connecticut,11,14027,1402702,34027,PBI,"West Palm Beach/Palm Beach, FL",FL,12,Florida,33,1451,1511,20,20,1,1,1400-1459,15,1526,1757,7,1801,1804,3,3,0,0,1800-1859,0,,0,190,173,151,1,1133,5,,,,,,,,,0,,,,,,,,,,,,,,,,,,,,,,,,,,,,,,,,,,,,,,,,,,,,
2018,1,1,19,5,19/01/2018,B6,20409,B6,N648JB,1142,14027,1402702,34027,PBI,"West Palm Beach/Palm Beach, FL",FL,12,Florida,33,10529,1052906,30529,BDL,"Hartford, CT",CT,9,Connecticut,11,1115,1110,-5,0,0,-1,1100-1159,19,1129,1400,17,1405,1417,12,12,0,0,1400-1459,0,,0,170,187,151,1,1133,5,,,,,,,,,0,,,,,,,,,,,,,,,,,,,,,,,,,,,,,,,,,,,,,,,,,,,,
2018,1,1,19,5,19/01/2018,B6,20409,B6,N608JB,1143,11618,1161802,31703,EWR,"Newark, NJ",NJ,34,New Jersey,21,14027,1402702,34027,PBI,"West Palm Beach/Palm Beach, FL",FL,12,Florida,33,600,556,-4,0,0,-1,0600-0659,15,611,828,5,850,833,-17,0,0,-2,0800-0859,0,,0,170,157,137,1,1023,5,,,,,,,,,0,,,,,,,,,,,,,,,,,,,,,,,,,,,,,,,,,,,,,,,,,,,,
2018,1,1,19,5,19/01/2018,B6,20409,B6,N328JB,1145,14524,1452401,34524,RIC,"Richmond, VA",VA,51,Virginia,38,11697,1169706,32467,FLL,"Fort Lauderdale, FL",FL,12,Florida,33,700,655,-5,0,0,-1,0700-0759,19,714,917,10,924,927,3,3,0,0,0900-0959,0,,0,144,152,123,1,805,4,,,,,,,,,0,,,,,,,,,,,,,,,,,,,,,,,,,,,,,,,,,,,,,,,,,,,,
2018,1,1,19,5,19/01/2018,B6,20409,B6,N329JB,1146,11697,1169706,32467,FLL,"Fort Lauderdale, FL",FL,12,Florida,33,14524,1452401,34524,RIC,"Richmond, VA",VA,51,Virginia,38,2104,2053,-11,0,0,-1,2100-2159,19,2112,2258,6,2318,2304,-14,0,0,-1,2300-2359,0,,0,134,131,106,1,805,4,,,,,,,,,0,,,,,,,,,,,,,,,,,,,,,,,,,,,,,,,,,,,,,,,,,,,,
